{
  "type" : "FeatureCollection", 
  "features" : [
    {
      "type" : "Feature", 
      "id" : 1, 
      "geometry" : 
      {
        "type" : "Polygon", 
        "coordinates" : 
        [
          [
            [-113.498479171476, 59.284362483342], 
            [-113.588501308289, 59.284362483342], 
            [-113.588501308289, 59.3293735517481], 
            [-113.81356564354, 59.3293735517481], 
            [-113.81356564354, 59.3743846201541], 
            [-113.948598848758, 59.3743846201541], 
            [-113.948598848758, 59.4194046817808], 
            [-114.03862098557, 59.4194046817808], 
            [-114.03862098557, 59.4644157501868], 
            [-114.083641047197, 59.4644157501868], 
            [-114.083641047197, 59.5094268185929], 
            [-114.128652115603, 59.5094268185929], 
            [-114.128652115603, 59.554437886999], 
            [-114.173663184009, 59.554437886999], 
            [-114.173663184009, 59.5994489554051], 
            [-114.218674252415, 59.5994489554051], 
            [-114.218674252415, 59.6444600238111], 
            [-114.263685320821, 59.6444600238111], 
            [-114.263685320821, 59.6894710922172], 
            [-114.308696389227, 59.6894710922172], 
            [-114.308696389227, 59.7795022222498], 
            [-114.353707457633, 59.7795022222498], 
            [-114.353707457633, 59.9145354274681], 
            [-114.398718526039, 59.9145354274681], 
            [-114.398718526039, 60.0270675950935], 
            [-112.778284090538, 60.0270675950935], 
            [-112.778284090538, 59.8245132906559], 
            [-112.823295158944, 59.8245132906559], 
            [-112.823295158944, 59.6894710922172], 
            [-112.86830622735, 59.6894710922172], 
            [-112.86830622735, 59.6444600238111], 
            [-112.913317295757, 59.6444600238111], 
            [-112.913317295757, 59.554437886999], 
            [-112.958337357383, 59.554437886999], 
            [-112.958337357383, 59.5094268185929], 
            [-113.003348425789, 59.5094268185929], 
            [-113.003348425789, 59.4644157501868], 
            [-113.093370562601, 59.4644157501868], 
            [-113.093370562601, 59.4194046817808], 
            [-113.138381631007, 59.4194046817808], 
            [-113.138381631007, 59.3743846201541], 
            [-113.273414836226, 59.3743846201541], 
            [-113.273414836226, 59.3293735517481], 
            [-113.498479171476, 59.3293735517481], 
            [-113.498479171476, 59.284362483342]
          ]
        ]
      }, 
      "properties" : {
        "OBJECTID" : 1, 
        "Id" : 1, 
        "gridcode" : 1, 
        "Timestamp" : 1786053600000, 
        "Unixtime" : 1786053600, 
        "Shape__Area" : 22459411788.265625, 
        "Shape__Length" : 688097.13861978427
      }
    }, 
    {
      "type" : "Feature", 
      "id" : 2, 
      "geometry" : 
      {
        "type" : "Polygon", 
        "coordinates" : 
        [
          [
            [-106.296528362094, 54.4005401528059], 
            [-106.611614834157, 54.4005401528059], 
            [-106.611614834157, 54.4455602144324], 
            [-106.746657032596, 54.4455602144324], 
            [-106.746657032596, 54.4905712828385], 
            [-106.881690237814, 54.4905712828385], 
            [-106.881690237814, 54.5355823512446], 
            [-106.971712374626, 54.5355823512446], 
            [-106.971712374626, 54.5805934196507], 
            [-107.061743504659, 54.5805934196507], 
            [-107.061743504659, 54.6256044880568], 
            [-107.151765641471, 54.6256044880568], 
            [-107.151765641471, 54.6706155564628], 
            [-107.196776709877, 54.6706155564628], 
            [-107.196776709877, 54.7156266248689], 
            [-107.241787778283, 54.7156266248689], 
            [-107.241787778283, 54.760637693275], 
            [-107.286798846689, 54.760637693275], 
            [-107.286798846689, 54.8056577549016], 
            [-107.331809915095, 54.8056577549016], 
            [-107.331809915095, 54.8506688233076], 
            [-107.376820983502, 54.8506688233076], 
            [-107.376820983502, 54.8956798917137], 
            [-107.421841045128, 54.8956798917137], 
            [-107.421841045128, 54.9857020285259], 
            [-107.466852113534, 54.9857020285259], 
            [-107.466852113534, 55.0307130969319], 
            [-107.51186318194, 55.0307130969319], 
            [-107.51186318194, 55.1657552953707], 
            [-107.556874250346, 55.1657552953707], 
            [-107.556874250346, 55.345799568995], 
            [-107.601885318752, 55.345799568995], 
            [-107.601885318752, 55.5258438426193], 
            [-107.556874250346, 55.5258438426193], 
            [-107.556874250346, 55.7058971094641], 
            [-107.51186318194, 55.7058971094641], 
            [-107.51186318194, 55.8409303146823], 
            [-107.466852113534, 55.8409303146823], 
            [-107.466852113534, 55.8859413830884], 
            [-107.421841045128, 55.8859413830884], 
            [-107.421841045128, 55.9759725131211], 
            [-107.376820983502, 55.9759725131211], 
            [-107.376820983502, 56.0209835815272], 
            [-107.331809915095, 56.0209835815272], 
            [-107.331809915095, 56.0659946499333], 
            [-107.286798846689, 56.0659946499333], 
            [-107.286798846689, 56.1110057183393], 
            [-107.196776709877, 56.1110057183393], 
            [-107.196776709877, 56.1560167867454], 
            [-107.151765641471, 56.1560167867454], 
            [-107.151765641471, 56.2010278551515], 
            [-107.016723443032, 56.2010278551515], 
            [-107.016723443032, 56.2460389235575], 
            [-106.836679169408, 56.2460389235575], 
            [-106.836679169408, 56.2910589851841], 
            [-106.656625902563, 56.2910589851841], 
            [-106.656625902563, 56.2460389235575], 
            [-106.476581628939, 56.2460389235575], 
            [-106.476581628939, 56.2010278551515], 
            [-106.341548423721, 56.2010278551515], 
            [-106.341548423721, 56.1560167867454], 
            [-106.296528362094, 56.1560167867454], 
            [-106.296528362094, 56.1110057183393], 
            [-106.206506225282, 56.1110057183393], 
            [-106.206506225282, 56.0659946499333], 
            [-106.161495156876, 56.0659946499333], 
            [-106.161495156876, 56.0209835815272], 
            [-106.11648408847, 56.0209835815272], 
            [-106.11648408847, 55.9759725131211], 
            [-106.071473020064, 55.9759725131211], 
            [-106.071473020064, 55.8859413830884], 
            [-106.026461951658, 55.8859413830884], 
            [-106.026461951658, 55.8409303146823], 
            [-105.981450883252, 55.8409303146823], 
            [-105.981450883252, 55.7509081778702], 
            [-105.936439814846, 55.7509081778702], 
            [-105.936439814846, 55.615874972652], 
            [-105.891419753219, 55.615874972652], 
            [-105.891419753219, 55.1207352337441], 
            [-105.936439814846, 55.1207352337441], 
            [-105.936439814846, 54.9406909601198], 
            [-105.981450883252, 54.9406909601198], 
            [-105.981450883252, 54.8506688233076], 
            [-106.026461951658, 54.8506688233076], 
            [-106.026461951658, 54.760637693275], 
            [-106.071473020064, 54.760637693275], 
            [-106.071473020064, 54.6706155564628], 
            [-106.11648408847, 54.6706155564628], 
            [-106.11648408847, 54.5805934196507], 
            [-106.161495156876, 54.5805934196507], 
            [-106.161495156876, 54.5355823512446], 
            [-106.206506225282, 54.5355823512446], 
            [-106.206506225282, 54.4905712828385], 
            [-106.251517293688, 54.4905712828385], 
            [-106.251517293688, 54.4455602144324], 
            [-106.296528362094, 54.4455602144324], 
            [-106.296528362094, 54.4005401528059]
          ]
        ]
      }, 
      "properties" : {
        "OBJECTID" : 2, 
        "Id" : 2, 
        "gridcode" : 1, 
        "Timestamp" : 1786053600000, 
        "Unixtime" : 1786053600, 
        "Shape__Area" : 53545566546.25, 
        "Shape__Length" : 1121206.4586718623
      }
    }, 
    {
      "type" : "Feature", 
      "id" : 3, 
      "geometry" : 
      {
        "type" : "Polygon", 
        "coordinates" : 
        [
          [
            [-101.705291466028, 53.9504204755246], 
            [-102.065389006497, 53.9504204755246], 
            [-102.065389006497, 53.9954315439307], 
            [-102.200422211716, 53.9954315439307], 
            [-102.200422211716, 54.0404426123368], 
            [-102.290453341748, 54.0404426123368], 
            [-102.290453341748, 54.0854626739633], 
            [-102.38047547856, 54.0854626739633], 
            [-102.38047547856, 54.1304737423694], 
            [-102.425486546967, 54.1304737423694], 
            [-102.425486546967, 54.1754848107755], 
            [-102.470497615373, 54.1754848107755], 
            [-102.470497615373, 54.2204958791815], 
            [-102.515508683779, 54.2204958791815], 
            [-102.515508683779, 54.2655069475876], 
            [-102.560519752185, 54.2655069475876], 
            [-102.560519752185, 54.3555290843998], 
            [-102.605530820591, 54.3555290843998], 
            [-102.605530820591, 54.4455602144324], 
            [-102.650550882217, 54.4455602144324], 
            [-102.650550882217, 54.6256044880568], 
            [-102.695561950623, 54.6256044880568], 
            [-102.695561950623, 54.8056577549016], 
            [-102.650550882217, 54.8056577549016], 
            [-102.650550882217, 54.9857020285259], 
            [-102.605530820591, 54.9857020285259], 
            [-102.605530820591, 55.0757241653381], 
            [-102.560519752185, 55.0757241653381], 
            [-102.560519752185, 55.1657552953707], 
            [-102.515508683779, 55.1657552953707], 
            [-102.515508683779, 55.2107663637768], 
            [-102.470497615373, 55.2107663637768], 
            [-102.470497615373, 55.2557774321828], 
            [-102.425486546967, 55.2557774321828], 
            [-102.425486546967, 55.3007885005889], 
            [-102.38047547856, 55.3007885005889], 
            [-102.38047547856, 55.345799568995], 
            [-102.335464410154, 55.345799568995], 
            [-102.335464410154, 55.3908106374011], 
            [-102.245442273342, 55.3908106374011], 
            [-102.245442273342, 55.4358217058071], 
            [-102.110400074903, 55.4358217058071], 
            [-102.110400074903, 55.4808327742132], 
            [-101.705291466028, 55.4808327742132], 
            [-101.705291466028, 55.4358217058071], 
            [-101.57025826081, 55.4358217058071], 
            [-101.57025826081, 55.3908106374011], 
            [-101.480227130777, 55.3908106374011], 
            [-101.480227130777, 55.345799568995], 
            [-101.435216062371, 55.345799568995], 
            [-101.435216062371, 55.3007885005889], 
            [-101.390204993965, 55.3007885005889], 
            [-101.390204993965, 55.2557774321828], 
            [-101.345193925559, 55.2557774321828], 
            [-101.345193925559, 55.2107663637768], 
            [-101.300182857153, 55.2107663637768], 
            [-101.300182857153, 55.1657552953707], 
            [-101.255171788747, 55.1657552953707], 
            [-101.255171788747, 55.1207352337441], 
            [-101.210160720341, 55.1207352337441], 
            [-101.210160720341, 54.9857020285259], 
            [-101.165149651935, 54.9857020285259], 
            [-101.165149651935, 54.8506688233076], 
            [-101.120129590308, 54.8506688233076], 
            [-101.120129590308, 54.5805934196507], 
            [-101.165149651935, 54.5805934196507], 
            [-101.165149651935, 54.4455602144324], 
            [-101.210160720341, 54.4455602144324], 
            [-101.210160720341, 54.3105180159938], 
            [-101.255171788747, 54.3105180159938], 
            [-101.255171788747, 54.2655069475876], 
            [-101.300182857153, 54.2655069475876], 
            [-101.300182857153, 54.2204958791815], 
            [-101.345193925559, 54.2204958791815], 
            [-101.345193925559, 54.1754848107755], 
            [-101.390204993965, 54.1754848107755], 
            [-101.390204993965, 54.1304737423694], 
            [-101.435216062371, 54.1304737423694], 
            [-101.435216062371, 54.0854626739633], 
            [-101.480227130777, 54.0854626739633], 
            [-101.480227130777, 54.0404426123368], 
            [-101.57025826081, 54.0404426123368], 
            [-101.57025826081, 53.9954315439307], 
            [-101.705291466028, 53.9954315439307], 
            [-101.705291466028, 53.9504204755246]
          ]
        ]
      }, 
      "properties" : {
        "OBJECTID" : 3, 
        "Id" : 3, 
        "gridcode" : 1, 
        "Timestamp" : 1786053600000, 
        "Unixtime" : 1786053600, 
        "Shape__Area" : 40125791428.234375, 
        "Shape__Length" : 940710.03024663217
      }
    }, 
    {
      "type" : "Feature", 
      "id" : 4, 
      "geometry" : 
      {
        "type" : "Polygon", 
        "coordinates" : 
        [
          [
            [-123.468678136986, 54.8506688233076], 
            [-122.725973025235, 54.8506688233076], 
            [-122.725973025235, 54.8056577549016], 
            [-122.500908689984, 54.8056577549016], 
            [-122.500908689984, 54.760637693275], 
            [-122.365875484766, 54.760637693275], 
            [-122.365875484766, 54.7156266248689], 
            [-122.275853347954, 54.7156266248689], 
            [-122.275853347954, 54.6706155564628], 
            [-122.185831211141, 54.6706155564628], 
            [-122.185831211141, 54.6256044880568], 
            [-122.140811149515, 54.6256044880568], 
            [-122.140811149515, 54.5805934196507], 
            [-122.095800081109, 54.5805934196507], 
            [-122.095800081109, 54.5355823512446], 
            [-122.050789012703, 54.5355823512446], 
            [-122.050789012703, 54.4905712828385], 
            [-122.005777944297, 54.4905712828385], 
            [-122.005777944297, 54.4455602144324], 
            [-121.960766875891, 54.4455602144324], 
            [-121.960766875891, 54.3555290843998], 
            [-121.915755807484, 54.3555290843998], 
            [-121.915755807484, 54.2655069475876], 
            [-121.870744739078, 54.2655069475876], 
            [-121.870744739078, 54.1304737423694], 
            [-121.825733670672, 54.1304737423694], 
            [-121.825733670672, 53.9504204755246], 
            [-121.780713609046, 53.9504204755246], 
            [-121.780713609046, 53.6353340034616], 
            [-121.947915563852, 53.6119965963659], 
            [-123.215806764071, 53.2870625478984], 
            [-123.408450539561, 53.283132510557], 
            [-123.479649865948, 53.3515349453815], 
            [-123.484443252454, 53.5865367892415], 
            [-123.437039987405, 54.0038761779434], 
            [-123.431149428004, 54.2925045954108], 
            [-123.457643455481, 54.6816412447477], 
            [-123.468678136986, 54.8506688233076]
          ]
        ]
      }, 
      "properties" : {
        "OBJECTID" : 4, 
        "Id" : 4, 
        "gridcode" : 2, 
        "Timestamp" : 1786053600000, 
        "Unixtime" : 1786053600, 
        "Shape__Area" : 44624293407.929688, 
        "Shape__Length" : 913605.98850014375
      }
    }, 
    {
      "type" : "Feature", 
      "id" : 5, 
      "geometry" : 
      {
        "type" : "Polygon", 
        "coordinates" : 
        [
          [
            [-113.138381631007, 52.8701278541172], 
            [-113.417594146653, 52.8815582373229], 
            [-113.683244885843, 52.9635943943659], 
            [-113.758563107202, 53.0714231076904], 
            [-113.891204115777, 53.4164480106672], 
            [-114.063424287601, 53.7961867446227], 
            [-114.115845769666, 53.9919062015101], 
            [-114.121448546014, 54.0858763621045], 
            [-114.054790795958, 54.2311168725457], 
            [-113.890214861527, 54.2015111907889], 
            [-113.751845171517, 54.0935835520394], 
            [-113.644133370059, 53.9623095129737], 
            [-113.532374619393, 53.8083096058037], 
            [-113.487858178112, 53.7584871644511], 
            [-113.388159336084, 53.6694003225669], 
            [-113.437918824894, 53.5307248630621], 
            [-113.378482630869, 53.4012404748681], 
            [-113.263819069994, 53.3600964912602], 
            [-113.252712442725, 53.5464450124275], 
            [-113.371180135855, 53.6908311669249], 
            [-113.17766401798, 53.8260082636705], 
            [-113.108470179755, 53.7668508594797], 
            [-113.016190744607, 53.5269836833504], 
            [-113.010758839449, 53.4359003465239], 
            [-113.037738500831, 53.3096355312548], 
            [-113.06191227743, 52.9751416894375], 
            [-113.138381631007, 52.8701278541172]
          ]
        ]
      }, 
      "properties" : {
        "OBJECTID" : 5, 
        "Id" : 5, 
        "gridcode" : 2, 
        "Timestamp" : 1786053600000, 
        "Unixtime" : 1786053600, 
        "Shape__Area" : 17623814551.039063, 
        "Shape__Length" : 793097.03743710148
      }
    }, 
    {
      "type" : "Feature", 
      "id" : 6, 
      "geometry" : 
      {
        "type" : "Polygon", 
        "coordinates" : 
        [
          [
            [-66.7308369585587, 52.149932773179], 
            [-67.0909344990279, 52.149932773179], 
            [-67.0909344990279, 52.1949438415851], 
            [-67.2259766974665, 52.1949438415851], 
            [-67.2259766974665, 52.2399639032117], 
            [-67.3159988342787, 52.2399639032117], 
            [-67.3159988342787, 52.2849749716177], 
            [-67.3610099026848, 52.2849749716177], 
            [-67.3610099026848, 52.3299860400238], 
            [-67.4060209710909, 52.3299860400238], 
            [-67.4060209710909, 52.3749971084299], 
            [-67.451032039497, 52.3749971084299], 
            [-67.451032039497, 52.4200081768359], 
            [-67.4960431079031, 52.4200081768359], 
            [-67.4960431079031, 52.465019245242], 
            [-67.5410541763091, 52.465019245242], 
            [-67.5410541763091, 52.5550413820542], 
            [-67.5860742379357, 52.5550413820542], 
            [-67.5860742379357, 52.6450725120869], 
            [-67.6310853063417, 52.6450725120869], 
            [-67.6310853063417, 53.1402032577742], 
            [-67.5860742379357, 53.1402032577742], 
            [-67.5860742379357, 53.2302253945864], 
            [-67.5410541763091, 53.2302253945864], 
            [-67.5410541763091, 53.320256524619], 
            [-67.4960431079031, 53.320256524619], 
            [-67.4960431079031, 53.3652675930251], 
            [-67.451032039497, 53.3652675930251], 
            [-67.451032039497, 53.4102786614312], 
            [-67.4060209710909, 53.4102786614312], 
            [-67.4060209710909, 53.4552897298373], 
            [-67.3610099026848, 53.4552897298373], 
            [-67.3610099026848, 53.5003007982433], 
            [-67.2709877658726, 53.5003007982433], 
            [-67.2709877658726, 53.5453118666494], 
            [-67.18095663584, 53.5453118666494], 
            [-67.18095663584, 53.5903229350555], 
            [-67.0009123622157, 53.5903229350555], 
            [-67.0009123622157, 53.6353340034616], 
            [-66.8208680885913, 53.6353340034616], 
            [-66.8208680885913, 53.5903229350555], 
            [-66.6408148217466, 53.5903229350555], 
            [-66.6408148217466, 53.5453118666494], 
            [-66.5507926849344, 53.5453118666494], 
            [-66.5507926849344, 53.5003007982433], 
            [-66.4607705481222, 53.5003007982433], 
            [-66.4607705481222, 53.4552897298373], 
            [-66.4157504864957, 53.4552897298373], 
            [-66.4157504864957, 53.4102786614312], 
            [-66.3707394180896, 53.4102786614312], 
            [-66.3707394180896, 53.3652675930251], 
            [-66.3257283496835, 53.3652675930251], 
            [-66.3257283496835, 53.2752364629924], 
            [-66.2807172812775, 53.2752364629924], 
            [-66.2807172812775, 53.2302253945864], 
            [-66.2357062128714, 53.2302253945864], 
            [-66.2357062128714, 53.0951921893681], 
            [-66.1906951444653, 53.0951921893681], 
            [-66.1906951444653, 52.6450725120869], 
            [-66.2357062128714, 52.6450725120869], 
            [-66.2357062128714, 52.5550413820542], 
            [-66.2807172812775, 52.5550413820542], 
            [-66.2807172812775, 52.465019245242], 
            [-66.3257283496835, 52.465019245242], 
            [-66.3257283496835, 52.4200081768359], 
            [-66.3707394180896, 52.4200081768359], 
            [-66.3707394180896, 52.3749971084299], 
            [-66.4157504864957, 52.3749971084299], 
            [-66.4157504864957, 52.3299860400238], 
            [-66.4607705481222, 52.3299860400238], 
            [-66.4607705481222, 52.2849749716177], 
            [-66.5057816165283, 52.2849749716177], 
            [-66.5057816165283, 52.2399639032117], 
            [-66.5958037533405, 52.2399639032117], 
            [-66.5958037533405, 52.1949438415851], 
            [-66.7308369585587, 52.1949438415851], 
            [-66.7308369585587, 52.149932773179]
          ]
        ]
      }, 
      "properties" : {
        "OBJECTID" : 6, 
        "Id" : 6, 
        "gridcode" : 1, 
        "Timestamp" : 1786053600000, 
        "Unixtime" : 1786053600, 
        "Shape__Area" : 34871670267.546875, 
        "Shape__Length" : 868911.89880134165
      }
    }, 
    {
      "type" : "Feature", 
      "id" : 7, 
      "geometry" : 
      {
        "type" : "Polygon", 
        "coordinates" : 
        [
          [
            [-123.176092702516, 52.1274317355862], 
            [-123.176092702516, 52.3749971084299], 
            [-123.221103770922, 52.3749971084299], 
            [-123.221103770922, 52.5550413820542], 
            [-123.266114839328, 52.5550413820542], 
            [-123.266114839328, 52.6450725120869], 
            [-123.311134900955, 52.6450725120869], 
            [-123.311134900955, 52.735094648899], 
            [-123.356145969361, 52.735094648899], 
            [-123.356145969361, 52.7801057173051], 
            [-123.401157037767, 52.7801057173051], 
            [-123.401157037767, 52.8251167857112], 
            [-123.491179174579, 52.8251167857112], 
            [-123.491179174579, 52.8701278541172], 
            [-123.581201311391, 52.8701278541172], 
            [-123.581201311391, 52.9151389225233], 
            [-123.71624350983, 52.9151389225233], 
            [-123.71624350983, 52.9601589841499], 
            [-123.896287783454, 52.9601589841499], 
            [-123.896287783454, 53.005170052556], 
            [-124.076341050299, 53.005170052556], 
            [-124.076341050299, 53.0501811209621], 
            [-124.256385323923, 53.0501811209621], 
            [-124.256385323923, 53.0951921893681], 
            [-124.391427522362, 53.0951921893681], 
            [-124.391427522362, 53.1402032577742], 
            [-124.481449659174, 53.1402032577742], 
            [-124.481449659174, 53.1852143261803], 
            [-124.616482864393, 53.1852143261803], 
            [-124.616482864393, 53.2302253945864], 
            [-124.706505001205, 53.2302253945864], 
            [-124.706505001205, 53.2752364629924], 
            [-124.841547199644, 53.2752364629924], 
            [-124.841547199644, 53.320256524619], 
            [-125.606753348988, 53.320256524619], 
            [-125.606753348988, 53.2752364629924], 
            [-125.921839821051, 53.2752364629924], 
            [-125.921839821051, 53.320256524619], 
            [-126.28193736152, 53.320256524619], 
            [-126.28193736152, 53.3652675930251], 
            [-126.552003771956, 53.3652675930251], 
            [-126.552003771956, 53.4102786614312], 
            [-126.777068107207, 53.4102786614312], 
            [-126.777068107207, 53.4552897298373], 
            [-126.957112380832, 53.4552897298373], 
            [-126.957112380832, 53.5003007982433], 
            [-127.182176716083, 53.5003007982433], 
            [-127.182176716083, 53.5453118666494], 
            [-127.632296393364, 53.5453118666494], 
            [-127.632296393364, 53.5003007982433], 
            [-127.722327523396, 53.5003007982433], 
            [-127.722327523396, 53.4552897298373], 
            [-127.812349660209, 53.4552897298373], 
            [-127.812349660209, 53.4102786614312], 
            [-127.902371797021, 53.4102786614312], 
            [-127.902371797021, 53.3652675930251], 
            [-127.992393933833, 53.3652675930251], 
            [-127.992393933833, 53.320256524619], 
            [-128.037405002239, 53.320256524619], 
            [-128.037405002239, 53.2752364629924], 
            [-128.172447200678, 53.2752364629924], 
            [-128.172447200678, 53.2302253945864], 
            [-128.26246933749, 53.2302253945864], 
            [-128.26246933749, 53.1852143261803], 
            [-128.442522604335, 53.1852143261803], 
            [-128.442522604335, 53.1402032577742], 
            [-128.712589014771, 53.1402032577742], 
            [-128.712589014771, 53.1852143261803], 
            [-128.892642281616, 53.1852143261803], 
            [-128.892642281616, 53.2302253945864], 
            [-128.982664418428, 53.2302253945864], 
            [-128.982664418428, 53.2752364629924], 
            [-129.07268655524, 53.2752364629924], 
            [-129.07268655524, 53.320256524619], 
            [-129.162708692052, 53.320256524619], 
            [-129.162708692052, 53.3652675930251], 
            [-129.207728753679, 53.3652675930251], 
            [-129.207728753679, 53.4102786614312], 
            [-129.252739822085, 53.4102786614312], 
            [-129.252739822085, 53.4552897298373], 
            [-129.297750890491, 53.4552897298373], 
            [-129.297750890491, 53.5453118666494], 
            [-129.342761958897, 53.5453118666494], 
            [-129.342761958897, 53.5903229350555], 
            [-129.387773027303, 53.5903229350555], 
            [-129.387773027303, 53.6803450718676], 
            [-129.432784095709, 53.6803450718676], 
            [-129.432784095709, 53.8153872703064], 
            [-129.477795164115, 53.8153872703064], 
            [-129.477795164115, 54.0404426123368], 
            [-129.522806232522, 54.0404426123368], 
            [-129.522806232522, 54.2204958791815], 
            [-129.477795164115, 54.2204958791815], 
            [-129.477795164115, 54.4905712828385], 
            [-129.432784095709, 54.4905712828385], 
            [-129.432784095709, 54.6256044880568], 
            [-129.387773027303, 54.6256044880568], 
            [-129.387773027303, 54.760637693275], 
            [-129.342761958897, 54.760637693275], 
            [-129.342761958897, 54.8056577549016], 
            [-129.297750890491, 54.8056577549016], 
            [-129.297750890491, 54.8956798917137], 
            [-129.252739822085, 54.8956798917137], 
            [-129.252739822085, 54.9406909601198], 
            [-129.207728753679, 54.9406909601198], 
            [-129.207728753679, 54.9857020285259], 
            [-129.162708692052, 54.9857020285259], 
            [-129.162708692052, 55.0307130969319], 
            [-129.117697623646, 55.0307130969319], 
            [-129.117697623646, 55.0757241653381], 
            [-129.07268655524, 55.0757241653381], 
            [-129.07268655524, 55.1207352337441], 
            [-129.027675486834, 55.1207352337441], 
            [-129.027675486834, 55.1657552953707], 
            [-128.937653350022, 55.1657552953707], 
            [-128.937653350022, 55.2107663637768], 
            [-128.802611151583, 55.2107663637768], 
            [-128.802611151583, 55.2557774321828], 
            [-128.577555809553, 55.2557774321828], 
            [-128.577555809553, 55.3007885005889], 
            [-128.487533672741, 55.3007885005889], 
            [-128.487533672741, 55.2557774321828], 
            [-128.217458269084, 55.2557774321828], 
            [-128.217458269084, 55.2107663637768], 
            [-128.082425063866, 55.2107663637768], 
            [-128.082425063866, 55.1657552953707], 
            [-127.947382865427, 55.1657552953707], 
            [-127.947382865427, 55.1207352337441], 
            [-127.812349660209, 55.1207352337441], 
            [-127.812349660209, 55.0757241653381], 
            [-127.632296393364, 55.0757241653381], 
            [-127.632296393364, 55.0307130969319], 
            [-127.542274256552, 55.0307130969319], 
            [-127.542274256552, 55.0757241653381], 
            [-127.317209921301, 55.0757241653381], 
            [-127.317209921301, 55.1207352337441], 
            [-127.137165647676, 55.1207352337441], 
            [-127.137165647676, 55.1657552953707], 
            [-127.002132442458, 55.1657552953707], 
            [-127.002132442458, 55.2107663637768], 
            [-126.687045970395, 55.2107663637768], 
            [-126.687045970395, 55.2557774321828], 
            [-126.461981635144, 55.2557774321828], 
            [-126.461981635144, 55.2107663637768], 
            [-126.056873026269, 55.2107663637768], 
            [-126.056873026269, 55.1657552953707], 
            [-125.831808691018, 55.1657552953707], 
            [-125.831808691018, 55.1207352337441], 
            [-125.606753348988, 55.1207352337441], 
            [-125.606753348988, 55.0757241653381], 
            [-125.471711150549, 55.0757241653381], 
            [-125.471711150549, 55.0307130969319], 
            [-125.336677945331, 55.0307130969319], 
            [-125.336677945331, 54.9857020285259], 
            [-125.201644740113, 54.9857020285259], 
            [-125.201644740113, 54.9406909601198], 
            [-125.11161361008, 54.9406909601198], 
            [-125.11161361008, 54.8956798917137], 
            [-124.976580404862, 54.8956798917137], 
            [-124.976580404862, 54.8506688233076], 
            [-124.30139639233, 54.8506688233076], 
            [-124.30139639233, 54.8956798917137], 
            [-123.626212379797, 54.8956798917137], 
            [-123.626212379797, 54.8506688233076], 
            [-123.468678136986, 54.8506688233076], 
            [-123.457643455481, 54.6816412447477], 
            [-123.431149428004, 54.2925045954108], 
            [-123.437039987405, 54.0038761779434], 
            [-123.484443252454, 53.5865367892415], 
            [-123.479649865948, 53.3515349453815], 
            [-123.408450539561, 53.283132510557], 
            [-123.215806764071, 53.2870625478984], 
            [-121.947915563852, 53.6119965963659], 
            [-121.780713609046, 53.6353340034616], 
            [-121.780713609046, 53.320256524619], 
            [-121.73570254064, 53.320256524619], 
            [-121.73570254064, 53.1852143261803], 
            [-121.690691472234, 53.1852143261803], 
            [-121.690691472234, 53.0951921893681], 
            [-121.645680403827, 53.0951921893681], 
            [-121.645680403827, 53.005170052556], 
            [-121.600669335421, 53.005170052556], 
            [-121.600669335421, 52.9601589841499], 
            [-121.555658267015, 52.9601589841499], 
            [-121.555658267015, 52.9151389225233], 
            [-121.510647198609, 52.9151389225233], 
            [-121.510647198609, 52.8251167857112], 
            [-121.553562846648, 52.7770839952303], 
            [-121.663594898985, 52.7172970656072], 
            [-122.120333586526, 52.5914729181408], 
            [-122.42119278382, 52.4758201030155], 
            [-122.704578153759, 52.3174315042606], 
            [-122.952791038476, 52.1639891767592], 
            [-123.074181528255, 52.1380527289504], 
            [-123.176092702516, 52.1274317355862]
          ]
        ]
      }, 
      "properties" : {
        "OBJECTID" : 7, 
        "Id" : 7, 
        "gridcode" : 1, 
        "Timestamp" : 1786053600000, 
        "Unixtime" : 1786053600, 
        "Shape__Area" : 261787211265.98438, 
        "Shape__Length" : 3242908.196862265
      }
    }, 
    {
      "type" : "Feature", 
      "id" : 8, 
      "geometry" : 
      {
        "type" : "Polygon", 
        "coordinates" : 
        [
          [
            [-118.359791471199, 51.4747577538673], 
            [-118.329898006388, 51.4596311570523], 
            [-118.314780402793, 51.4297376922408], 
            [-118.359791471199, 51.4297376922408], 
            [-118.359791471199, 51.4747577538673]
          ]
        ]
      }, 
      "properties" : {
        "OBJECTID" : 8, 
        "Id" : 8, 
        "gridcode" : 4, 
        "Timestamp" : 1786053600000, 
        "Unixtime" : 1786053600, 
        "Shape__Area" : 26757234.9609375, 
        "Shape__Length" : 22938.061798317787
      }
    }, 
    {
      "type" : "Feature", 
      "id" : 9, 
      "geometry" : 
      {
        "type" : "Polygon", 
        "coordinates" : 
        [
          [
            [-113.836066681132, 50.7095426113025], 
            [-113.978950967813, 50.7207301775557], 
            [-114.045860528041, 50.7723782426618], 
            [-114.070933626685, 50.9420623263154], 
            [-113.938742279133, 51.0569417244811], 
            [-113.85398117629, 51.0333165343306], 
            [-113.785120087222, 50.9801666014076], 
            [-113.749390022332, 50.8576429658503], 
            [-113.778357185436, 50.7868663208241], 
            [-113.836066681132, 50.7095426113025]
          ]
        ]
      }, 
      "properties" : {
        "OBJECTID" : 9, 
        "Id" : 9, 
        "gridcode" : 2, 
        "Timestamp" : 1786053600000, 
        "Unixtime" : 1786053600, 
        "Shape__Area" : 1615239132.34375, 
        "Shape__Length" : 155295.64691168611
      }
    }, 
    {
      "type" : "Feature", 
      "id" : 10, 
      "geometry" : 
      {
        "type" : "Polygon", 
        "coordinates" : 
        [
          [
            [-116.131694122386, 50.5745094060843], 
            [-116.131694122386, 50.5970194368976], 
            [-116.109184091573, 50.5970194368976], 
            [-116.109184091573, 50.5745094060843], 
            [-116.131694122386, 50.5745094060843]
          ]
        ]
      }, 
      "properties" : {
        "OBJECTID" : 10, 
        "Id" : 10, 
        "gridcode" : 4, 
        "Timestamp" : 1786053600000, 
        "Unixtime" : 1786053600, 
        "Shape__Area" : 9889490.203125, 
        "Shape__Length" : 12904.873812833801
      }
    }, 
    {
      "type" : "Feature", 
      "id" : 11, 
      "geometry" : 
      {
        "type" : "Polygon", 
        "coordinates" : 
        [
          [
            [-120.407844546389, 50.0568686295837], 
            [-120.597286735394, 50.0685058568599], 
            [-120.740036123768, 50.1322048373834], 
            [-120.863980688158, 50.238981343914], 
            [-121.040445660039, 50.4523095264636], 
            [-121.114028189849, 50.6526874715496], 
            [-121.131546983307, 50.8707191084002], 
            [-121.079323352091, 51.0441623582063], 
            [-120.954425506332, 51.2435780287032], 
            [-120.735017906751, 51.4394143974566], 
            [-120.535467337947, 51.527997618995], 
            [-120.286786805766, 51.5479805548588], 
            [-120.028465541252, 51.4499544518366], 
            [-119.877685207007, 51.3416760774891], 
            [-119.767257452969, 51.1437712680297], 
            [-119.789407754964, 50.8128567279557], 
            [-119.861560362721, 50.5732143823379], 
            [-119.959649418286, 50.4030806376614], 
            [-120.087317175947, 50.2548903509091], 
            [-120.268260771617, 50.1266020610364], 
            [-120.397430397095, 50.0689645111034], 
            [-120.407844546389, 50.0568686295837]
          ]
        ]
      }, 
      "properties" : {
        "OBJECTID" : 11, 
        "Id" : 11, 
        "gridcode" : 5, 
        "Timestamp" : 1786053600000, 
        "Unixtime" : 1786053600, 
        "Shape__Area" : 29959206093.320313, 
        "Shape__Length" : 656370.452869102
      }
    }, 
    {
      "type" : "Feature", 
      "id" : 12, 
      "geometry" : 
      {
        "type" : "Polygon", 
        "coordinates" : 
        [
          [
            [-124.211374255517, 49.4041946478648], 
            [-124.193189963746, 49.4401495432669], 
            [-124.121352118705, 49.4492057162708], 
            [-124.139536410477, 49.4132508208688], 
            [-124.211374255517, 49.4041946478648]
          ]
        ]
      }, 
      "properties" : {
        "OBJECTID" : 12, 
        "Id" : 12, 
        "gridcode" : 1, 
        "Timestamp" : 1786053600000, 
        "Unixtime" : 1786053600, 
        "Shape__Area" : 46073173.6328125, 
        "Shape__Length" : 29247.701754402784
      }
    }, 
    {
      "type" : "Feature", 
      "id" : 13, 
      "geometry" : 
      {
        "type" : "Polygon", 
        "coordinates" : 
        [
          [
            [-108.637166871754, 49.4266956854576], 
            [-108.637166871754, 49.494216784677], 
            [-108.68217794016, 49.494216784677], 
            [-108.68217794016, 49.6292589831157], 
            [-108.727189008566, 49.6292589831157], 
            [-108.727189008566, 49.7642921883339], 
            [-108.772200076972, 49.7642921883339], 
            [-108.772200076972, 49.9443364619582], 
            [-108.817211145378, 49.9443364619582], 
            [-108.817211145378, 50.3044340024273], 
            [-108.772200076972, 50.3044340024273], 
            [-108.772200076972, 50.4844872692722], 
            [-108.727189008566, 50.4844872692722], 
            [-108.727189008566, 50.5745094060843], 
            [-108.68217794016, 50.5745094060843], 
            [-108.68217794016, 50.6645315428965], 
            [-108.637166871754, 50.6645315428965], 
            [-108.637166871754, 50.7545626729291], 
            [-108.592155803348, 50.7545626729291], 
            [-108.592155803348, 50.7995737413352], 
            [-108.547144734942, 50.7995737413352], 
            [-108.547144734942, 50.8445848097413], 
            [-108.502124673315, 50.8445848097413], 
            [-108.502124673315, 50.8895958781474], 
            [-108.457113604909, 50.8895958781474], 
            [-108.457113604909, 50.9346069465534], 
            [-108.412102536503, 50.9346069465534], 
            [-108.412102536503, 50.9796180149595], 
            [-108.367091468097, 50.9796180149595], 
            [-108.367091468097, 51.0246290833656], 
            [-108.322080399691, 51.0246290833656], 
            [-108.322080399691, 51.0696401517717], 
            [-108.232058262878, 51.0696401517717], 
            [-108.232058262878, 51.1146602133982], 
            [-108.187047194472, 51.1146602133982], 
            [-108.187047194472, 51.1596712818043], 
            [-108.09701606444, 51.1596712818043], 
            [-108.09701606444, 51.2046823502104], 
            [-108.052004996034, 51.2046823502104], 
            [-108.052004996034, 51.2496934186165], 
            [-107.961982859222, 51.2496934186165], 
            [-107.961982859222, 51.2947044870225], 
            [-107.871960722409, 51.2947044870225], 
            [-107.871960722409, 51.3397155554286], 
            [-107.826949654003, 51.3397155554286], 
            [-107.826949654003, 51.3847266238347], 
            [-107.781938585597, 51.3847266238347], 
            [-107.781938585597, 51.4297376922408], 
            [-107.736918523971, 51.4297376922408], 
            [-107.736918523971, 51.4747577538673], 
            [-107.691907455565, 51.4747577538673], 
            [-107.691907455565, 51.5647798906795], 
            [-107.646896387159, 51.5647798906795], 
            [-107.646896387159, 51.834846301116], 
            [-107.601885318752, 51.834846301116], 
            [-107.601885318752, 52.1949438415851], 
            [-107.556874250346, 52.1949438415851], 
            [-107.556874250346, 52.3749971084299], 
            [-107.51186318194, 52.3749971084299], 
            [-107.51186318194, 52.465019245242], 
            [-107.466852113534, 52.465019245242], 
            [-107.466852113534, 52.5550413820542], 
            [-107.421841045128, 52.5550413820542], 
            [-107.421841045128, 52.6450725120869], 
            [-107.376820983502, 52.6450725120869], 
            [-107.376820983502, 52.735094648899], 
            [-107.331809915095, 52.735094648899], 
            [-107.331809915095, 52.7801057173051], 
            [-107.286798846689, 52.7801057173051], 
            [-107.286798846689, 52.8251167857112], 
            [-107.241787778283, 52.8251167857112], 
            [-107.241787778283, 52.9151389225233], 
            [-107.196776709877, 52.9151389225233], 
            [-107.196776709877, 52.9601589841499], 
            [-107.151765641471, 52.9601589841499], 
            [-107.151765641471, 53.005170052556], 
            [-107.106754573065, 53.005170052556], 
            [-107.106754573065, 53.0501811209621], 
            [-107.061743504659, 53.0501811209621], 
            [-107.061743504659, 53.0951921893681], 
            [-107.016723443032, 53.0951921893681], 
            [-107.016723443032, 53.1402032577742], 
            [-106.971712374626, 53.1402032577742], 
            [-106.971712374626, 53.2302253945864], 
            [-106.92670130622, 53.2302253945864], 
            [-106.92670130622, 53.2752364629924], 
            [-106.881690237814, 53.2752364629924], 
            [-106.881690237814, 53.320256524619], 
            [-106.836679169408, 53.320256524619], 
            [-106.836679169408, 53.4102786614312], 
            [-106.791668101002, 53.4102786614312], 
            [-106.791668101002, 53.5003007982433], 
            [-106.746657032596, 53.5003007982433], 
            [-106.746657032596, 53.5903229350555], 
            [-106.70164596419, 53.5903229350555], 
            [-106.70164596419, 53.6353340034616], 
            [-106.656625902563, 53.6353340034616], 
            [-106.656625902563, 53.7253651334942], 
            [-106.611614834157, 53.7253651334942], 
            [-106.611614834157, 53.8153872703064], 
            [-106.566603765751, 53.8153872703064], 
            [-106.566603765751, 53.9054094071186], 
            [-106.521592697345, 53.9054094071186], 
            [-106.521592697345, 53.9504204755246], 
            [-106.476581628939, 53.9504204755246], 
            [-106.476581628939, 53.9954315439307], 
            [-106.431570560533, 53.9954315439307], 
            [-106.431570560533, 54.0854626739633], 
            [-106.386559492127, 54.0854626739633], 
            [-106.386559492127, 54.1304737423694], 
            [-106.341548423721, 54.1304737423694], 
            [-106.341548423721, 54.1754848107755], 
            [-106.296528362094, 54.1754848107755], 
            [-106.296528362094, 54.2204958791815], 
            [-105.846408684813, 54.2204958791815], 
            [-105.846408684813, 54.1754848107755], 
            [-105.711375479595, 54.1754848107755], 
            [-105.711375479595, 54.1304737423694], 
            [-105.576342274376, 54.1304737423694], 
            [-105.576342274376, 54.0854626739633], 
            [-105.486311144344, 54.0854626739633], 
            [-105.486311144344, 54.0404426123368], 
            [-105.441300075938, 54.0404426123368], 
            [-105.441300075938, 53.9954315439307], 
            [-105.351277939126, 53.9954315439307], 
            [-105.351277939126, 53.9504204755246], 
            [-105.306266870719, 53.9504204755246], 
            [-105.306266870719, 53.9054094071186], 
            [-105.261255802313, 53.9054094071186], 
            [-105.261255802313, 53.8603983387125], 
            [-105.216244733907, 53.8603983387125], 
            [-105.216244733907, 53.8153872703064], 
            [-105.171224672281, 53.8153872703064], 
            [-105.171224672281, 53.7703762019003], 
            [-105.126213603875, 53.7703762019003], 
            [-105.126213603875, 53.7253651334942], 
            [-105.081202535469, 53.7253651334942], 
            [-105.081202535469, 53.6353340034616], 
            [-105.036191467063, 53.6353340034616], 
            [-105.036191467063, 53.5453118666494], 
            [-104.991180398656, 53.5453118666494], 
            [-104.991180398656, 53.4552897298373], 
            [-104.94616933025, 53.4552897298373], 
            [-104.94616933025, 52.9151389225233], 
            [-104.991180398656, 52.9151389225233], 
            [-104.991180398656, 52.7801057173051], 
            [-105.036191467063, 52.7801057173051], 
            [-105.036191467063, 52.6900835804929], 
            [-105.081202535469, 52.6900835804929], 
            [-105.081202535469, 52.6450725120869], 
            [-105.126213603875, 52.6450725120869], 
            [-105.126213603875, 52.5550413820542], 
            [-105.171224672281, 52.5550413820542], 
            [-105.171224672281, 52.5100303136481], 
            [-105.216244733907, 52.5100303136481], 
            [-105.216244733907, 52.465019245242], 
            [-105.261255802313, 52.465019245242], 
            [-105.261255802313, 52.3749971084299], 
            [-105.306266870719, 52.3749971084299], 
            [-105.306266870719, 52.3299860400238], 
            [-105.351277939126, 52.3299860400238], 
            [-105.351277939126, 52.2849749716177], 
            [-105.396289007532, 52.2849749716177], 
            [-105.396289007532, 52.2399639032117], 
            [-105.441300075938, 52.2399639032117], 
            [-105.441300075938, 52.1949438415851], 
            [-105.486311144344, 52.1949438415851], 
            [-105.486311144344, 52.149932773179], 
            [-105.53132221275, 52.149932773179], 
            [-105.53132221275, 52.104921704773], 
            [-105.576342274376, 52.104921704773], 
            [-105.576342274376, 52.0599106363668], 
            [-105.621353342782, 52.0599106363668], 
            [-105.621353342782, 51.9698884995547], 
            [-105.666364411189, 51.9698884995547], 
            [-105.666364411189, 51.9248774311486], 
            [-105.711375479595, 51.9248774311486], 
            [-105.711375479595, 51.834846301116], 
            [-105.756386548001, 51.834846301116], 
            [-105.756386548001, 51.7898352327099], 
            [-105.801397616407, 51.7898352327099], 
            [-105.801397616407, 51.7448241643038], 
            [-105.846408684813, 51.7448241643038], 
            [-105.846408684813, 51.6548020274916], 
            [-105.891419753219, 51.6548020274916], 
            [-105.891419753219, 51.6097909590856], 
            [-105.936439814846, 51.6097909590856], 
            [-105.936439814846, 51.5647798906795], 
            [-105.981450883252, 51.5647798906795], 
            [-105.981450883252, 51.5197688222734], 
            [-106.026461951658, 51.5197688222734], 
            [-106.026461951658, 51.4747577538673], 
            [-106.071473020064, 51.4747577538673], 
            [-106.071473020064, 51.4297376922408], 
            [-106.11648408847, 51.4297376922408], 
            [-106.11648408847, 51.3847266238347], 
            [-106.161495156876, 51.3847266238347], 
            [-106.161495156876, 51.3397155554286], 
            [-106.206506225282, 51.3397155554286], 
            [-106.206506225282, 51.2947044870225], 
            [-106.296528362094, 51.2947044870225], 
            [-106.296528362094, 51.2496934186165], 
            [-106.341548423721, 51.2496934186165], 
            [-106.341548423721, 51.2046823502104], 
            [-106.431570560533, 51.2046823502104], 
            [-106.431570560533, 51.1596712818043], 
            [-106.521592697345, 51.1596712818043], 
            [-106.521592697345, 51.1146602133982], 
            [-106.566603765751, 51.1146602133982], 
            [-106.566603765751, 51.0696401517717], 
            [-106.656625902563, 51.0696401517717], 
            [-106.656625902563, 51.0246290833656], 
            [-106.70164596419, 51.0246290833656], 
            [-106.70164596419, 50.9796180149595], 
            [-106.746657032596, 50.9796180149595], 
            [-106.746657032596, 50.9346069465534], 
            [-106.791668101002, 50.9346069465534], 
            [-106.791668101002, 50.8445848097413], 
            [-106.836679169408, 50.8445848097413], 
            [-106.836679169408, 50.124389728803], 
            [-106.881690237814, 50.124389728803], 
            [-106.881690237814, 49.6742700515217], 
            [-106.97021950003, 49.6195373117976], 
            [-107.161532278892, 49.5155756832713], 
            [-107.408495105964, 49.4205623091034], 
            [-107.687015143634, 49.3710636236873], 
            [-108.26644833792, 49.3923056104157], 
            [-108.490244629086, 49.4160836853139], 
            [-108.637166871754, 49.4266956854576]
          ]
        ]
      }, 
      "properties" : {
        "OBJECTID" : 13, 
        "Id" : 13, 
        "gridcode" : 1, 
        "Timestamp" : 1786053600000, 
        "Unixtime" : 1786053600, 
        "Shape__Area" : 175508496261.79688, 
        "Shape__Length" : 2564650.37477268
      }
    }, 
    {
      "type" : "Feature", 
      "id" : 14, 
      "geometry" : 
      {
        "type" : "Polygon", 
        "coordinates" : 
        [
          [
            [-123.311134900955, 49.2691614426465], 
            [-123.311134900955, 49.2916624802394], 
            [-123.288624870142, 49.2916624802394], 
            [-123.288624870142, 49.2691614426465], 
            [-123.311134900955, 49.2691614426465]
          ]
        ]
      }, 
      "properties" : {
        "OBJECTID" : 14, 
        "Id" : 14, 
        "gridcode" : 3, 
        "Timestamp" : 1786053600000, 
        "Unixtime" : 1786053600, 
        "Shape__Area" : 9621335.78125, 
        "Shape__Length" : 12690.847261473536
      }
    }, 
    {
      "type" : "Feature", 
      "id" : 15, 
      "geometry" : 
      {
        "type" : "Polygon", 
        "coordinates" : 
        [
          [
            [-123.71624350983, 49.4041946478648], 
            [-123.726657659124, 49.4387915669773], 
            [-123.75450066967, 49.6182692677126], 
            [-123.740291381342, 49.7950490023097], 
            [-123.67525241097, 49.9721704792843], 
            [-123.55521090426, 50.0672827788772], 
            [-123.29287866342, 49.995489899939], 
            [-123.052292029653, 49.9071405021326], 
            [-122.853173135432, 49.7960472497808], 
            [-122.828091043567, 49.6801246380417], 
            [-122.885189000272, 49.6309317221214], 
            [-122.950425821494, 49.5552088058418], 
            [-123.184879078906, 49.5019509542732], 
            [-123.215240191182, 49.3355044299855], 
            [-123.266114839328, 49.2916624802394], 
            [-123.275926442851, 49.3043609075299], 
            [-123.481376564277, 49.3239751213549], 
            [-123.632327769711, 49.3899403934345], 
            [-123.71624350983, 49.4041946478648]
          ]
        ]
      }, 
      "properties" : {
        "OBJECTID" : 15, 
        "Id" : 15, 
        "gridcode" : 3, 
        "Timestamp" : 1786053600000, 
        "Unixtime" : 1786053600, 
        "Shape__Area" : 9097390706.3203125, 
        "Shape__Length" : 378783.30327130569
      }
    }, 
    {
      "type" : "Feature", 
      "id" : 16, 
      "geometry" : 
      {
        "type" : "Polygon", 
        "coordinates" : 
        [
          [
            [-125.921839821051, 49.2466514118333], 
            [-125.921839821051, 49.2691614426465], 
            [-125.966850889457, 49.2691614426465], 
            [-125.966850889457, 49.4041946478648], 
            [-126.011861957863, 49.4041946478648], 
            [-126.011861957863, 49.539227853083], 
            [-126.056873026269, 49.539227853083], 
            [-126.056873026269, 49.7642921883339], 
            [-126.101884094675, 49.7642921883339], 
            [-126.101884094675, 50.079378660397], 
            [-126.056873026269, 50.079378660397], 
            [-126.056873026269, 50.2594229340212], 
            [-126.011861957863, 50.2594229340212], 
            [-126.011861957863, 50.3494450708334], 
            [-125.966850889457, 50.3494450708334], 
            [-125.966850889457, 50.4394762008661], 
            [-125.921839821051, 50.4394762008661], 
            [-125.921839821051, 50.5294983376782], 
            [-125.876828752645, 50.5294983376782], 
            [-125.876828752645, 50.5745094060843], 
            [-125.831808691018, 50.5745094060843], 
            [-125.831808691018, 50.6195204744904], 
            [-125.786797622612, 50.6195204744904], 
            [-125.786797622612, 50.6645315428965], 
            [-125.741786554206, 50.6645315428965], 
            [-125.741786554206, 50.7095426113025], 
            [-125.651764417394, 50.7095426113025], 
            [-125.651764417394, 50.7545626729291], 
            [-125.606753348988, 50.7545626729291], 
            [-125.606753348988, 50.7995737413352], 
            [-125.516731212176, 50.7995737413352], 
            [-125.516731212176, 50.8445848097413], 
            [-125.381689013737, 50.8445848097413], 
            [-125.381689013737, 50.8895958781474], 
            [-125.156633671707, 50.8895958781474], 
            [-125.156633671707, 50.9346069465534], 
            [-124.661493932799, 50.9346069465534], 
            [-124.569924962067, 50.7013497874628], 
            [-124.516046578287, 50.404186803778], 
            [-124.541731215923, 50.0998202505042], 
            [-124.651970112331, 49.9238049396463], 
            [-124.706505001205, 49.8768243559593], 
            [-124.718376052213, 49.9230585023481], 
            [-124.829927958808, 49.8980483562467], 
            [-124.927522387248, 49.9390394551069], 
            [-125.044982839686, 49.9127073055977], 
            [-125.022823544471, 50.0115787713433], 
            [-125.11161361008, 50.0343675919909], 
            [-125.121623064453, 49.9993569847371], 
            [-125.149412115677, 49.9520886179954], 
            [-124.982524923586, 49.8185482873736], 
            [-124.88655826805, 49.7642921883339], 
            [-124.932900333084, 49.7142718961312], 
            [-125.32222584005, 49.4954038897778], 
            [-125.734223255799, 49.3060516329766], 
            [-125.921839821051, 49.2466514118333]
          ], 
          [
            [-125.121254342414, 50.1085166946898], 
            [-125.141884790151, 50.0503125718678], 
            [-125.11161361008, 50.0343675919909], 
            [-125.121254342414, 50.1085166946898]
          ]
        ]
      }, 
      "properties" : {
        "OBJECTID" : 16, 
        "Id" : 16, 
        "gridcode" : 1, 
        "Timestamp" : 1786053600000, 
        "Unixtime" : 1786053600, 
        "Shape__Area" : 35455058748.742188, 
        "Shape__Length" : 973256.75993285747
      }
    }, 
    {
      "type" : "Feature", 
      "id" : 17, 
      "geometry" : 
      {
        "type" : "Polygon", 
        "coordinates" : 
        [
          [
            [-122.815995162047, 49.22414138102], 
            [-122.890243190171, 49.266535422272], 
            [-122.931081404283, 49.3606944404961], 
            [-122.961244665709, 49.3243798162756], 
            [-122.985832130448, 49.3039562126092], 
            [-123.041922846462, 49.2364351133899], 
            [-123.065287233219, 49.324172972205], 
            [-122.996048428892, 49.4364173567757], 
            [-122.917492648167, 49.3914242748105], 
            [-122.837030304705, 49.4216594819996], 
            [-122.784132181955, 49.3777186068283], 
            [-122.777288341184, 49.3106111957501], 
            [-122.815995162047, 49.22414138102]
          ]
        ]
      }, 
      "properties" : {
        "OBJECTID" : 17, 
        "Id" : 17, 
        "gridcode" : 3, 
        "Timestamp" : 1786053600000, 
        "Unixtime" : 1786053600, 
        "Shape__Area" : 645131041.9921875, 
        "Shape__Length" : 146560.45909172046
      }
    }, 
    {
      "type" : "Feature", 
      "id" : 18, 
      "geometry" : 
      {
        "type" : "Polygon", 
        "coordinates" : 
        [
          [
            [-124.278895354737, 49.3591835794587], 
            [-124.131604390031, 49.3775837085214], 
            [-124.088832633519, 49.3241819654255], 
            [-124.041330443045, 49.3041630566798], 
            [-124.02132052752, 49.2791619037989], 
            [-123.951308306233, 49.2591519882737], 
            [-123.918797814268, 49.2466514118333], 
            [-123.930605912733, 49.1771338176716], 
            [-123.999413042478, 49.0879930164646], 
            [-124.136020061277, 49.0342944970935], 
            [-124.263427015544, 49.0923367419472], 
            [-124.301360419448, 49.222423675912], 
            [-124.278895354737, 49.3591835794587]
          ]
        ]
      }, 
      "properties" : {
        "OBJECTID" : 18, 
        "Id" : 18, 
        "gridcode" : 1, 
        "Timestamp" : 1786053600000, 
        "Unixtime" : 1786053600, 
        "Shape__Area" : 1699672540.140625, 
        "Shape__Length" : 160741.92771238991
      }
    }, 
    {
      "type" : "Feature", 
      "id" : 19, 
      "geometry" : 
      {
        "type" : "Polygon", 
        "coordinates" : 
        [
          [
            [-96.6189148310546, 48.8640438405509], 
            [-97.2940988435867, 48.8640438405509], 
            [-97.2940988435867, 48.9090639021774], 
            [-97.4741521104315, 48.9090639021774], 
            [-97.4741521104315, 48.9540749705835], 
            [-97.6091853156498, 48.9540749705835], 
            [-97.6091853156498, 48.9990860389896], 
            [-97.6992074524619, 48.9990860389896], 
            [-97.6992074524619, 49.0440971073957], 
            [-97.789229589274, 49.0440971073957], 
            [-97.789229589274, 49.0891081758017], 
            [-97.8792607193067, 49.0891081758017], 
            [-97.8792607193067, 49.1341192442078], 
            [-97.9692828561189, 49.1341192442078], 
            [-97.9692828561189, 49.1791303126139], 
            [-98.014293924525, 49.1791303126139], 
            [-98.014293924525, 49.22414138102], 
            [-98.059304992931, 49.22414138102], 
            [-98.059304992931, 49.2691614426465], 
            [-98.1043160613371, 49.2691614426465], 
            [-98.1043160613371, 49.3141725110526], 
            [-98.1943471913697, 49.3141725110526], 
            [-98.1943471913697, 49.3591835794587], 
            [-98.2393582597758, 49.3591835794587], 
            [-98.2393582597758, 49.4492057162708], 
            [-98.2843693281819, 49.4492057162708], 
            [-98.2843693281819, 49.494216784677], 
            [-98.329380396588, 49.494216784677], 
            [-98.329380396588, 49.539227853083], 
            [-98.3743914649941, 49.539227853083], 
            [-98.3743914649941, 49.6292589831157], 
            [-98.4194025334002, 49.6292589831157], 
            [-98.4194025334002, 49.6742700515217], 
            [-98.4644136018062, 49.6742700515217], 
            [-98.4644136018062, 50.0343675919909], 
            [-98.4194025334002, 50.0343675919909], 
            [-98.4194025334002, 50.124389728803], 
            [-98.3743914649941, 50.124389728803], 
            [-98.3743914649941, 50.2144118656152], 
            [-98.329380396588, 50.2144118656152], 
            [-98.329380396588, 50.2594229340212], 
            [-98.2843693281819, 50.2594229340212], 
            [-98.2843693281819, 50.3044340024273], 
            [-98.2393582597758, 50.3044340024273], 
            [-98.2393582597758, 50.3494450708334], 
            [-98.1943471913697, 50.3494450708334], 
            [-98.1943471913697, 50.39446513246], 
            [-98.1493271297432, 50.39446513246], 
            [-98.1493271297432, 50.4394762008661], 
            [-98.1043160613371, 50.4394762008661], 
            [-98.1043160613371, 50.4844872692722], 
            [-98.059304992931, 50.4844872692722], 
            [-98.059304992931, 50.5294983376782], 
            [-98.014293924525, 50.5294983376782], 
            [-98.014293924525, 50.5745094060843], 
            [-97.9242717877128, 50.5745094060843], 
            [-97.9242717877128, 50.6195204744904], 
            [-97.8792607193067, 50.6195204744904], 
            [-97.8792607193067, 50.6645315428965], 
            [-97.789229589274, 50.6645315428965], 
            [-97.789229589274, 50.7095426113025], 
            [-97.6541963840558, 50.7095426113025], 
            [-97.6541963840558, 50.7545626729291], 
            [-97.4741521104315, 50.7545626729291], 
            [-97.4741521104315, 50.7995737413352], 
            [-96.8889902347115, 50.7995737413352], 
            [-96.8889902347115, 50.7545626729291], 
            [-96.7089459610872, 50.7545626729291], 
            [-96.7089459610872, 50.7095426113025], 
            [-96.6189148310546, 50.7095426113025], 
            [-96.6189148310546, 50.6645315428965], 
            [-96.5288926942424, 50.6645315428965], 
            [-96.5288926942424, 50.6195204744904], 
            [-96.4388705574302, 50.6195204744904], 
            [-96.4388705574302, 50.5745094060843], 
            [-96.3938594890241, 50.5745094060843], 
            [-96.3938594890241, 50.5294983376782], 
            [-96.3488484206181, 50.5294983376782], 
            [-96.3488484206181, 50.4844872692722], 
            [-96.3038283589915, 50.4844872692722], 
            [-96.3038283589915, 50.4394762008661], 
            [-96.2588172905855, 50.4394762008661], 
            [-96.2588172905855, 50.39446513246], 
            [-96.2138062221794, 50.39446513246], 
            [-96.2138062221794, 50.3494450708334], 
            [-96.1687951537733, 50.3494450708334], 
            [-96.1687951537733, 50.3044340024273], 
            [-96.1237840853672, 50.3044340024273], 
            [-96.1237840853672, 50.2144118656152], 
            [-96.0787730169611, 50.2144118656152], 
            [-96.0787730169611, 50.079378660397], 
            [-96.033761948555, 50.079378660397], 
            [-96.033761948555, 49.8993253935521], 
            [-95.9887508801489, 49.8993253935521], 
            [-95.9887508801489, 49.6292589831157], 
            [-96.033761948555, 49.6292589831157], 
            [-96.033761948555, 49.4492057162708], 
            [-96.0787730169611, 49.4492057162708], 
            [-96.0787730169611, 49.3141725110526], 
            [-96.1237840853672, 49.3141725110526], 
            [-96.1237840853672, 49.22414138102], 
            [-96.1687951537733, 49.22414138102], 
            [-96.1687951537733, 49.1791303126139], 
            [-96.2138062221794, 49.1791303126139], 
            [-96.2138062221794, 49.1341192442078], 
            [-96.2588172905855, 49.1341192442078], 
            [-96.2588172905855, 49.0891081758017], 
            [-96.3038283589915, 49.0891081758017], 
            [-96.3038283589915, 49.0440971073957], 
            [-96.3488484206181, 49.0440971073957], 
            [-96.3488484206181, 48.9990860389896], 
            [-96.3938594890241, 48.9990860389896], 
            [-96.3938594890241, 48.9540749705835], 
            [-96.4838816258363, 48.9540749705835], 
            [-96.4838816258363, 48.9090639021774], 
            [-96.6189148310546, 48.9090639021774], 
            [-96.6189148310546, 48.8640438405509]
          ]
        ]
      }, 
      "properties" : {
        "OBJECTID" : 19, 
        "Id" : 19, 
        "gridcode" : 2, 
        "Timestamp" : 1786053600000, 
        "Unixtime" : 1786053600, 
        "Shape__Area" : 71704020637.4375, 
        "Shape__Length" : 1219365.0998245887
      }
    }, 
    {
      "type" : "Feature", 
      "id" : 20, 
      "geometry" : 
      {
        "type" : "Polygon", 
        "coordinates" : 
        [
          [
            [-120.655409919232, 48.8190327721448], 
            [-120.684664865391, 48.8315513350262], 
            [-120.664430119354, 48.8701772169051], 
            [-120.655409919232, 48.8190327721448]
          ]
        ]
      }, 
      "properties" : {
        "OBJECTID" : 20, 
        "Id" : 20, 
        "gridcode" : 3, 
        "Timestamp" : 1786053600000, 
        "Unixtime" : 1786053600, 
        "Shape__Area" : 13024193.640625, 
        "Shape__Length" : 19505.168628901796
      }
    }, 
    {
      "type" : "Feature", 
      "id" : 21, 
      "geometry" : 
      {
        "type" : "Polygon", 
        "coordinates" : 
        [
          [
            [-81.8549246650412, 48.4589352316757], 
            [-82.3050443423225, 48.4589352316757], 
            [-82.3050443423225, 48.5039463000818], 
            [-82.4400865407612, 48.5039463000818], 
            [-82.4400865407612, 48.5489663617083], 
            [-82.5301086775734, 48.5489663617083], 
            [-82.5301086775734, 48.5939774301144], 
            [-82.5751197459794, 48.5939774301144], 
            [-82.5751197459794, 48.6389884985205], 
            [-82.6201308143855, 48.6389884985205], 
            [-82.6201308143855, 48.6839995669266], 
            [-82.7101619444181, 48.6839995669266], 
            [-82.7101619444181, 48.7740217037387], 
            [-82.7551730128242, 48.7740217037387], 
            [-82.7551730128242, 48.8190327721448], 
            [-82.8001840812303, 48.8190327721448], 
            [-82.8001840812303, 48.8640438405509], 
            [-82.8451951496364, 48.8640438405509], 
            [-82.8451951496364, 48.9540749705835], 
            [-82.8902062180425, 48.9540749705835], 
            [-82.8902062180425, 49.0891081758017], 
            [-82.9352172864486, 49.0891081758017], 
            [-82.9352172864486, 49.494216784677], 
            [-82.8902062180425, 49.494216784677], 
            [-82.8902062180425, 49.6292589831157], 
            [-82.8451951496364, 49.6292589831157], 
            [-82.8451951496364, 49.7192811199278], 
            [-82.8001840812303, 49.7192811199278], 
            [-82.8001840812303, 49.80930325674], 
            [-82.7551730128242, 49.80930325674], 
            [-82.7551730128242, 49.854314325146], 
            [-82.7101619444181, 49.854314325146], 
            [-82.7101619444181, 49.8993253935521], 
            [-82.6651418827916, 49.8993253935521], 
            [-82.6651418827916, 49.9443364619582], 
            [-82.6201308143855, 49.9443364619582], 
            [-82.6201308143855, 49.9893475303643], 
            [-82.5301086775734, 49.9893475303643], 
            [-82.5301086775734, 50.0343675919909], 
            [-82.4850976091673, 50.0343675919909], 
            [-82.4850976091673, 50.079378660397], 
            [-82.350064403949, 50.079378660397], 
            [-82.350064403949, 50.124389728803], 
            [-81.8549246650412, 50.124389728803], 
            [-81.8549246650412, 50.079378660397], 
            [-81.764902528229, 50.079378660397], 
            [-81.764902528229, 50.0343675919909], 
            [-81.6748803914169, 50.0343675919909], 
            [-81.6748803914169, 49.9893475303643], 
            [-81.5848582546047, 49.9893475303643], 
            [-81.5848582546047, 49.9443364619582], 
            [-81.5398381929782, 49.9443364619582], 
            [-81.5398381929782, 49.8993253935521], 
            [-81.4948271245721, 49.8993253935521], 
            [-81.4948271245721, 49.854314325146], 
            [-81.449816056166, 49.854314325146], 
            [-81.449816056166, 49.80930325674], 
            [-81.4048049877599, 49.80930325674], 
            [-81.4048049877599, 49.7192811199278], 
            [-81.3597939193538, 49.7192811199278], 
            [-81.3597939193538, 49.6292589831157], 
            [-81.3147828509478, 49.6292589831157], 
            [-81.3147828509478, 49.539227853083], 
            [-81.2697717825417, 49.539227853083], 
            [-81.2697717825417, 48.9990860389896], 
            [-81.3147828509478, 48.9990860389896], 
            [-81.3147828509478, 48.9090639021774], 
            [-81.3597939193538, 48.9090639021774], 
            [-81.3597939193538, 48.8190327721448], 
            [-81.4048049877599, 48.8190327721448], 
            [-81.4048049877599, 48.7740217037387], 
            [-81.449816056166, 48.7740217037387], 
            [-81.449816056166, 48.7290106353326], 
            [-81.4948271245721, 48.7290106353326], 
            [-81.4948271245721, 48.6839995669266], 
            [-81.5398381929782, 48.6839995669266], 
            [-81.5398381929782, 48.6389884985205], 
            [-81.5848582546047, 48.6389884985205], 
            [-81.5848582546047, 48.5939774301144], 
            [-81.6298693230108, 48.5939774301144], 
            [-81.6298693230108, 48.5489663617083], 
            [-81.719891459823, 48.5489663617083], 
            [-81.719891459823, 48.5039463000818], 
            [-81.8549246650412, 48.5039463000818], 
            [-81.8549246650412, 48.4589352316757]
          ]
        ]
      }, 
      "properties" : {
        "OBJECTID" : 21, 
        "Id" : 21, 
        "gridcode" : 1, 
        "Timestamp" : 1786053600000, 
        "Unixtime" : 1786053600, 
        "Shape__Area" : 42350908209.882813, 
        "Shape__Length" : 939389.334293995
      }
    }, 
    {
      "type" : "Feature", 
      "id" : 22, 
      "geometry" : 
      {
        "type" : "Polygon", 
        "coordinates" : 
        [
          [
            [-124.976580404862, 48.6839995669266], 
            [-124.919275604086, 48.6942068721495], 
            [-124.718016323395, 48.7551809068734], 
            [-124.493383662726, 48.7842380021821], 
            [-124.335507677537, 48.6938201636697], 
            [-124.183666143278, 48.5110149713639], 
            [-124.166363187111, 48.4139241632696], 
            [-124.198873679077, 48.4264247397101], 
            [-124.268885900364, 48.4464436484557], 
            [-124.334167687689, 48.4715347335412], 
            [-124.491459113547, 48.5164468765222], 
            [-124.671854122769, 48.5478422091507], 
            [-124.851556654016, 48.6289790441476], 
            [-124.966570950489, 48.6714989904861], 
            [-124.976580404862, 48.6839995669266]
          ]
        ]
      }, 
      "properties" : {
        "OBJECTID" : 22, 
        "Id" : 22, 
        "gridcode" : 1, 
        "Timestamp" : 1786053600000, 
        "Unixtime" : 1786053600, 
        "Shape__Area" : 2609932613.7734375, 
        "Shape__Length" : 233717.216024984
      }
    }, 
    {
      "type" : "Feature", 
      "id" : 23, 
      "geometry" : 
      {
        "type" : "Polygon", 
        "coordinates" : 
        [
          [
            [-120.317822409576, 48.3239020264575], 
            [-120.448835645249, 48.3410431046556], 
            [-120.589183843759, 48.5107092018683], 
            [-120.624904915429, 48.7077506621634], 
            [-120.562968606116, 48.8465610199752], 
            [-120.391944532614, 48.9419790890638], 
            [-120.176116234776, 48.9164653226166], 
            [-120.069879321473, 48.824950311208], 
            [-119.993634798407, 48.6882893330863], 
            [-119.984173930482, 48.5705051247118], 
            [-120.055382250091, 48.4878574286775], 
            [-120.193203353652, 48.4018372749703], 
            [-120.307408260283, 48.3359889147567], 
            [-120.317822409576, 48.3239020264575]
          ]
        ]
      }, 
      "properties" : {
        "OBJECTID" : 23, 
        "Id" : 23, 
        "gridcode" : 3, 
        "Timestamp" : 1786053600000, 
        "Unixtime" : 1786053600, 
        "Shape__Area" : 5403713241.03125, 
        "Shape__Length" : 274734.11848970293
      }
    }, 
    {
      "type" : "Feature", 
      "id" : 24, 
      "geometry" : 
      {
        "type" : "Polygon", 
        "coordinates" : 
        [
          [
            [-109.222319754253, 48.211369858832], 
            [-109.222319754253, 48.2338798896453], 
            [-109.19981871666, 48.2338798896453], 
            [-109.19981871666, 48.211369858832], 
            [-109.222319754253, 48.211369858832]
          ]
        ]
      }, 
      "properties" : {
        "OBJECTID" : 24, 
        "Id" : 24, 
        "gridcode" : 1, 
        "Timestamp" : 1786053600000, 
        "Unixtime" : 1786053600, 
        "Shape__Area" : 9420883.59375, 
        "Shape__Length" : 12531.860058525577
      }
    }, 
    {
      "type" : "Feature", 
      "id" : 25, 
      "geometry" : 
      {
        "type" : "Polygon", 
        "coordinates" : 
        [
          [
            [-109.244829785066, 48.1888688212392], 
            [-109.252393083474, 48.1739220888334], 
            [-109.312350884286, 48.1438487596126], 
            [-109.312350884286, 48.1888688212392], 
            [-109.244829785066, 48.1888688212392]
          ]
        ]
      }, 
      "properties" : {
        "OBJECTID" : 25, 
        "Id" : 25, 
        "gridcode" : 1, 
        "Timestamp" : 1786053600000, 
        "Unixtime" : 1786053600, 
        "Shape__Area" : 34454173.4765625, 
        "Shape__Length" : 26014.75682210175
      }
    }, 
    {
      "type" : "Feature", 
      "id" : 26, 
      "geometry" : 
      {
        "type" : "Polygon", 
        "coordinates" : 
        [
          [
            [-118.809911148481, 52.1274317355862], 
            [-118.809911148481, 52.1949438415851], 
            [-118.854931210107, 52.1949438415851], 
            [-118.854931210107, 52.2399639032117], 
            [-118.899942278513, 52.2399639032117], 
            [-118.899942278513, 52.3749971084299], 
            [-118.944953346919, 52.3749971084299], 
            [-118.944953346919, 52.465019245242], 
            [-118.989964415325, 52.465019245242], 
            [-118.989964415325, 52.6900835804929], 
            [-119.034975483732, 52.6900835804929], 
            [-119.034975483732, 53.1402032577742], 
            [-118.989964415325, 53.1402032577742], 
            [-118.989964415325, 53.4102786614312], 
            [-118.944953346919, 53.4102786614312], 
            [-118.944953346919, 53.8153872703064], 
            [-118.989964415325, 53.8153872703064], 
            [-118.989964415325, 53.9054094071186], 
            [-119.034975483732, 53.9054094071186], 
            [-119.034975483732, 53.9504204755246], 
            [-119.079986552138, 53.9504204755246], 
            [-119.079986552138, 53.9954315439307], 
            [-119.17000868895, 53.9954315439307], 
            [-119.17000868895, 54.0404426123368], 
            [-119.260039818982, 54.0404426123368], 
            [-119.260039818982, 54.0854626739633], 
            [-119.350061955795, 54.0854626739633], 
            [-119.350061955795, 54.1304737423694], 
            [-119.440084092607, 54.1304737423694], 
            [-119.440084092607, 54.1754848107755], 
            [-119.575117297825, 54.1754848107755], 
            [-119.575117297825, 54.2204958791815], 
            [-119.665148427858, 54.2204958791815], 
            [-119.665148427858, 54.2655069475876], 
            [-119.75517056467, 54.2655069475876], 
            [-119.75517056467, 54.3105180159938], 
            [-119.800181633076, 54.3105180159938], 
            [-119.800181633076, 54.3555290843998], 
            [-119.890203769888, 54.3555290843998], 
            [-119.890203769888, 54.4005401528059], 
            [-119.935214838294, 54.4005401528059], 
            [-119.935214838294, 54.4455602144324], 
            [-120.025245968327, 54.4455602144324], 
            [-120.025245968327, 54.4905712828385], 
            [-120.070257036733, 54.4905712828385], 
            [-120.070257036733, 54.5355823512446], 
            [-120.115268105139, 54.5355823512446], 
            [-120.115268105139, 54.5805934196507], 
            [-120.160279173545, 54.5805934196507], 
            [-120.160279173545, 54.6256044880568], 
            [-120.205290241951, 54.6256044880568], 
            [-120.205290241951, 54.6706155564628], 
            [-120.250301310357, 54.6706155564628], 
            [-120.250301310357, 54.7156266248689], 
            [-120.295312378763, 54.7156266248689], 
            [-120.295312378763, 54.760637693275], 
            [-120.34033244039, 54.760637693275], 
            [-120.34033244039, 54.8056577549016], 
            [-120.385343508796, 54.8056577549016], 
            [-120.385343508796, 54.8506688233076], 
            [-120.430354577202, 54.8506688233076], 
            [-120.430354577202, 54.8956798917137], 
            [-120.475365645608, 54.8956798917137], 
            [-120.475365645608, 54.9406909601198], 
            [-120.520376714014, 54.9406909601198], 
            [-120.520376714014, 54.9857020285259], 
            [-120.56538778242, 54.9857020285259], 
            [-120.56538778242, 55.0307130969319], 
            [-120.610398850826, 55.0307130969319], 
            [-120.610398850826, 55.0757241653381], 
            [-120.700429980859, 55.0757241653381], 
            [-120.700429980859, 55.1207352337441], 
            [-120.790452117671, 55.1207352337441], 
            [-120.790452117671, 55.1657552953707], 
            [-120.925485322889, 55.1657552953707], 
            [-120.925485322889, 55.2107663637768], 
            [-121.060527521328, 55.2107663637768], 
            [-121.060527521328, 55.2557774321828], 
            [-121.15054965814, 55.2557774321828], 
            [-121.15054965814, 55.3007885005889], 
            [-121.240571794952, 55.3007885005889], 
            [-121.240571794952, 55.345799568995], 
            [-121.285582863358, 55.345799568995], 
            [-121.285582863358, 55.3908106374011], 
            [-121.375605000171, 55.3908106374011], 
            [-121.375605000171, 55.4358217058071], 
            [-121.420616068577, 55.4358217058071], 
            [-121.420616068577, 55.4808327742132], 
            [-121.465636130203, 55.4808327742132], 
            [-121.465636130203, 55.5258438426193], 
            [-121.510647198609, 55.5258438426193], 
            [-121.510647198609, 55.5708639042459], 
            [-121.555658267015, 55.5708639042459], 
            [-121.555658267015, 55.660886041058], 
            [-121.600669335421, 55.660886041058], 
            [-121.600669335421, 55.7509081778702], 
            [-121.645680403827, 55.7509081778702], 
            [-121.645680403827, 55.8409303146823], 
            [-121.690691472234, 55.8409303146823], 
            [-121.690691472234, 56.3810811219963], 
            [-121.645680403827, 56.3810811219963], 
            [-121.645680403827, 56.5161143272145], 
            [-121.600669335421, 56.5161143272145], 
            [-121.600669335421, 56.6061364640267], 
            [-121.555658267015, 56.6061364640267], 
            [-121.555658267015, 56.6511565256532], 
            [-121.510647198609, 56.6511565256532], 
            [-121.510647198609, 56.6961675940593], 
            [-121.465636130203, 56.6961675940593], 
            [-121.465636130203, 56.7861897308714], 
            [-121.375605000171, 56.7861897308714], 
            [-121.375605000171, 56.8312007992776], 
            [-121.330593931764, 56.8312007992776], 
            [-121.330593931764, 56.8762118676837], 
            [-121.240571794952, 56.8762118676837], 
            [-121.240571794952, 56.9212229360897], 
            [-121.15054965814, 56.9212229360897], 
            [-121.15054965814, 56.9662340044958], 
            [-121.015507459701, 56.9662340044958], 
            [-121.015507459701, 57.0112540661223], 
            [-120.700429980859, 57.0112540661223], 
            [-120.700429980859, 56.9662340044958], 
            [-120.520376714014, 56.9662340044958], 
            [-120.520376714014, 56.9212229360897], 
            [-120.430354577202, 56.9212229360897], 
            [-120.430354577202, 56.8762118676837], 
            [-120.34033244039, 56.8762118676837], 
            [-120.34033244039, 56.8312007992776], 
            [-120.250301310357, 56.8312007992776], 
            [-120.250301310357, 56.7861897308714], 
            [-120.205290241951, 56.7861897308714], 
            [-120.205290241951, 56.7411786624654], 
            [-120.160279173545, 56.7411786624654], 
            [-120.160279173545, 56.6961675940593], 
            [-120.115268105139, 56.6961675940593], 
            [-120.115268105139, 56.6511565256532], 
            [-120.070257036733, 56.6511565256532], 
            [-120.070257036733, 56.6061364640267], 
            [-120.025245968327, 56.6061364640267], 
            [-120.025245968327, 56.5611253956206], 
            [-119.980234899921, 56.5611253956206], 
            [-119.980234899921, 56.5161143272145], 
            [-119.935214838294, 56.5161143272145], 
            [-119.935214838294, 56.4711032588085], 
            [-119.890203769888, 56.4711032588085], 
            [-119.890203769888, 56.4260921904023], 
            [-119.845192701482, 56.4260921904023], 
            [-119.845192701482, 56.3810811219963], 
            [-119.800181633076, 56.3810811219963], 
            [-119.800181633076, 56.3360700535902], 
            [-119.710159496264, 56.3360700535902], 
            [-119.710159496264, 56.2910589851841], 
            [-119.620137359452, 56.2910589851841], 
            [-119.620137359452, 56.2460389235575], 
            [-119.530106229419, 56.2460389235575], 
            [-119.530106229419, 56.2010278551515], 
            [-119.350061955795, 56.2010278551515], 
            [-119.350061955795, 56.1560167867454], 
            [-119.124997620544, 56.1560167867454], 
            [-119.124997620544, 56.1110057183393], 
            [-118.899942278513, 56.1110057183393], 
            [-118.899942278513, 56.0659946499333], 
            [-118.764900080075, 56.0659946499333], 
            [-118.764900080075, 56.0209835815272], 
            [-118.629866874856, 56.0209835815272], 
            [-118.629866874856, 55.9759725131211], 
            [-118.539844738044, 55.9759725131211], 
            [-118.539844738044, 55.930961444715], 
            [-118.449813608012, 55.930961444715], 
            [-118.449813608012, 55.8859413830884], 
            [-118.359791471199, 55.8859413830884], 
            [-118.359791471199, 55.8409303146823], 
            [-118.314780402793, 55.8409303146823], 
            [-118.314780402793, 55.7959192462763], 
            [-118.269769334387, 55.7959192462763], 
            [-118.269769334387, 55.7509081778702], 
            [-118.224758265981, 55.7509081778702], 
            [-118.224758265981, 55.7058971094641], 
            [-118.179747197575, 55.7058971094641], 
            [-118.179747197575, 55.660886041058], 
            [-118.134736129169, 55.660886041058], 
            [-118.134736129169, 55.615874972652], 
            [-118.089716067542, 55.615874972652], 
            [-118.089716067542, 55.5708639042459], 
            [-118.044704999136, 55.5708639042459], 
            [-118.044704999136, 55.4808327742132], 
            [-117.99969393073, 55.4808327742132], 
            [-117.99969393073, 55.3908106374011], 
            [-117.954682862324, 55.3908106374011], 
            [-117.954682862324, 55.3007885005889], 
            [-117.909671793918, 55.3007885005889], 
            [-117.909671793918, 55.1657552953707], 
            [-117.864660725512, 55.1657552953707], 
            [-117.864660725512, 54.9857020285259], 
            [-117.819649657106, 54.9857020285259], 
            [-117.819649657106, 54.8056577549016], 
            [-117.7746385887, 54.8056577549016], 
            [-117.7746385887, 54.7156266248689], 
            [-117.729618527073, 54.7156266248689], 
            [-117.729618527073, 54.6256044880568], 
            [-117.684607458667, 54.6256044880568], 
            [-117.684607458667, 54.5805934196507], 
            [-117.594585321855, 54.5805934196507], 
            [-117.594585321855, 54.5355823512446], 
            [-117.459552116637, 54.5355823512446], 
            [-117.459552116637, 54.4905712828385], 
            [-117.18947671298, 54.4905712828385], 
            [-117.18947671298, 54.4455602144324], 
            [-116.919401309323, 54.4455602144324], 
            [-116.919401309323, 54.4905712828385], 
            [-116.199206228385, 54.4905712828385], 
            [-116.199206228385, 54.4455602144324], 
            [-115.839108687916, 54.4455602144324], 
            [-115.839108687916, 54.4005401528059], 
            [-115.253955805416, 54.4005401528059], 
            [-115.253955805416, 54.4455602144324], 
            [-115.028891470165, 54.4455602144324], 
            [-115.028891470165, 54.4905712828385], 
            [-114.803836128135, 54.4905712828385], 
            [-114.803836128135, 54.5355823512446], 
            [-114.578771792884, 54.5355823512446], 
            [-114.578771792884, 54.5805934196507], 
            [-114.353707457633, 54.5805934196507], 
            [-114.353707457633, 54.6256044880568], 
            [-114.173663184009, 54.6256044880568], 
            [-114.173663184009, 54.6706155564628], 
            [-113.993609917164, 54.6706155564628], 
            [-113.993609917164, 54.7156266248689], 
            [-113.81356564354, 54.7156266248689], 
            [-113.81356564354, 54.760637693275], 
            [-113.678532438321, 54.760637693275], 
            [-113.678532438321, 54.8056577549016], 
            [-113.498479171476, 54.8056577549016], 
            [-113.498479171476, 54.8506688233076], 
            [-113.318434897852, 54.8506688233076], 
            [-113.318434897852, 54.8956798917137], 
            [-113.093370562601, 54.8956798917137], 
            [-113.093370562601, 54.9406909601198], 
            [-112.86830622735, 54.9406909601198], 
            [-112.86830622735, 54.9857020285259], 
            [-112.688261953726, 54.9857020285259], 
            [-112.688261953726, 55.0307130969319], 
            [-112.598239816914, 55.0307130969319], 
            [-112.598239816914, 55.0757241653381], 
            [-112.553219755287, 55.0757241653381], 
            [-112.553219755287, 55.1207352337441], 
            [-112.463197618475, 55.1207352337441], 
            [-112.463197618475, 55.1657552953707], 
            [-112.418186550069, 55.1657552953707], 
            [-112.418186550069, 55.2557774321828], 
            [-112.373175481663, 55.2557774321828], 
            [-112.373175481663, 55.345799568995], 
            [-112.328164413257, 55.345799568995], 
            [-112.328164413257, 55.5708639042459], 
            [-112.283153344851, 55.5708639042459], 
            [-112.283153344851, 55.8859413830884], 
            [-112.328164413257, 55.8859413830884], 
            [-112.328164413257, 56.1110057183393], 
            [-112.373175481663, 56.1110057183393], 
            [-112.373175481663, 56.2910589851841], 
            [-112.418186550069, 56.2910589851841], 
            [-112.418186550069, 56.4711032588085], 
            [-112.463197618475, 56.4711032588085], 
            [-112.463197618475, 56.6511565256532], 
            [-112.508208686881, 56.6511565256532], 
            [-112.508208686881, 56.9212229360897], 
            [-112.553219755287, 56.9212229360897], 
            [-112.553219755287, 57.1912983397466], 
            [-112.508208686881, 57.1912983397466], 
            [-112.508208686881, 57.4613737434036], 
            [-112.463197618475, 57.4613737434036], 
            [-112.463197618475, 57.6414180170279], 
            [-112.418186550069, 57.6414180170279], 
            [-112.418186550069, 57.7314401538401], 
            [-112.373175481663, 57.7314401538401], 
            [-112.373175481663, 57.8664823522788], 
            [-112.328164413257, 57.8664823522788], 
            [-112.328164413257, 57.956504489091], 
            [-112.283153344851, 57.956504489091], 
            [-112.283153344851, 58.0915376943092], 
            [-112.238142276445, 58.0915376943092], 
            [-112.238142276445, 58.271590961154], 
            [-112.193122214818, 58.271590961154], 
            [-112.193122214818, 58.6992096008425], 
            [-112.148111146412, 58.6992096008425], 
            [-112.148111146412, 58.9242649428729], 
            [-112.103100078006, 58.9242649428729], 
            [-112.103100078006, 59.0142870796851], 
            [-112.0580890096, 59.0142870796851], 
            [-112.0580890096, 59.1043182097177], 
            [-112.013077941194, 59.1043182097177], 
            [-112.013077941194, 59.1943403465298], 
            [-111.968066872788, 59.1943403465298], 
            [-111.968066872788, 59.2393514149359], 
            [-111.923055804382, 59.2393514149359], 
            [-111.923055804382, 59.284362483342], 
            [-111.878044735976, 59.284362483342], 
            [-111.878044735976, 59.3293735517481], 
            [-111.83303366757, 59.3293735517481], 
            [-111.83303366757, 59.3743846201541], 
            [-111.743002537537, 59.3743846201541], 
            [-111.743002537537, 59.4194046817808], 
            [-111.652980400725, 59.4194046817808], 
            [-111.652980400725, 59.4644157501868], 
            [-111.517947195507, 59.4644157501868], 
            [-111.517947195507, 59.5094268185929], 
            [-111.022807456599, 59.5094268185929], 
            [-111.022807456599, 59.4644157501868], 
            [-110.887774251381, 59.4644157501868], 
            [-110.887774251381, 59.4194046817808], 
            [-110.797752114568, 59.4194046817808], 
            [-110.797752114568, 59.3743846201541], 
            [-110.752741046162, 59.3743846201541], 
            [-110.752741046162, 59.3293735517481], 
            [-110.66270991613, 59.3293735517481], 
            [-110.66270991613, 59.284362483342], 
            [-110.617698847724, 59.284362483342], 
            [-110.617698847724, 59.2393514149359], 
            [-110.572687779318, 59.2393514149359], 
            [-110.572687779318, 59.1493292781238], 
            [-110.527676710911, 59.1493292781238], 
            [-110.527676710911, 59.1043182097177], 
            [-110.482665642505, 59.1043182097177], 
            [-110.482665642505, 59.0142870796851], 
            [-110.437654574099, 59.0142870796851], 
            [-110.437654574099, 58.9242649428729], 
            [-110.392643505693, 58.9242649428729], 
            [-110.392643505693, 58.654189539216], 
            [-110.347623444067, 58.654189539216], 
            [-110.347623444067, 58.5191563339977], 
            [-110.392643505693, 58.5191563339977], 
            [-110.392643505693, 58.226579892748], 
            [-110.437654574099, 58.226579892748], 
            [-110.437654574099, 58.0465266259031], 
            [-110.482665642505, 58.0465266259031], 
            [-110.482665642505, 57.8664823522788], 
            [-110.527676710911, 57.8664823522788], 
            [-110.527676710911, 57.5964069486218], 
            [-110.482665642505, 57.5964069486218], 
            [-110.482665642505, 57.4163626749975], 
            [-110.437654574099, 57.4163626749975], 
            [-110.437654574099, 57.3263315449649], 
            [-110.392643505693, 57.3263315449649], 
            [-110.392643505693, 57.2363094081527], 
            [-110.347623444067, 57.2363094081527], 
            [-110.347623444067, 57.1462872713406], 
            [-110.302612375661, 57.1462872713406], 
            [-110.302612375661, 57.0562651345284], 
            [-110.257601307254, 57.0562651345284], 
            [-110.257601307254, 56.9662340044958], 
            [-110.212590238848, 56.9662340044958], 
            [-110.212590238848, 56.8762118676837], 
            [-110.167579170442, 56.8762118676837], 
            [-110.167579170442, 56.7861897308714], 
            [-110.122568102036, 56.7861897308714], 
            [-110.122568102036, 56.6961675940593], 
            [-110.07755703363, 56.6961675940593], 
            [-110.07755703363, 56.6061364640267], 
            [-110.032545965224, 56.6061364640267], 
            [-110.032545965224, 56.5161143272145], 
            [-109.987534896818, 56.5161143272145], 
            [-109.987534896818, 56.4260921904023], 
            [-109.942514835191, 56.4260921904023], 
            [-109.942514835191, 56.2910589851841], 
            [-109.897503766785, 56.2910589851841], 
            [-109.897503766785, 56.1560167867454], 
            [-109.852492698379, 56.1560167867454], 
            [-109.852492698379, 55.9759725131211], 
            [-109.807481629973, 55.9759725131211], 
            [-109.807481629973, 55.7509081778702], 
            [-109.762470561567, 55.7509081778702], 
            [-109.762470561567, 55.5258438426193], 
            [-109.717459493161, 55.5258438426193], 
            [-109.717459493161, 55.3908106374011], 
            [-109.672448424755, 55.3908106374011], 
            [-109.672448424755, 55.3007885005889], 
            [-109.627437356349, 55.3007885005889], 
            [-109.627437356349, 55.2107663637768], 
            [-109.582417294722, 55.2107663637768], 
            [-109.582417294722, 55.1207352337441], 
            [-109.537406226316, 55.1207352337441], 
            [-109.537406226316, 55.0307130969319], 
            [-109.49239515791, 55.0307130969319], 
            [-109.49239515791, 54.8956798917137], 
            [-109.447384089504, 54.8956798917137], 
            [-109.447384089504, 54.8056577549016], 
            [-109.402373021098, 54.8056577549016], 
            [-109.402373021098, 54.6256044880568], 
            [-109.357361952692, 54.6256044880568], 
            [-109.357361952692, 54.2655069475876], 
            [-109.402373021098, 54.2655069475876], 
            [-109.402373021098, 54.1304737423694], 
            [-109.447384089504, 54.1304737423694], 
            [-109.447384089504, 53.9954315439307], 
            [-109.49239515791, 53.9954315439307], 
            [-109.49239515791, 53.9504204755246], 
            [-109.537406226316, 53.9504204755246], 
            [-109.537406226316, 53.8603983387125], 
            [-109.582417294722, 53.8603983387125], 
            [-109.582417294722, 53.8153872703064], 
            [-109.627437356349, 53.8153872703064], 
            [-109.627437356349, 53.7703762019003], 
            [-109.672448424755, 53.7703762019003], 
            [-109.672448424755, 53.7253651334942], 
            [-109.717459493161, 53.7253651334942], 
            [-109.717459493161, 53.6803450718676], 
            [-109.807481629973, 53.6803450718676], 
            [-109.807481629973, 53.6353340034616], 
            [-109.852492698379, 53.6353340034616], 
            [-109.852492698379, 53.5903229350555], 
            [-109.942514835191, 53.5903229350555], 
            [-109.942514835191, 53.5453118666494], 
            [-110.032545965224, 53.5453118666494], 
            [-110.032545965224, 53.5003007982433], 
            [-110.212590238848, 53.5003007982433], 
            [-110.212590238848, 53.4552897298373], 
            [-110.437654574099, 53.4552897298373], 
            [-110.437654574099, 53.4102786614312], 
            [-110.66270991613, 53.4102786614312], 
            [-110.66270991613, 53.3652675930251], 
            [-110.887774251381, 53.3652675930251], 
            [-110.887774251381, 53.320256524619], 
            [-111.022807456599, 53.320256524619], 
            [-111.022807456599, 53.2752364629924], 
            [-111.157849655038, 53.2752364629924], 
            [-111.157849655038, 53.2302253945864], 
            [-111.337893928662, 53.2302253945864], 
            [-111.337893928662, 53.1852143261803], 
            [-111.472936127101, 53.1852143261803], 
            [-111.472936127101, 53.1402032577742], 
            [-111.607969332319, 53.1402032577742], 
            [-111.607969332319, 53.0951921893681], 
            [-111.743002537537, 53.0951921893681], 
            [-111.743002537537, 53.0501811209621], 
            [-111.83303366757, 53.0501811209621], 
            [-111.83303366757, 53.005170052556], 
            [-111.878044735976, 53.005170052556], 
            [-111.878044735976, 52.9601589841499], 
            [-111.968066872788, 52.9601589841499], 
            [-111.968066872788, 52.9151389225233], 
            [-112.013077941194, 52.9151389225233], 
            [-112.013077941194, 52.8701278541172], 
            [-112.103100078006, 52.8701278541172], 
            [-112.103100078006, 52.8251167857112], 
            [-112.148111146412, 52.8251167857112], 
            [-112.148111146412, 52.7801057173051], 
            [-112.193122214818, 52.7801057173051], 
            [-112.193122214818, 52.735094648899], 
            [-112.238142276445, 52.735094648899], 
            [-112.238142276445, 52.6900835804929], 
            [-112.283153344851, 52.6900835804929], 
            [-112.283153344851, 52.6450725120869], 
            [-112.328164413257, 52.6450725120869], 
            [-112.328164413257, 52.6000614436808], 
            [-112.373175481663, 52.6000614436808], 
            [-112.373175481663, 52.5550413820542], 
            [-112.418186550069, 52.5550413820542], 
            [-112.418186550069, 52.465019245242], 
            [-112.463197618475, 52.465019245242], 
            [-112.463197618475, 52.4200081768359], 
            [-112.508208686881, 52.4200081768359], 
            [-112.508208686881, 52.3299860400238], 
            [-112.553219755287, 52.3299860400238], 
            [-112.553219755287, 52.149932773179], 
            [-112.598239816914, 52.149932773179], 
            [-112.598239816914, 51.834846301116], 
            [-112.553219755287, 51.834846301116], 
            [-112.553219755287, 51.6998130958978], 
            [-112.508208686881, 51.6998130958978], 
            [-112.508208686881, 51.6548020274916], 
            [-112.463197618475, 51.6548020274916], 
            [-112.463197618475, 51.6097909590856], 
            [-112.328164413257, 51.6097909590856], 
            [-112.328164413257, 51.5647798906795], 
            [-112.0580890096, 51.5647798906795], 
            [-112.0580890096, 51.5197688222734], 
            [-111.788013605943, 51.5197688222734], 
            [-111.788013605943, 51.4747577538673], 
            [-111.607969332319, 51.4747577538673], 
            [-111.607969332319, 51.4297376922408], 
            [-111.472936127101, 51.4297376922408], 
            [-111.472936127101, 51.3847266238347], 
            [-111.382904997068, 51.3847266238347], 
            [-111.382904997068, 51.3397155554286], 
            [-111.292882860256, 51.3397155554286], 
            [-111.292882860256, 51.2947044870225], 
            [-111.202860723444, 51.2947044870225], 
            [-111.202860723444, 51.2496934186165], 
            [-111.112838586631, 51.2496934186165], 
            [-111.112838586631, 51.2046823502104], 
            [-111.022807456599, 51.2046823502104], 
            [-111.022807456599, 51.1596712818043], 
            [-110.932785319787, 51.1596712818043], 
            [-110.932785319787, 51.1146602133982], 
            [-110.842763182974, 51.1146602133982], 
            [-110.842763182974, 51.0696401517717], 
            [-110.707720984536, 51.0696401517717], 
            [-110.707720984536, 51.0246290833656], 
            [-110.617698847724, 51.0246290833656], 
            [-110.617698847724, 50.9796180149595], 
            [-110.482665642505, 50.9796180149595], 
            [-110.482665642505, 50.9346069465534], 
            [-110.392643505693, 50.9346069465534], 
            [-110.392643505693, 50.8895958781474], 
            [-110.302612375661, 50.8895958781474], 
            [-110.302612375661, 50.8445848097413], 
            [-110.257601307254, 50.8445848097413], 
            [-110.257601307254, 50.7995737413352], 
            [-110.167579170442, 50.7995737413352], 
            [-110.167579170442, 50.7545626729291], 
            [-110.122568102036, 50.7545626729291], 
            [-110.122568102036, 50.7095426113025], 
            [-110.07755703363, 50.7095426113025], 
            [-110.07755703363, 50.6645315428965], 
            [-110.032545965224, 50.6645315428965], 
            [-110.032545965224, 50.6195204744904], 
            [-109.987534896818, 50.6195204744904], 
            [-109.987534896818, 50.5745094060843], 
            [-109.942514835191, 50.5745094060843], 
            [-109.942514835191, 50.5294983376782], 
            [-109.897503766785, 50.5294983376782], 
            [-109.897503766785, 50.4844872692722], 
            [-109.852492698379, 50.4844872692722], 
            [-109.852492698379, 50.39446513246], 
            [-109.807481629973, 50.39446513246], 
            [-109.807481629973, 50.3044340024273], 
            [-109.762470561567, 50.3044340024273], 
            [-109.762470561567, 50.2144118656152], 
            [-109.717459493161, 50.2144118656152], 
            [-109.717459493161, 49.7642921883339], 
            [-109.762470561567, 49.7642921883339], 
            [-109.762470561567, 49.6292589831157], 
            [-109.807481629973, 49.6292589831157], 
            [-109.807481629973, 49.539227853083], 
            [-109.852492698379, 49.539227853083], 
            [-109.852492698379, 49.494216784677], 
            [-109.897503766785, 49.494216784677], 
            [-109.897503766785, 49.4041946478648], 
            [-109.942514835191, 49.4041946478648], 
            [-109.942514835191, 49.3591835794587], 
            [-109.987534896818, 49.3591835794587], 
            [-109.987534896818, 49.3141725110526], 
            [-110.032545965224, 49.3141725110526], 
            [-110.032545965224, 49.2691614426465], 
            [-110.07755703363, 49.2691614426465], 
            [-110.07755703363, 49.22414138102], 
            [-110.122568102036, 49.22414138102], 
            [-110.122568102036, 49.1791303126139], 
            [-110.167579170442, 49.1791303126139], 
            [-110.167579170442, 49.1341192442078], 
            [-110.257601307254, 49.1341192442078], 
            [-110.257601307254, 49.0891081758017], 
            [-110.302612375661, 49.0891081758017], 
            [-110.302612375661, 49.0440971073957], 
            [-110.392643505693, 49.0440971073957], 
            [-110.392643505693, 48.9990860389896], 
            [-110.527676710911, 48.9990860389896], 
            [-110.527676710911, 48.9540749705835], 
            [-110.617698847724, 48.9540749705835], 
            [-110.617698847724, 48.9090639021774], 
            [-110.752741046162, 48.9090639021774], 
            [-111.298008995918, 49.0326217580878], 
            [-111.523199236256, 48.9974852457475], 
            [-111.574433613221, 48.8980292206721], 
            [-111.721319883006, 48.5435074768886], 
            [-111.839814555797, 48.3627707252888], 
            [-112.010577825906, 48.1850377093229], 
            [-112.23862791035, 48.0675592704441], 
            [-112.469384954152, 48.0202909037023], 
            [-112.687236726594, 48.0799159553571], 
            [-112.832504216696, 48.1751541600365], 
            [-112.922805143343, 48.3083707347217], 
            [-112.98423783231, 48.4878304490161], 
            [-113.04863828403, 48.8834602035257], 
            [-113.149407319292, 49.0105613882975], 
            [-113.356772996676, 49.2462826897944], 
            [-113.416784756811, 49.3627718744225], 
            [-113.486401276398, 49.5661535551425], 
            [-113.49230082902, 49.8553035793968], 
            [-113.461678913351, 50.0434237649948], 
            [-113.352411284753, 50.4406633059669], 
            [-113.391423875112, 50.538473571698], 
            [-113.480888432255, 50.569095487367], 
            [-114.199464733511, 50.6130543489791], 
            [-114.394365807336, 50.7287521302067], 
            [-114.576073826746, 50.9033285257909], 
            [-114.675044217916, 51.0493334599713], 
            [-114.782917897343, 51.2587316051795], 
            [-114.860322545849, 51.4632734113389], 
            [-114.945623241919, 51.7261452454068], 
            [-115.040079036418, 51.8702166371881], 
            [-115.152377380312, 51.8679233659706], 
            [-115.333159098014, 52.0269504833782], 
            [-115.422812512787, 51.9807702963122], 
            [-115.729445357617, 52.2546228525627], 
            [-115.933690387501, 52.3784864779687], 
            [-116.226572598247, 52.4535438959342], 
            [-116.593289148975, 52.4314835261439], 
            [-117.106433315245, 52.3658959693236], 
            [-117.624847508705, 52.3553199420618], 
            [-117.87613607482, 52.3860227967148], 
            [-118.14003313602, 52.4310338651209], 
            [-118.297828182225, 52.3948631324277], 
            [-118.557984063714, 52.2370950658847], 
            [-118.747030551019, 52.1397074815151], 
            [-118.809911148481, 52.1274317355862]
          ], 
          [
            [-113.138381631007, 52.8701278541172], 
            [-113.06191227743, 52.9751416894375], 
            [-113.037738500831, 53.3096355312548], 
            [-113.010758839449, 53.4359003465239], 
            [-113.016190744607, 53.5269836833504], 
            [-113.108470179755, 53.7668508594797], 
            [-113.17766401798, 53.8260082636705], 
            [-113.371180135855, 53.6908311669249], 
            [-113.252712442725, 53.5464450124275], 
            [-113.263819069994, 53.3600964912602], 
            [-113.378482630869, 53.4012404748681], 
            [-113.437918824894, 53.5307248630621], 
            [-113.388159336084, 53.6694003225669], 
            [-113.487858178112, 53.7584871644511], 
            [-113.532374619393, 53.8083096058037], 
            [-113.644133370059, 53.9623095129737], 
            [-113.751845171517, 54.0935835520394], 
            [-113.890214861527, 54.2015111907889], 
            [-114.054790795958, 54.2311168725457], 
            [-114.121448546014, 54.0858763621045], 
            [-114.115845769666, 53.9919062015101], 
            [-114.063424287601, 53.7961867446227], 
            [-113.891204115777, 53.4164480106672], 
            [-113.758563107202, 53.0714231076904], 
            [-113.683244885843, 52.9635943943659], 
            [-113.417594146653, 52.8815582373229], 
            [-113.138381631007, 52.8701278541172]
          ], 
          [
            [-113.836066681132, 50.7095426113025], 
            [-113.778357185436, 50.7868663208241], 
            [-113.749390022332, 50.8576429658503], 
            [-113.785120087222, 50.9801666014076], 
            [-113.85398117629, 51.0333165343306], 
            [-113.938742279133, 51.0569417244811], 
            [-114.070933626685, 50.9420623263154], 
            [-114.045860528041, 50.7723782426618], 
            [-113.978950967813, 50.7207301775557], 
            [-113.836066681132, 50.7095426113025]
          ]
        ]
      }, 
      "properties" : {
        "OBJECTID" : 26, 
        "Id" : 26, 
        "gridcode" : 1, 
        "Timestamp" : 1786053600000, 
        "Unixtime" : 1786053600, 
        "Shape__Area" : 1000343158691.5703, 
        "Shape__Length" : 9711853.3014543019
      }
    }, 
    {
      "type" : "Feature", 
      "id" : 27, 
      "geometry" : 
      {
        "type" : "Polygon", 
        "coordinates" : 
        [
          [
            [-109.852492698379, 48.0538266228005], 
            [-109.807481629973, 48.0538266228005], 
            [-109.807481629973, 48.0988376912065], 
            [-109.49239515791, 48.0988376912065], 
            [-109.49239515791, 48.1438487596126], 
            [-109.334851921879, 48.1438487596126], 
            [-109.35946636628, 48.1142160981944], 
            [-109.580016104859, 48.0474054633915], 
            [-109.826304440398, 48.0223053850855], 
            [-109.852492698379, 48.0538266228005]
          ]
        ]
      }, 
      "properties" : {
        "OBJECTID" : 27, 
        "Id" : 27, 
        "gridcode" : 1, 
        "Timestamp" : 1786053600000, 
        "Unixtime" : 1786053600, 
        "Shape__Area" : 475696166.2890625, 
        "Shape__Length" : 138973.71989442623
      }
    }, 
    {
      "type" : "Feature", 
      "id" : 28, 
      "geometry" : 
      {
        "type" : "Polygon", 
        "coordinates" : 
        [
          [
            [-119.237529788169, 47.9863145168016], 
            [-119.453699828384, 47.9998583068155], 
            [-119.788292595627, 48.3572039218236], 
            [-119.758309198611, 48.5811890706192], 
            [-119.632143308767, 48.5887163961448], 
            [-119.227439394812, 48.4702487030153], 
            [-119.138100742755, 48.3549646099289], 
            [-119.126895190061, 48.1669343565354], 
            [-119.181897726399, 48.0657156602496], 
            [-119.203139713127, 48.0194365477586], 
            [-119.226908794805, 47.9981945610302], 
            [-119.237529788169, 47.9863145168016]
          ]
        ]
      }, 
      "properties" : {
        "OBJECTID" : 28, 
        "Id" : 28, 
        "gridcode" : 5, 
        "Timestamp" : 1786053600000, 
        "Unixtime" : 1786053600, 
        "Shape__Area" : 5145226354.625, 
        "Shape__Length" : 281550.84271292278
      }
    }, 
    {
      "type" : "Feature", 
      "id" : 29, 
      "geometry" : 
      {
        "type" : "Polygon", 
        "coordinates" : 
        [
          [
            [-53.6773123580788, 47.8737823491762], 
            [-53.6681932325316, 47.9255383329278], 
            [-53.6487319034545, 47.8860131290028], 
            [-53.6773123580788, 47.8737823491762]
          ]
        ]
      }, 
      "properties" : {
        "OBJECTID" : 29, 
        "Id" : 29, 
        "gridcode" : 1, 
        "Timestamp" : 1786053600000, 
        "Unixtime" : 1786053600, 
        "Shape__Area" : 12640229.84375, 
        "Shape__Length" : 19339.343771284162
      }
    }, 
    {
      "type" : "Feature", 
      "id" : 30, 
      "geometry" : 
      {
        "type" : "Polygon", 
        "coordinates" : 
        [
          [
            [-120.160279173545, 47.8287712807701], 
            [-120.137778135952, 47.8287712807701], 
            [-120.137778135952, 47.783760212364], 
            [-120.160279173545, 47.783760212364], 
            [-120.160279173545, 47.8287712807701]
          ]
        ]
      }, 
      "properties" : {
        "OBJECTID" : 30, 
        "Id" : 30, 
        "gridcode" : 5, 
        "Timestamp" : 1786053600000, 
        "Unixtime" : 1786053600, 
        "Shape__Area" : 18686503.6875, 
        "Shape__Length" : 19930.13947109133
      }
    }, 
    {
      "type" : "Feature", 
      "id" : 31, 
      "geometry" : 
      {
        "type" : "Polygon", 
        "coordinates" : 
        [
          [
            [-120.115268105139, 47.7612501815507], 
            [-120.137778135952, 47.7612501815507], 
            [-120.137778135952, 47.783760212364], 
            [-120.115268105139, 47.783760212364], 
            [-120.115268105139, 47.7612501815507]
          ]
        ]
      }, 
      "properties" : {
        "OBJECTID" : 31, 
        "Id" : 31, 
        "gridcode" : 5, 
        "Timestamp" : 1786053600000, 
        "Unixtime" : 1786053600, 
        "Shape__Area" : 9342782.109375, 
        "Shape__Length" : 12468.520574389026
      }
    }, 
    {
      "type" : "Feature", 
      "id" : 32, 
      "geometry" : 
      {
        "type" : "Polygon", 
        "coordinates" : 
        [
          [
            [-120.092758074326, 47.7387401507374], 
            [-120.115268105139, 47.7387401507374], 
            [-120.115268105139, 47.7612501815507], 
            [-120.092758074326, 47.7612501815507], 
            [-120.092758074326, 47.7387401507374]
          ]
        ]
      }, 
      "properties" : {
        "OBJECTID" : 32, 
        "Id" : 32, 
        "gridcode" : 5, 
        "Timestamp" : 1786053600000, 
        "Unixtime" : 1786053600, 
        "Shape__Area" : 9338740.4375, 
        "Shape__Length" : 12465.294731259346
      }
    }, 
    {
      "type" : "Feature", 
      "id" : 33, 
      "geometry" : 
      {
        "type" : "Polygon", 
        "coordinates" : 
        [
          [
            [-120.070257036733, 47.7162391131446], 
            [-120.092758074326, 47.7162391131446], 
            [-120.092758074326, 47.7387401507374], 
            [-120.070257036733, 47.7387401507374], 
            [-120.070257036733, 47.7162391131446]
          ]
        ]
      }, 
      "properties" : {
        "OBJECTID" : 33, 
        "Id" : 33, 
        "gridcode" : 5, 
        "Timestamp" : 1786053600000, 
        "Unixtime" : 1786053600, 
        "Shape__Area" : 9327247.1875, 
        "Shape__Length" : 12457.094615664333
      }
    }, 
    {
      "type" : "Feature", 
      "id" : 34, 
      "geometry" : 
      {
        "type" : "Polygon", 
        "coordinates" : 
        [
          [
            [-80.0544369626956, 47.8287712807701], 
            [-80.0544369626956, 47.9187934175823], 
            [-80.0094258942895, 47.9187934175823], 
            [-80.0094258942895, 48.1438487596126], 
            [-79.9644148258835, 48.1438487596126], 
            [-79.9644148258835, 48.2788909580513], 
            [-79.9194037574774, 48.2788909580513], 
            [-79.9194037574774, 48.4139241632696], 
            [-79.8743926890713, 48.4139241632696], 
            [-79.8743926890713, 48.5039463000818], 
            [-79.8293816206652, 48.5039463000818], 
            [-79.8293816206652, 48.5939774301144], 
            [-79.7843705522591, 48.5939774301144], 
            [-79.7843705522591, 48.6389884985205], 
            [-79.739359483853, 48.6389884985205], 
            [-79.739359483853, 48.6839995669266], 
            [-79.6943394222265, 48.6839995669266], 
            [-79.6943394222265, 48.7740217037387], 
            [-79.6493283538204, 48.7740217037387], 
            [-79.6493283538204, 48.8190327721448], 
            [-79.5593062170083, 48.8190327721448], 
            [-79.5593062170083, 48.8640438405509], 
            [-79.5142951486022, 48.8640438405509], 
            [-79.5142951486022, 48.9090639021774], 
            [-79.42427301179, 48.9090639021774], 
            [-79.42427301179, 48.9540749705835], 
            [-79.3342418817574, 48.9540749705835], 
            [-79.3342418817574, 48.9990860389896], 
            [-79.2442197449452, 48.9990860389896], 
            [-79.2442197449452, 49.0440971073957], 
            [-79.0191644029148, 49.0440971073957], 
            [-79.0191644029148, 49.0891081758017], 
            [-78.7040779308518, 49.0891081758017], 
            [-78.7040779308518, 49.0440971073957], 
            [-78.3439803903826, 49.0440971073957], 
            [-78.3439803903826, 48.9990860389896], 
            [-78.3214703595694, 48.9990860389896], 
            [-78.3108493662052, 48.9196759023211], 
            [-78.2785007522079, 48.7988879583127], 
            [-78.2258904125124, 48.5526535820972], 
            [-78.175816160987, 48.1760444888621], 
            [-78.2006554358996, 47.7823482767516], 
            [-78.3054894068106, 47.6175205321469], 
            [-78.4871884329997, 47.5523196838064], 
            [-78.9000491979121, 47.5277142326258], 
            [-79.338351783508, 47.586332043589], 
            [-79.506426080699, 47.6254435593729], 
            [-79.7017228562248, 47.6857431025622], 
            [-80.0200468876537, 47.8181502874059], 
            [-80.0544369626956, 47.8287712807701]
          ]
        ]
      }, 
      "properties" : {
        "OBJECTID" : 34, 
        "Id" : 34, 
        "gridcode" : 1, 
        "Timestamp" : 1786053600000, 
        "Unixtime" : 1786053600, 
        "Shape__Area" : 43317355522.105469, 
        "Shape__Length" : 862883.99920821143
      }
    }, 
    {
      "type" : "Feature", 
      "id" : 35, 
      "geometry" : 
      {
        "type" : "Polygon", 
        "coordinates" : 
        [
          [
            [-120.700429980859, 47.468673740301], 
            [-120.798797826259, 47.485383143917], 
            [-120.867775827193, 47.5386230090447], 
            [-120.838583833577, 47.7214282013505], 
            [-120.713479143747, 47.7579047035393], 
            [-120.605425599911, 47.7136760453133], 
            [-120.586998491187, 47.5890120232863], 
            [-120.639815674953, 47.5205916020209], 
            [-120.690618377336, 47.4813721675915], 
            [-120.700429980859, 47.468673740301]
          ]
        ]
      }, 
      "properties" : {
        "OBJECTID" : 35, 
        "Id" : 35, 
        "gridcode" : 3, 
        "Timestamp" : 1786053600000, 
        "Unixtime" : 1786053600, 
        "Shape__Area" : 1117311669.6015625, 
        "Shape__Length" : 126956.71954273654
      }
    }, 
    {
      "type" : "Feature", 
      "id" : 36, 
      "geometry" : 
      {
        "type" : "Polygon", 
        "coordinates" : 
        [
          [
            [-73.3926369606272, 47.7387401507374], 
            [-73.4030601031412, 47.9083792682887], 
            [-73.4272338797397, 47.9292075668758], 
            [-73.4480711715473, 48.0434124735069], 
            [-73.4722449481458, 48.064240772094], 
            [-73.4930822399534, 48.1784456787251], 
            [-73.5172560165519, 48.1992829705327], 
            [-73.5380933083594, 48.2684768087578], 
            [-73.5622760781784, 48.2893051073449], 
            [-73.5831043767655, 48.4935321507882], 
            [-73.6072871465845, 48.5143694425958], 
            [-73.6281154451716, 48.8356882164381], 
            [-73.5831043767655, 48.8744669830649], 
            [-73.5622760781784, 48.988671889696], 
            [-73.5380933083594, 49.0095001882831], 
            [-73.5172560165519, 49.1237050949143], 
            [-73.4930822399534, 49.1445333935014], 
            [-73.4722449481458, 49.1687161633204], 
            [-73.4480711715473, 49.189553455128], 
            [-73.4272338797397, 49.2587383001325], 
            [-73.4030601031412, 49.2795755919401], 
            [-73.3822228113336, 49.3037493685386], 
            [-73.3580400415146, 49.3245866603462], 
            [-73.3372117429275, 49.3487694301651], 
            [-73.3130289731085, 49.3695977287522], 
            [-73.2922006745214, 49.3937804985712], 
            [-73.2680179047025, 49.4146087971583], 
            [-73.2471896061153, 49.4387915669773], 
            [-73.1779957678903, 49.4596198655644], 
            [-73.1571674693032, 49.4838026353834], 
            [-73.0879736310782, 49.5046309339705], 
            [-73.0671363392706, 49.5288137037895], 
            [-72.9979425010455, 49.5496420023766], 
            [-72.9771142024584, 49.5738247721956], 
            [-72.4307400865857, 49.5946620640032], 
            [-72.3919523267384, 49.5496420023766], 
            [-72.2777474201073, 49.5288137037895], 
            [-72.2569191215202, 49.5046309339705], 
            [-72.1427142148891, 49.4838026353834], 
            [-72.1218859163019, 49.4596198655644], 
            [-72.0526920780769, 49.4387915669773], 
            [-72.0318547862693, 49.4146087971583], 
            [-71.9626699412647, 49.3937804985712], 
            [-71.9418326494571, 49.3695977287522], 
            [-71.827627742826, 49.3487694301651], 
            [-71.8067994442389, 49.3245866603462], 
            [-71.6475834692017, 49.3037493685386], 
            [-71.6267461773941, 49.2795755919401], 
            [-70.9723994566695, 49.2587383001325], 
            [-70.9515711580824, 49.234564523534], 
            [-70.8373662514513, 49.2137272317265], 
            [-70.8165289596437, 49.189553455128], 
            [-70.7023240530126, 49.1687161633204], 
            [-70.6814957544254, 49.1445333935014], 
            [-70.6123019162004, 49.1237050949143], 
            [-70.5914736176133, 49.0995223250953], 
            [-70.5222797793883, 49.0786940265082], 
            [-70.5014424875807, 49.0545112566892], 
            [-70.4772687109822, 49.0336829581021], 
            [-70.4564314191746, 49.0095001882831], 
            [-70.4322486493556, 48.988671889696], 
            [-70.4114203507685, 48.964489119877], 
            [-70.3872375809495, 48.9436518280695], 
            [-70.3664092823624, 48.919478051471], 
            [-70.3422265125434, 48.8986407596634], 
            [-70.3213982139563, 48.8744669830649], 
            [-70.2972154441374, 48.8536296912573], 
            [-70.2763871455502, 48.8294559146588], 
            [-70.2522043757313, 48.8086186228513], 
            [-70.2313760771442, 48.7844358530323], 
            [-70.2071933073252, 48.7636075544452], 
            [-70.1863560155176, 48.7394247846262], 
            [-70.1621822389191, 48.7185964860391], 
            [-70.1413449471116, 48.649402647814], 
            [-70.1171711705131, 48.6285743492269], 
            [-70.0963338787055, 48.6043915794079], 
            [-70.072160102107, 48.5835542876003], 
            [-70.0513228102994, 48.5143694425958], 
            [-70.0271400404804, 48.4935321507882], 
            [-70.0063117418933, 48.4693583741897], 
            [-69.9821289720743, 48.4485210823821], 
            [-69.9613006734872, 48.3793272441571], 
            [-69.9371179036683, 48.35849894557], 
            [-69.9162896050811, 48.334316175751], 
            [-69.8921068352622, 48.3134878771639], 
            [-69.871278536675, 48.2893051073449], 
            [-69.6399818996449, 48.2684768087578], 
            [-69.6012031330181, 48.3134878771639], 
            [-69.5320092947931, 48.334316175751], 
            [-69.511180996206, 48.35849894557], 
            [-69.4419871579809, 48.3793272441571], 
            [-69.4211498661733, 48.4035100139761], 
            [-69.3069449595422, 48.4243383125632], 
            [-69.2861166609551, 48.4485210823821], 
            [-69.2601262538235, 48.4693583741897], 
            [-69.2641462233694, 48.4193200955461], 
            [-69.3086266917683, 48.3809999831628], 
            [-69.3711205807501, 48.3084606669263], 
            [-69.4553151107037, 48.2359213506899], 
            [-69.5336820337988, 48.2009557095384], 
            [-69.615547319653, 48.1429134646847], 
            [-69.6549556117121, 48.0971649522008], 
            [-69.7119906158742, 48.0480259956033], 
            [-69.7691605183432, 47.896283386769], 
            [-69.8154666104956, 47.8605443286579], 
            [-69.8760719231806, 47.7592087205061], 
            [-69.9938111654529, 47.6719115294936], 
            [-70.1100125670263, 47.6243553796971], 
            [-70.1419564861029, 47.5713943044037], 
            [-70.1772368899705, 47.4852032795078], 
            [-70.25159283674, 47.4559663197899], 
            [-70.2868012948438, 47.4461637094877], 
            [-70.6727273644762, 47.4829909472745], 
            [-71.1890461375691, 47.5641817415942], 
            [-71.6263414824734, 47.614534782954], 
            [-71.8613703059947, 47.6495813630895], 
            [-72.0989711905679, 47.6820468889529], 
            [-72.2576026062752, 47.7096740622083], 
            [-72.2547607486096, 47.637899169711], 
            [-72.7042688868996, 47.6807968313088], 
            [-72.7696675860902, 47.7154027436418], 
            [-73.2090583513618, 47.6979918688298], 
            [-73.3809547672486, 47.7279213065232], 
            [-73.3926369606272, 47.7387401507374]
          ]
        ]
      }, 
      "properties" : {
        "OBJECTID" : 36, 
        "Id" : 36, 
        "gridcode" : 1, 
        "Timestamp" : 1786053600000, 
        "Unixtime" : 1786053600, 
        "Shape__Area" : 114424183726.79297, 
        "Shape__Length" : 1467883.6041630537
      }
    }, 
    {
      "type" : "Feature", 
      "id" : 37, 
      "geometry" : 
      {
        "type" : "Polygon", 
        "coordinates" : 
        [
          [
            [-121.645680403827, 47.2436094050501], 
            [-121.800750504232, 47.263007781584], 
            [-121.925765261857, 47.4193189464123], 
            [-121.897589502154, 47.6014136743017], 
            [-121.757511100257, 47.7037385367042], 
            [-121.574795840156, 47.6678196141839], 
            [-121.503650473091, 47.5704230365939], 
            [-121.493047466168, 47.4852032795078], 
            [-121.53564835149, 47.3362036029141], 
            [-121.635670949455, 47.2561099814905], 
            [-121.645680403827, 47.2436094050501]
          ]
        ]
      }, 
      "properties" : {
        "OBJECTID" : 37, 
        "Id" : 37, 
        "gridcode" : 4, 
        "Timestamp" : 1786053600000, 
        "Unixtime" : 1786053600, 
        "Shape__Area" : 2735191509.9609375, 
        "Shape__Length" : 197678.53041942543
      }
    }, 
    {
      "type" : "Feature", 
      "id" : 38, 
      "geometry" : 
      {
        "type" : "Polygon", 
        "coordinates" : 
        [
          [
            [-55.8378976008935, 47.2210993742368], 
            [-56.0039484234809, 47.2313966116644], 
            [-56.0164579931418, 47.287172564962], 
            [-55.8762356997177, 47.3306367994488], 
            [-55.8002070139425, 47.2781343783989], 
            [-55.8378976008935, 47.2210993742368]
          ]
        ]
      }, 
      "properties" : {
        "OBJECTID" : 38, 
        "Id" : 38, 
        "gridcode" : 1, 
        "Timestamp" : 1786053600000, 
        "Unixtime" : 1786053600, 
        "Shape__Area" : 296537168.65625, 
        "Shape__Length" : 67309.633033153281
      }
    }, 
    {
      "type" : "Feature", 
      "id" : 39, 
      "geometry" : 
      {
        "type" : "Polygon", 
        "coordinates" : 
        [
          [
            [-120.160279173545, 47.8287712807701], 
            [-120.160279173545, 47.783760212364], 
            [-120.137778135952, 47.783760212364], 
            [-120.137778135952, 47.7612501815507], 
            [-120.115268105139, 47.7612501815507], 
            [-120.115268105139, 47.7387401507374], 
            [-120.092758074326, 47.7387401507374], 
            [-120.092758074326, 47.7162391131446], 
            [-120.070257036733, 47.7162391131446], 
            [-120.017152069912, 47.6568119123399], 
            [-119.92460283815, 47.5741102569829], 
            [-119.953605974136, 47.5060945306382], 
            [-120.151151054777, 47.1442163325178], 
            [-120.270643975039, 47.1370937019129], 
            [-120.421748065221, 47.2064494181062], 
            [-120.576008775784, 47.3045564601126], 
            [-120.553624650057, 47.3714480338998], 
            [-120.397223553024, 47.5111846934189], 
            [-120.418465539753, 47.6155959829683], 
            [-120.484754567769, 47.7749648427534], 
            [-120.496310856061, 47.968813709785], 
            [-120.403150085308, 48.0194365477586], 
            [-120.30051945341, 47.9776810251593], 
            [-120.195937292672, 47.8606252676421], 
            [-120.160279173545, 47.8287712807701]
          ]
        ]
      }, 
      "properties" : {
        "OBJECTID" : 39, 
        "Id" : 39, 
        "gridcode" : 6, 
        "Timestamp" : 1786053600000, 
        "Unixtime" : 1786053600, 
        "Shape__Area" : 6032688149.609375, 
        "Shape__Length" : 362524.83265411691
      }
    }, 
    {
      "type" : "Feature", 
      "id" : 40, 
      "geometry" : 
      {
        "type" : "Polygon", 
        "coordinates" : 
        [
          [
            [-64.9978703554325, 47.1310772374247], 
            [-64.9528592870264, 47.1310772374247], 
            [-64.9528592870264, 47.1085761998318], 
            [-64.9978703554325, 47.1085761998318], 
            [-64.9978703554325, 47.1310772374247]
          ]
        ]
      }, 
      "properties" : {
        "OBJECTID" : 40, 
        "Id" : 40, 
        "gridcode" : 2, 
        "Timestamp" : 1786053600000, 
        "Unixtime" : 1786053600, 
        "Shape__Area" : 18444080.71875, 
        "Shape__Length" : 17383.22968583554
      }
    }, 
    {
      "type" : "Feature", 
      "id" : 41, 
      "geometry" : 
      {
        "type" : "Polygon", 
        "coordinates" : 
        [
          [
            [-120.160279173545, 47.8287712807701], 
            [-120.195937292672, 47.8606252676421], 
            [-120.30051945341, 47.9776810251593], 
            [-120.403150085308, 48.0194365477586], 
            [-120.496310856061, 47.968813709785], 
            [-120.484754567769, 47.7749648427534], 
            [-120.418465539753, 47.6155959829683], 
            [-120.397223553024, 47.5111846934189], 
            [-120.553624650057, 47.3714480338998], 
            [-120.576008775784, 47.3045564601126], 
            [-120.421748065221, 47.2064494181062], 
            [-120.270643975039, 47.1370937019129], 
            [-120.151151054777, 47.1442163325178], 
            [-119.953605974136, 47.5060945306382], 
            [-119.92460283815, 47.5741102569829], 
            [-120.017152069912, 47.6568119123399], 
            [-120.070257036733, 47.7162391131446], 
            [-120.036271656612, 47.7052134248598], 
            [-119.9603149166, 47.6792140245077], 
            [-119.744144876385, 47.6836207025335], 
            [-119.774380083574, 47.5583361482947], 
            [-119.990199388191, 47.3509704709106], 
            [-120.100186474426, 47.1242693695359], 
            [-120.189839889199, 47.030955714035], 
            [-120.373859166267, 47.142561579953], 
            [-120.688945638331, 47.3135406873529], 
            [-120.666894261761, 47.3901269527967], 
            [-120.593968237044, 47.4977038559483], 
            [-120.531852063322, 47.6791690584054], 
            [-120.566826697694, 47.8275032366851], 
            [-120.658143858252, 47.9225525837348], 
            [-120.89035780377, 48.0542043380598], 
            [-120.893793213986, 48.2223505810146], 
            [-120.731168808394, 48.2256690793646], 
            [-120.199570553738, 48.0531611244864], 
            [-120.160279173545, 47.8287712807701]
          ]
        ]
      }, 
      "properties" : {
        "OBJECTID" : 41, 
        "Id" : 41, 
        "gridcode" : 5, 
        "Timestamp" : 1786053600000, 
        "Unixtime" : 1786053600, 
        "Shape__Area" : 5599714062.75, 
        "Shape__Length" : 854087.48868231673
      }
    }, 
    {
      "type" : "Feature", 
      "id" : 42, 
      "geometry" : 
      {
        "type" : "Polygon", 
        "coordinates" : 
        [
          [
            [-64.9528592870264, 47.1085761998318], 
            [-64.7562135284315, 47.0962464945801], 
            [-64.7728060201816, 47.0185450697992], 
            [-64.9128304627556, 47.0585828872905], 
            [-64.9528592870264, 47.1085761998318]
          ]
        ]
      }, 
      "properties" : {
        "OBJECTID" : 42, 
        "Id" : 42, 
        "gridcode" : 2, 
        "Timestamp" : 1786053600000, 
        "Unixtime" : 1786053600, 
        "Shape__Area" : 189955629.69140625, 
        "Shape__Length" : 61025.923139800943
      }
    }, 
    {
      "type" : "Feature", 
      "id" : 43, 
      "geometry" : 
      {
        "type" : "Polygon", 
        "coordinates" : 
        [
          [
            [-54.1724431037662, 47.0185450697992], 
            [-54.1347974829175, 47.0936294674261], 
            [-54.1349953337676, 47.0261083682067], 
            [-54.1724431037662, 47.0185450697992]
          ]
        ]
      }, 
      "properties" : {
        "OBJECTID" : 43, 
        "Id" : 43, 
        "gridcode" : 1, 
        "Timestamp" : 1786053600000, 
        "Unixtime" : 1786053600, 
        "Shape__Area" : 22983961.08203125, 
        "Shape__Length" : 28345.883394390818
      }
    }, 
    {
      "type" : "Feature", 
      "id" : 44, 
      "geometry" : 
      {
        "type" : "Polygon", 
        "coordinates" : 
        [
          [
            [-60.3841234285533, 46.9510329638004], 
            [-60.435879412305, 46.9601520893475], 
            [-60.3963542083799, 46.9796044252041], 
            [-60.3841234285533, 46.9510329638004]
          ]
        ]
      }, 
      "properties" : {
        "OBJECTID" : 44, 
        "Id" : 44, 
        "gridcode" : 1, 
        "Timestamp" : 1786053600000, 
        "Unixtime" : 1786053600, 
        "Shape__Area" : 12413351.953125, 
        "Shape__Length" : 16230.562184097806
      }
    }, 
    {
      "type" : "Feature", 
      "id" : 45, 
      "geometry" : 
      {
        "type" : "Polygon", 
        "coordinates" : 
        [
          [
            [-54.1724431037662, 47.0185450697992], 
            [-54.1813913581246, 46.9209596345796], 
            [-54.2358812808963, 46.9371204517475], 
            [-54.2023365685777, 47.0034274662047], 
            [-54.1724431037662, 47.0185450697992]
          ]
        ]
      }, 
      "properties" : {
        "OBJECTID" : 45, 
        "Id" : 45, 
        "gridcode" : 1, 
        "Timestamp" : 1786053600000, 
        "Unixtime" : 1786053600, 
        "Shape__Area" : 62983832.29296875, 
        "Shape__Length" : 38150.178410722576
      }
    }, 
    {
      "type" : "Feature", 
      "id" : 46, 
      "geometry" : 
      {
        "type" : "Polygon", 
        "coordinates" : 
        [
          [
            [-54.2174541721723, 46.8835118645809], 
            [-54.2450723522072, 46.891632742657], 
            [-54.2251523688867, 46.9097001225627], 
            [-54.2174541721723, 46.8835118645809]
          ]
        ]
      }, 
      "properties" : {
        "OBJECTID" : 46, 
        "Id" : 46, 
        "gridcode" : 1, 
        "Timestamp" : 1786053600000, 
        "Unixtime" : 1786053600, 
        "Shape__Area" : 5991536.00390625, 
        "Shape__Length" : 11383.844292683752
      }
    }, 
    {
      "type" : "Feature", 
      "id" : 47, 
      "geometry" : 
      {
        "type" : "Polygon", 
        "coordinates" : 
        [
          [
            [-69.6566283507178, 46.8835118645809], 
            [-69.6267348859062, 46.8683942609865], 
            [-69.6116172823117, 46.8385007961749], 
            [-69.6566283507178, 46.8385007961749], 
            [-69.6566283507178, 46.8835118645809]
          ]
        ]
      }, 
      "properties" : {
        "OBJECTID" : 47, 
        "Id" : 47, 
        "gridcode" : 2, 
        "Timestamp" : 1786053600000, 
        "Unixtime" : 1786053600, 
        "Shape__Area" : 24383557.765625, 
        "Shape__Length" : 21626.742408906146
      }
    }, 
    {
      "type" : "Feature", 
      "id" : 48, 
      "geometry" : 
      {
        "type" : "Polygon", 
        "coordinates" : 
        [
          [
            [-69.5891162447189, 46.7934897277688], 
            [-69.6116172823117, 46.7934897277688], 
            [-69.6116172823117, 46.8159907653616], 
            [-69.5891162447189, 46.8159907653616], 
            [-69.5891162447189, 46.7934897277688]
          ]
        ]
      }, 
      "properties" : {
        "OBJECTID" : 48, 
        "Id" : 48, 
        "gridcode" : 2, 
        "Timestamp" : 1786053600000, 
        "Unixtime" : 1786053600, 
        "Shape__Area" : 9166054.7734375, 
        "Shape__Length" : 12328.388009777293
      }
    }, 
    {
      "type" : "Feature", 
      "id" : 49, 
      "geometry" : 
      {
        "type" : "Polygon", 
        "coordinates" : 
        [
          [
            [-55.4552900296111, 49.5617378838963], 
            [-55.1913569955288, 49.5465393413176], 
            [-55.1516879000765, 49.5052424729619], 
            [-55.1287282082401, 49.4831910963921], 
            [-55.1066768316704, 49.4602314045558], 
            [-55.0837171398341, 49.438180027986], 
            [-55.0616567700438, 49.4152203361497], 
            [-55.038706071428, 49.3931689595799], 
            [-55.0166457016377, 49.3702092677436], 
            [-54.9936950030219, 49.3481578911738], 
            [-54.9716346332317, 49.3251981993375], 
            [-54.9486839346158, 49.3031378295473], 
            [-54.9266235648256, 49.2351760625253], 
            [-54.9036638729893, 49.2131156927351], 
            [-54.8816124964195, 49.1901649941192], 
            [-54.8586528045832, 49.168104624329], 
            [-54.8366014280134, 49.0551227956806], 
            [-54.8136417361771, 49.0330714191108], 
            [-54.7915903596074, 48.9200895904623], 
            [-54.768630667771, 48.8980292206721], 
            [-54.7465792912013, 48.6500141868054], 
            [-54.723619599365, 48.6279628102356], 
            [-54.7015592295747, 48.2899166463362], 
            [-54.6786085309589, 48.2678652697665], 
            [-54.6565481611686, 48.154883441118], 
            [-54.6335974625528, 48.1328230713278], 
            [-54.6115370927625, 48.1098723727119], 
            [-54.5885863941467, 48.0878120029217], 
            [-54.5665260243564, 48.0198412426792], 
            [-54.5435663325202, 47.9977898661095], 
            [-54.5215149559504, 47.9748301742732], 
            [-54.4985552641141, 47.9527787977034], 
            [-54.4765038875443, 47.9298191058671], 
            [-54.453544195708, 47.9077677292973], 
            [-54.4314928191382, 47.884808037461], 
            [-54.4085331273019, 47.8627566608913], 
            [-54.3864817507322, 47.7947859006489], 
            [-54.3635220588959, 47.7727255308586], 
            [-54.3414616891056, 47.7497748322428], 
            [-54.3185109904898, 47.7277144624526], 
            [-54.2964506206995, 47.7047637638367], 
            [-54.2734999220837, 47.6827033940465], 
            [-54.2514395522934, 47.6597437022102], 
            [-54.2284888536776, 47.6376923256404], 
            [-54.2064284838874, 47.6147326338041], 
            [-54.183468792051, 47.5926812572343], 
            [-54.1614174154813, 47.569721565398], 
            [-54.0934466552389, 47.5476701888283], 
            [-54.0713952786691, 47.5247104969919], 
            [-54.01149143718, 47.4956444084627], 
            [-54.0484355868328, 47.4571893977726], 
            [-54.0938963162619, 47.4351380212028], 
            [-54.1304177845531, 47.3226058535774], 
            [-54.2463853623945, 47.3485692810476], 
            [-54.4251885715952, 47.3943897392951], 
            [-54.5656626751922, 47.2991695210566], 
            [-54.6331657879707, 47.3005544770076], 
            [-54.6803352292873, 47.2762547953226], 
            [-54.7465702979808, 47.2776037783917], 
            [-54.7828129764376, 47.1659169734896], 
            [-54.8879976829467, 47.2372152253025], 
            [-54.9716346332317, 47.210073685952], 
            [-54.9936950030219, 47.1646129565228], 
            [-55.0166457016377, 47.1200515491398], 
            [-55.038706071428, 47.0745908197106], 
            [-55.0731411125722, 47.0415047616355], 
            [-55.1419122694356, 46.9699277199884], 
            [-55.2412603758656, 46.8945375528659], 
            [-55.309231136108, 46.8724861762961], 
            [-55.4053956424949, 46.8395709894097], 
            [-55.549170258001, 46.8764162136374], 
            [-55.64127882196, 46.828958989266], 
            [-55.8450651976007, 46.8248041214131], 
            [-55.8939343575845, 46.8499761454828], 
            [-56.0289675628027, 46.9154917565394], 
            [-56.006916186233, 47.0075193815143], 
            [-55.9389454259905, 47.0520807888974], 
            [-55.8475743061093, 47.1140170982106], 
            [-55.5599351428925, 47.1541718275679], 
            [-55.4442643413262, 47.2325837167652], 
            [-55.3546289129939, 47.276065937693], 
            [-55.3312735194573, 47.3672032338422], 
            [-55.3321818347238, 47.4116387361389], 
            [-55.2025265753411, 47.4902574694068], 
            [-54.9759423858324, 47.5454938294767], 
            [-55.1741889376693, 47.569721565398], 
            [-55.3021714580463, 47.6216304338975], 
            [-55.3312825126778, 47.5022004661786], 
            [-55.354242204514, 47.4801490896089], 
            [-55.3762935810838, 47.4571893977726], 
            [-55.5342864781384, 47.4126279903895], 
            [-55.5775348753341, 47.3676169219834], 
            [-55.6704708155756, 47.3899470883875], 
            [-55.7139350500624, 47.4351829873051], 
            [-55.9379381852989, 47.4097411666216], 
            [-55.9848378300018, 47.4585563672826], 
            [-56.1189986928354, 47.4558134350421], 
            [-56.0969383230451, 47.5476701888283], 
            [-56.0511628308998, 47.5698744501458], 
            [-56.0859126347602, 47.6032572844962], 
            [-56.1189986928354, 47.6376923256404], 
            [-56.1419493914512, 47.6597437022102], 
            [-56.1640097612414, 47.8177365992647], 
            [-56.1869604598573, 47.839796969055], 
            [-56.2090208296475, 47.9077677292973], 
            [-56.2319805214838, 47.9298191058671], 
            [-56.2540318980536, 47.9527787977034], 
            [-56.2769915898899, 47.9748301742732], 
            [-56.2990429664597, 47.9977898661095], 
            [-56.322002658296, 48.0198412426792], 
            [-56.3440540348657, 48.0878120029217], 
            [-56.3670137267021, 48.1098723727119], 
            [-56.3890651032718, 48.1328230713278], 
            [-56.4120247951082, 48.154883441118], 
            [-56.4340851648984, 48.1778341397338], 
            [-56.4570358635143, 48.1998945095241], 
            [-56.4790962333045, 48.2228452081399], 
            [-56.5020469319203, 48.2449055779302], 
            [-56.5241073017106, 48.2678652697665], 
            [-56.5920780619529, 48.2899166463362], 
            [-56.6141294385227, 48.3128763381725], 
            [-56.637089130359, 48.3349277147423], 
            [-56.6591405069288, 48.3578874065786], 
            [-56.7271112671712, 48.3799387831484], 
            [-56.7703596643669, 48.4249498515545], 
            [-56.9071555407955, 48.4028984749847], 
            [-56.9292159105858, 48.3799387831484], 
            [-57.0421977392342, 48.3578874065786], 
            [-57.064249115804, 48.3349277147423], 
            [-57.0872088076403, 48.3128763381725], 
            [-57.1092601842101, 48.2899166463362], 
            [-57.1772309444524, 48.2678652697665], 
            [-57.1992913142427, 48.2449055779302], 
            [-57.2672530812646, 48.2228452081399], 
            [-57.2893134510549, 48.1998945095241], 
            [-57.4022952797033, 48.1778341397338], 
            [-57.4243466562731, 48.154883441118], 
            [-57.4923174165155, 48.1328230713278], 
            [-57.5143777863057, 48.1098723727119], 
            [-57.7173817517664, 48.0878120029217], 
            [-57.7606211557417, 48.0428009345156], 
            [-57.9874481622028, 48.0648613043058], 
            [-58.0095085319931, 48.0878120029217], 
            [-58.1675014290477, 48.1098723727119], 
            [-58.1895528056174, 48.1328230713278], 
            [-58.2575235658598, 48.154883441118], 
            [-58.2795839356501, 48.1778341397338], 
            [-58.347545702672, 48.1998945095241], 
            [-58.3696060724622, 48.2228452081399], 
            [-58.392556771078, 48.2449055779302], 
            [-58.4146171408683, 48.2678652697665], 
            [-58.4825879011107, 48.2899166463362], 
            [-58.5046392776804, 48.3578874065786], 
            [-58.5275989695168, 48.3799387831484], 
            [-58.5496503460865, 48.4028984749847], 
            [-58.5730686921664, 48.4253995125775], 
            [-58.5717017226563, 48.4925788694194], 
            [-58.662632174735, 48.5599920499932], 
            [-58.6846925445253, 48.6729738786416], 
            [-58.7275991993435, 48.7141988012337], 
            [-58.6396814761192, 48.8300674536501], 
            [-58.6168207097079, 48.877182935644], 
            [-58.5721603768998, 48.9200895904623], 
            [-58.529946200057, 49.0070900051996], 
            [-58.4821382400876, 49.0776328264938], 
            [-58.4592774736764, 49.1247483084877], 
            [-58.4146171408683, 49.167654963306], 
            [-58.3732033606465, 49.253009618699], 
            [-58.3250446650792, 49.3031378295473], 
            [-58.2799976237912, 49.3464221996249], 
            [-58.2451488945058, 49.4538192383673], 
            [-58.1224903606416, 49.5282021647981], 
            [-58.0095085319931, 49.5952736029944], 
            [-57.9831494028226, 49.7303068082127], 
            [-57.649410991524, 49.7082554316429], 
            [-57.6273506217337, 49.6852957398066], 
            [-57.5143777863057, 49.6632353700164], 
            [-57.4923174165155, 49.6402846714005], 
            [-57.379335587867, 49.6182243016103], 
            [-57.3572842112973, 49.5952736029944], 
            [-57.2893134510549, 49.5732132332042], 
            [-57.2672530812646, 49.5502625345884], 
            [-57.2443023826488, 49.5282021647981], 
            [-57.2222420128585, 49.5052424729619], 
            [-57.1542802458366, 49.4831910963921], 
            [-57.1322198760464, 49.4602314045558], 
            [-57.1092601842101, 49.438180027986], 
            [-57.0872088076403, 49.4152203361497], 
            [-57.0192380473979, 49.3931689595799], 
            [-56.9971866708281, 49.3702092677436], 
            [-56.9292159105858, 49.3481578911738], 
            [-56.88596751339, 49.3031378295473], 
            [-56.6141294385227, 49.3251981993375], 
            [-56.5920780619529, 49.3481578911738], 
            [-56.5241073017106, 49.3702092677436], 
            [-56.5020469319203, 49.3931689595799], 
            [-56.4790962333045, 49.4152203361497], 
            [-56.4570358635143, 49.438180027986], 
            [-56.3890651032718, 49.4602314045558], 
            [-56.3670137267021, 49.4831910963921], 
            [-56.2990429664597, 49.5052424729619], 
            [-56.2769915898899, 49.5282021647981], 
            [-56.2540318980536, 49.5502625345884], 
            [-56.2319805214838, 49.5732132332042], 
            [-56.1189986928354, 49.5952736029944], 
            [-56.0969383230451, 49.6182243016103], 
            [-55.9839564943966, 49.6402846714005], 
            [-55.9575703855648, 49.6677499666877], 
            [-55.7141149144717, 49.6627857089933], 
            [-55.6013669095552, 49.6650879734313], 
            [-55.5342774849179, 49.595264609774], 
            [-55.4884030673476, 49.5961999047019], 
            [-55.4552900296111, 49.5617378838963]
          ], 
          [
            [-55.4814782875928, 49.5540396871819], 
            [-55.4634109076871, 49.5341197038613], 
            [-55.4552900296111, 49.5617378838963], 
            [-55.4814782875928, 49.5540396871819]
          ], 
          [
            [-54.9376492531105, 47.5586958771131], 
            [-54.9453474498249, 47.5848841350948], 
            [-54.9652674331455, 47.5668167551892], 
            [-54.9376492531105, 47.5586958771131]
          ]
        ]
      }, 
      "properties" : {
        "OBJECTID" : 49, 
        "Id" : 49, 
        "gridcode" : 1, 
        "Timestamp" : 1786053600000, 
        "Unixtime" : 1786053600, 
        "Shape__Area" : 127287161988.22656, 
        "Shape__Length" : 2136892.8101982074
      }
    }, 
    {
      "type" : "Feature", 
      "id" : 50, 
      "geometry" : 
      {
        "type" : "Polygon", 
        "coordinates" : 
        [
          [
            [-67.0684334614351, 47.6037069455192], 
            [-66.8760864622204, 47.6139232439626], 
            [-66.855662858554, 47.6385107087023], 
            [-66.7860643254082, 47.6589343123687], 
            [-66.7656407217419, 47.6835217771084], 
            [-66.7410532570021, 47.7039453807748], 
            [-66.7206296533358, 47.7285328455145], 
            [-66.696042188596, 47.7489564491809], 
            [-66.6756185849297, 47.7735439139205], 
            [-66.65103112019, 47.793967517587], 
            [-66.6305985233031, 47.8185549823266], 
            [-66.6060110585635, 47.838978585993], 
            [-66.5855874548971, 47.8635660507327], 
            [-66.5609999901574, 47.8839896543991], 
            [-66.540576386491, 47.9535881875449], 
            [-66.5159889217513, 47.9740207844317], 
            [-66.4955653180849, 47.9986082491715], 
            [-66.4709778533452, 48.0190318528378], 
            [-66.4505542496788, 48.0436193175775], 
            [-66.4259667849391, 48.0640429212439], 
            [-66.4055431812727, 48.0886303859836], 
            [-66.380955716533, 48.10905398965], 
            [-66.3605321128667, 48.1336414543897], 
            [-66.2909335797208, 48.1540650580561], 
            [-66.2705099760545, 48.1786525227958], 
            [-66.2459135180943, 48.1990761264622], 
            [-66.225489914428, 48.2236635912018], 
            [-66.1558913812822, 48.2440871948683], 
            [-66.1354677776158, 48.2686746596079], 
            [-66.1108803128761, 48.2890982632743], 
            [-66.0904567092097, 48.313685728014], 
            [-65.9758471076578, 48.3341183249009], 
            [-65.9554235039914, 48.3587057896406], 
            [-65.795793840813, 48.3791293933069], 
            [-65.7753702371467, 48.4037168580467], 
            [-65.5426886441655, 48.424140461713], 
            [-65.5052948334897, 48.3791293933069], 
            [-65.3456741635318, 48.3587057896406], 
            [-65.3252505598654, 48.3341183249009], 
            [-65.2556520267196, 48.313685728014], 
            [-65.2352284230532, 48.2890982632743], 
            [-65.1656298899074, 48.2686746596079], 
            [-65.1451972930206, 48.2440871948683], 
            [-65.0755987598748, 48.2236635912018], 
            [-65.0551751562084, 48.1990761264622], 
            [-65.0305876914687, 48.1786525227958], 
            [-65.0101640878024, 48.1540650580561], 
            [-64.9855766230626, 48.1336414543897], 
            [-64.9651530193963, 48.1051689184109], 
            [-65.206513070122, 48.0004878322478], 
            [-65.3968455879535, 47.9721412013554], 
            [-65.4496088123967, 47.9775191471909], 
            [-65.5257274303765, 48.0211092867643], 
            [-65.6409665573607, 48.0642767449759], 
            [-65.842891336366, 48.10905398965], 
            [-65.8858159776252, 48.1336414543897], 
            [-65.9495509310306, 48.1540650580561], 
            [-66.0433592136567, 48.0865439588367], 
            [-66.1029123195478, 48.0607244228939], 
            [-66.2255079008689, 48.0732160061138], 
            [-66.2684235489076, 48.0167385816203], 
            [-66.1794446256689, 48.0258037478447], 
            [-66.1046390178763, 48.018177496894], 
            [-66.0577393731735, 47.9617270520619], 
            [-65.8183038716263, 47.9310871499521], 
            [-65.7012481141091, 47.857324755733], 
            [-65.6571813338514, 47.7071559604793], 
            [-65.5331648236976, 47.6835217771084], 
            [-65.3938058794377, 47.7633276154772], 
            [-65.2152275007485, 47.8407772300852], 
            [-65.0098493250862, 47.8638088676852], 
            [-64.8288337836522, 47.8387987215838], 
            [-64.7158249753423, 47.863961752433], 
            [-64.6950776157393, 47.838978585993], 
            [-64.6704901509996, 47.8185549823266], 
            [-64.6500665473332, 47.793967517587], 
            [-64.6254790825935, 47.7735439139205], 
            [-64.6050554789272, 47.7489564491809], 
            [-64.5741008141012, 47.7232448318836], 
            [-64.7295036636631, 47.6558496377507], 
            [-64.8159375055114, 47.5517890837992], 
            [-64.8884318556455, 47.3047453177423], 
            [-64.9201419509902, 47.2784131682332], 
            [-64.9405655546566, 47.2538257034935], 
            [-64.9821502060671, 47.2192737504833], 
            [-64.9978703554325, 47.1310772374247], 
            [-65.209948480338, 47.2312167472552], 
            [-65.4229888798329, 47.2767404292275], 
            [-65.6480082489815, 47.2390768219379], 
            [-65.8712289740379, 47.1143228677063], 
            [-66.0000208842563, 46.962913008029], 
            [-66.1223106960817, 46.8061341957366], 
            [-66.2703570913067, 46.7973118464647], 
            [-66.4963117553831, 46.8841683696746], 
            [-66.7764685591766, 47.0407583243373], 
            [-66.9068252897553, 47.1996235637765], 
            [-66.9902913688515, 47.3892636036325], 
            [-67.0684334614351, 47.6037069455192]
          ]
        ]
      }, 
      "properties" : {
        "OBJECTID" : 50, 
        "Id" : 50, 
        "gridcode" : 2, 
        "Timestamp" : 1786053600000, 
        "Unixtime" : 1786053600, 
        "Shape__Area" : 37763313322.800781, 
        "Shape__Length" : 1210003.0409005929
      }
    }, 
    {
      "type" : "Feature", 
      "id" : 51, 
      "geometry" : 
      {
        "type" : "Polygon", 
        "coordinates" : 
        [
          [
            [-53.6773123580788, 47.8737823491762], 
            [-53.6877265073724, 47.8391854300637], 
            [-53.7210194095181, 47.7795154123065], 
            [-53.673589164808, 47.7386502185328], 
            [-53.6410157202992, 47.6802752245221], 
            [-53.6461778288436, 47.6160726236528], 
            [-53.6168149640393, 47.613716399892], 
            [-53.5526933021541, 47.7041432316249], 
            [-53.500712487891, 47.8206324162531], 
            [-53.3228895397204, 48.0329263784497], 
            [-53.1674237376153, 48.0900153419346], 
            [-53.0743439058465, 48.0825419757317], 
            [-52.9843217690344, 48.1870342042652], 
            [-52.8445851095152, 48.1758016719097], 
            [-52.7670725423638, 48.182033973689], 
            [-52.7602466880342, 48.0970840132167], 
            [-52.9063145747577, 48.0416587955171], 
            [-52.9658586874284, 47.9725458962762], 
            [-53.0142152338459, 47.9308803058815], 
            [-53.0350525256535, 47.8616864676565], 
            [-53.1076458012127, 47.7689933443675], 
            [-53.1024477197864, 47.7043141028137], 
            [-53.1518564729978, 47.6346256374633], 
            [-53.1168998250668, 47.4807606286002], 
            [-53.0560696818703, 47.5523196838064], 
            [-53.0626707056884, 47.6344727527155], 
            [-52.9428270498284, 47.6849427059412], 
            [-52.8977350424382, 47.681327431316], 
            [-52.8272911465691, 47.8391854300637], 
            [-52.7424760844037, 47.8183481382561], 
            [-52.7216387925961, 47.7941743616575], 
            [-52.67721228352, 47.7558992153766], 
            [-52.6541176933768, 47.7041432316249], 
            [-52.625078584509, 47.6520994648185], 
            [-52.6317425608704, 47.5692179450522], 
            [-52.5755888923135, 47.5208434121938], 
            [-52.6299439167782, 47.4340768211884], 
            [-52.6896858802991, 47.3498103454712], 
            [-52.7424760844037, 47.2315225167508], 
            [-52.7666498610022, 47.2106852249432], 
            [-52.7874871528098, 47.1640014175315], 
            [-52.8116609294083, 47.1431731189444], 
            [-52.8381909297675, 46.9690643708241], 
            [-52.8791820286277, 46.8955987528802], 
            [-52.9077804696929, 46.769720646091], 
            [-53.0273543289391, 46.7030089367132], 
            [-53.0575535632463, 46.7380555168487], 
            [-53.2167695382835, 46.7588928086563], 
            [-53.2376068300911, 46.7830755784752], 
            [-53.3068006683161, 46.8039038770623], 
            [-53.3276289669033, 46.8280866468813], 
            [-53.3968228051283, 46.8489149454684], 
            [-53.4176511037154, 46.8730977152874], 
            [-53.4868449419404, 46.8939260138745], 
            [-53.507682233748, 46.9181087836935], 
            [-53.5318560103465, 46.9389370822806], 
            [-53.5526933021541, 46.9631198520996], 
            [-53.6218871403792, 46.9839571439072], 
            [-53.6427154389663, 47.0081309205057], 
            [-53.6668982087853, 47.0289682123133], 
            [-53.6877265073724, 47.0531419889118], 
            [-53.7119092771914, 47.0739792807193], 
            [-53.7327375757785, 47.0981530573178], 
            [-53.8019314140035, 47.1189903491254], 
            [-53.8227597125906, 47.1431731189444], 
            [-53.8469424824096, 47.1640014175315], 
            [-53.8677797742171, 47.1881841873504], 
            [-53.8919535508156, 47.2090124859375], 
            [-53.9307323174424, 47.2540235543436], 
            [-53.9819846808483, 47.2331952557565], 
            [-54.0028129794354, 47.2090124859375], 
            [-54.0269957492544, 47.1881841873504], 
            [-54.0478240478415, 47.1640014175315], 
            [-54.0720068176605, 47.1431731189444], 
            [-54.1107855842872, 47.0981530573178], 
            [-54.0925293467519, 47.1739029532588], 
            [-54.0478240478415, 47.2540235543436], 
            [-54.019630301697, 47.408617014064], 
            [-53.9801860367562, 47.4792947336651], 
            [-53.9821105859347, 47.5031627407679], 
            [-53.9578019110293, 47.5240989580006], 
            [-53.9369646192217, 47.5482817278196], 
            [-53.9127908426232, 47.5691100264067], 
            [-53.8919535508156, 47.5932927962256], 
            [-53.8677797742171, 47.6141210948127], 
            [-53.8469424824096, 47.6833149330378], 
            [-53.8227597125906, 47.7041432316249], 
            [-53.8019314140035, 47.7283260014439], 
            [-53.7777486441845, 47.7491632932515], 
            [-53.7569203455974, 47.8183481382561], 
            [-53.7327375757785, 47.8391854300637], 
            [-53.7119092771914, 47.8633681998826], 
            [-53.6773123580788, 47.8737823491762]
          ]
        ]
      }, 
      "properties" : {
        "OBJECTID" : 51, 
        "Id" : 51, 
        "gridcode" : 1, 
        "Timestamp" : 1786053600000, 
        "Unixtime" : 1786053600, 
        "Shape__Area" : 21644116686.949219, 
        "Shape__Length" : 938016.4741259251
      }
    }, 
    {
      "type" : "Feature", 
      "id" : 52, 
      "geometry" : 
      {
        "type" : "Polygon", 
        "coordinates" : 
        [
          [
            [-121.308092894172, 46.6584475293301], 
            [-121.409500448087, 46.6723150752806], 
            [-121.520269944502, 46.7749457071787], 
            [-121.523021869963, 46.8444093420176], 
            [-121.381657437541, 47.2909227378941], 
            [-121.341421769199, 47.3669604168898], 
            [-121.301554822897, 47.4514337366777], 
            [-121.274728046262, 47.4803829133409], 
            [-121.240571794952, 47.4790339302717], 
            [-121.206811245343, 47.4803739201204], 
            [-121.173050695733, 47.4790339302717], 
            [-121.082129236875, 47.482631218456], 
            [-120.940872723098, 47.4379169263252], 
            [-120.798519036424, 47.3060223550477], 
            [-120.72562898459, 47.1188284711571], 
            [-120.496247903518, 47.127920617043], 
            [-120.440319065472, 47.076101680748], 
            [-120.36024343049, 46.9896768321202], 
            [-120.263179602057, 46.9270030787292], 
            [-120.486661130507, 46.8294716028323], 
            [-120.588887067484, 46.825424653625], 
            [-120.826362046971, 46.8563883116713], 
            [-121.048845327949, 46.759297503577], 
            [-121.297265056737, 46.6701297227086], 
            [-121.308092894172, 46.6584475293301]
          ]
        ]
      }, 
      "properties" : {
        "OBJECTID" : 52, 
        "Id" : 52, 
        "gridcode" : 2, 
        "Timestamp" : 1786053600000, 
        "Unixtime" : 1786053600, 
        "Shape__Area" : 10461004111.75, 
        "Shape__Length" : 447422.8256008685
      }
    }, 
    {
      "type" : "Feature", 
      "id" : 53, 
      "geometry" : 
      {
        "type" : "Polygon", 
        "coordinates" : 
        [
          [
            [-70.9844863449688, 46.5459243549251], 
            [-71.1147261636814, 46.5831562876327], 
            [-71.1970501037792, 46.6958593264469], 
            [-71.1770311950336, 46.8284913418021], 
            [-71.1320201266275, 46.9455920654216], 
            [-71.1598811236149, 46.9399353297517], 
            [-71.2671522572708, 46.8059903042093], 
            [-71.3545933398107, 46.8840694442495], 
            [-71.3285669597973, 47.0459024464408], 
            [-71.2335625788499, 47.0577195381263], 
            [-71.1309139605108, 46.9827340659245], 
            [-71.0146765860555, 47.0510645549853], 
            [-70.8267362648667, 47.022717924093], 
            [-70.7494215485656, 46.8911920748545], 
            [-70.7769587896164, 46.7086207062807], 
            [-70.9269747001222, 46.5784348468907], 
            [-70.974476890596, 46.5584159381451], 
            [-70.9844863449688, 46.5459243549251]
          ]
        ]
      }, 
      "properties" : {
        "OBJECTID" : 53, 
        "Id" : 53, 
        "gridcode" : 1, 
        "Timestamp" : 1786053600000, 
        "Unixtime" : 1786053600, 
        "Shape__Area" : 3639635475.859375, 
        "Shape__Length" : 302597.65013472096
      }
    }, 
    {
      "type" : "Feature", 
      "id" : 54, 
      "geometry" : 
      {
        "type" : "Polygon", 
        "coordinates" : 
        [
          [
            [-119.957724869107, 46.2758489512682], 
            [-120.079448108044, 46.2866767887029], 
            [-120.057477670458, 46.3972214546066], 
            [-119.987816184769, 46.4425832586106], 
            [-119.929396224656, 46.3911959968978], 
            [-119.957724869107, 46.2758489512682]
          ]
        ]
      }, 
      "properties" : {
        "OBJECTID" : 54, 
        "Id" : 54, 
        "gridcode" : 2, 
        "Timestamp" : 1786053600000, 
        "Unixtime" : 1786053600, 
        "Shape__Area" : 313002161.5390625, 
        "Shape__Length" : 71726.3730096173
      }
    }, 
    {
      "type" : "Feature", 
      "id" : 55, 
      "geometry" : 
      {
        "type" : "Polygon", 
        "coordinates" : 
        [
          [
            [-81.8549246650412, 46.1633167836428], 
            [-81.8825428450762, 46.1714376617188], 
            [-81.8626228617556, 46.1895050416244], 
            [-81.8549246650412, 46.1633167836428]
          ]
        ]
      }, 
      "properties" : {
        "OBJECTID" : 55, 
        "Id" : 55, 
        "gridcode" : 2, 
        "Timestamp" : 1786053600000, 
        "Unixtime" : 1786053600, 
        "Shape__Area" : 5912592.1953125, 
        "Shape__Length" : 11290.993976791935
      }
    }, 
    {
      "type" : "Feature", 
      "id" : 56, 
      "geometry" : 
      {
        "type" : "Polygon", 
        "coordinates" : 
        [
          [
            [-63.4899590943367, 46.5459243549251], 
            [-63.5037187216416, 46.4359732415719], 
            [-63.5474707391832, 46.2433384593025], 
            [-63.5574801935561, 46.185826814456], 
            [-63.6750935307418, 46.1978237705506], 
            [-63.7704486472872, 46.2654348019746], 
            [-63.8396424855122, 46.308773131375], 
            [-63.8604797773198, 46.3554569387868], 
            [-64.1322279199825, 46.3762852373739], 
            [-64.1864120732585, 46.4065204445629], 
            [-64.1530562185696, 46.4663163674065], 
            [-64.1210403537293, 46.572661199355], 
            [-64.4320978630259, 46.6043892811405], 
            [-64.4681426906326, 46.7038363129955], 
            [-64.3297550141825, 46.8230594366437], 
            [-64.2149295753396, 46.9563479570926], 
            [-64.1421744218121, 46.988813482956], 
            [-64.0149383387333, 47.0790244773978], 
            [-63.9433253242043, 47.0732688163029], 
            [-63.9522465989014, 46.9622834825967], 
            [-63.9456455750832, 46.8801304136877], 
            [-63.9779582161987, 46.8222050807], 
            [-63.9725622839222, 46.7550347170786], 
            [-63.7215525076421, 46.6103158134241], 
            [-63.5025765826431, 46.5605653178353], 
            [-63.4899590943367, 46.5459243549251]
          ]
        ]
      }, 
      "properties" : {
        "OBJECTID" : 56, 
        "Id" : 56, 
        "gridcode" : 1, 
        "Timestamp" : 1786053600000, 
        "Unixtime" : 1786053600, 
        "Shape__Area" : 6785534300.9960938, 
        "Shape__Length" : 428653.72598416248
      }
    }, 
    {
      "type" : "Feature", 
      "id" : 57, 
      "geometry" : 
      {
        "type" : "Polygon", 
        "coordinates" : 
        [
          [
            [-124.00881995108, 46.1633167836428], 
            [-124.039208043017, 46.1961240518835], 
            [-124.116019138972, 46.2323667303404], 
            [-124.088023243678, 46.6701297227086], 
            [-124.064110270473, 46.6922890179239], 
            [-124.133034312084, 46.7367964659842], 
            [-124.154680993733, 46.8501829895534], 
            [-124.200546418083, 46.9168407396085], 
            [-124.232166581223, 47.1810345770842], 
            [-124.267213161358, 47.2552915984286], 
            [-124.329581145254, 47.3130820331094], 
            [-124.373135311945, 47.3953969799867], 
            [-124.417624773564, 47.6284203153454], 
            [-124.447293407864, 47.6604361801856], 
            [-124.537279571795, 47.6568658716627], 
            [-124.515632890146, 47.6829102381171], 
            [-124.44954171298, 47.714098726675], 
            [-124.604800671014, 47.8404534741486], 
            [-124.673176126177, 47.8846011933904], 
            [-124.702044363856, 47.945764085744], 
            [-124.773099798717, 47.9792998048422], 
            [-124.72611921503, 48.0680808772308], 
            [-124.796221368521, 48.1699560786102], 
            [-124.739806896571, 48.2222246759281], 
            [-124.740724205058, 48.2454721508192], 
            [-124.717134987789, 48.3127864059679], 
            [-124.784853937859, 48.41119921747], 
            [-124.582299633421, 48.4031053190553], 
            [-124.28345491751, 48.2890712836129], 
            [-124.227139370985, 48.2913016022872], 
            [-124.109669925327, 48.2455620830238], 
            [-124.098842087892, 48.2338798896453], 
            [-124.088221094528, 48.1094586845707], 
            [-124.038146843002, 47.9224896311916], 
            [-123.916234746436, 47.813563744971], 
            [-123.815771480669, 47.6555888343573], 
            [-123.818208643414, 47.6146876677018], 
            [-123.792586958321, 47.4462446484719], 
            [-123.622318315338, 47.2024924011035], 
            [-123.460800075863, 46.8153162738271], 
            [-123.435547112809, 46.6109453388564], 
            [-123.511926534182, 46.3980758105503], 
            [-123.67427214994, 46.2530241577388], 
            [-123.869973620386, 46.1777868753641], 
            [-124.00881995108, 46.1633167836428]
          ], 
          [
            [-123.986309920267, 46.6359464917373], 
            [-123.964843103027, 46.6838803567931], 
            [-124.039909514213, 46.6689695972691], 
            [-123.986309920267, 46.6359464917373]
          ]
        ]
      }, 
      "properties" : {
        "OBJECTID" : 57, 
        "Id" : 57, 
        "gridcode" : 1, 
        "Timestamp" : 1786053600000, 
        "Unixtime" : 1786053600, 
        "Shape__Area" : 24664900481.804688, 
        "Shape__Length" : 917412.630794282
      }
    }, 
    {
      "type" : "Feature", 
      "id" : 58, 
      "geometry" : 
      {
        "type" : "Polygon", 
        "coordinates" : 
        [
          [
            [-120.362833477983, 46.1408157460499], 
            [-120.484745574549, 46.1524439801057], 
            [-120.527202568344, 46.2604435646189], 
            [-120.474385384578, 46.3894872850103], 
            [-120.382537624012, 46.4575839503391], 
            [-120.241946608549, 46.4783582896035], 
            [-120.293603666876, 46.2335628286617], 
            [-120.362833477983, 46.1408157460499]
          ]
        ]
      }, 
      "properties" : {
        "OBJECTID" : 58, 
        "Id" : 58, 
        "gridcode" : 4, 
        "Timestamp" : 1786053600000, 
        "Unixtime" : 1786053600, 
        "Shape__Area" : 1145662773.3359375, 
        "Shape__Length" : 141028.79340667653
      }
    }, 
    {
      "type" : "Feature", 
      "id" : 59, 
      "geometry" : 
      {
        "type" : "Polygon", 
        "coordinates" : 
        [
          [
            [-81.6298693230108, 46.0057735476112], 
            [-81.5781133392591, 45.996654422064], 
            [-81.6176385431842, 45.9772020862074], 
            [-81.6298693230108, 46.0057735476112]
          ]
        ]
      }, 
      "properties" : {
        "OBJECTID" : 59, 
        "Id" : 59, 
        "gridcode" : 1, 
        "Timestamp" : 1786053600000, 
        "Unixtime" : 1786053600, 
        "Shape__Area" : 12192798.234375, 
        "Shape__Length" : 16111.815304842639
      }
    }, 
    {
      "type" : "Feature", 
      "id" : 60, 
      "geometry" : 
      {
        "type" : "Polygon", 
        "coordinates" : 
        [
          [
            [-63.0398394170554, 46.0957956844234], 
            [-63.0979626008933, 46.1277036306182], 
            [-63.1186110350711, 46.1565089157539], 
            [-63.1688651510058, 46.0864067622623], 
            [-63.3156884682481, 46.1182517559139], 
            [-63.4993570097182, 46.1764288990745], 
            [-63.5574801935561, 46.185826814456], 
            [-63.5474707391832, 46.2433384593025], 
            [-63.5037187216416, 46.4359732415719], 
            [-63.4899590943367, 46.5459243549251], 
            [-63.4557758633653, 46.5350965174904], 
            [-63.3233057259784, 46.5298444767413], 
            [-63.2315748772787, 46.4667210623272], 
            [-63.0531224036759, 46.4423314484377], 
            [-62.8816037030484, 46.449130323106], 
            [-62.6464130015587, 46.4900854490843], 
            [-61.995870413089, 46.5117321307333], 
            [-61.9262179206205, 46.4476644281709], 
            [-62.1051650213486, 46.342461735221], 
            [-62.2458189893548, 46.3089619890047], 
            [-62.3338356380042, 46.2623861002384], 
            [-62.3863380590541, 46.1511399631389], 
            [-62.4222839612357, 46.1525608919717], 
            [-62.4200356561206, 46.0957956844234], 
            [-62.4218163137718, 46.0507846160173], 
            [-62.4196039815384, 45.9949187305151], 
            [-62.4636977414576, 45.9540625299618], 
            [-62.7320194671246, 45.925509054999], 
            [-62.8328244752693, 45.9295020448835], 
            [-62.960645117678, 46.0174557409898], 
            [-63.0949408788184, 46.0430954125234], 
            [-63.0506672544901, 46.0841134910448], 
            [-63.0398394170554, 46.0957956844234]
          ], 
          [
            [-62.9896212740025, 46.1066055354172], 
            [-63.0108003081876, 46.1487837393781], 
            [-63.0398394170554, 46.0957956844234], 
            [-62.9896212740025, 46.1066055354172]
          ]
        ]
      }, 
      "properties" : {
        "OBJECTID" : 60, 
        "Id" : 60, 
        "gridcode" : 2, 
        "Timestamp" : 1786053600000, 
        "Unixtime" : 1786053600, 
        "Shape__Area" : 10512042634.757813, 
        "Shape__Length" : 537032.338717169
      }
    }, 
    {
      "type" : "Feature", 
      "id" : 61, 
      "geometry" : 
      {
        "type" : "Polygon", 
        "coordinates" : 
        [
          [
            [-102.290453341748, 46.2083278520488], 
            [-102.301272185963, 46.2650211138334], 
            [-102.347146603533, 46.4667210623272], 
            [-102.368793285182, 46.7516712526263], 
            [-102.280282009407, 47.1747123431002], 
            [-102.255982327722, 47.7314466489438], 
            [-102.167147296011, 47.8170890873915], 
            [-101.709509286424, 47.6485021766342], 
            [-101.524608673751, 47.6132037863257], 
            [-101.428282289396, 47.6170169118011], 
            [-101.152415251762, 47.6893044178647], 
            [-100.57286514561, 47.9273549634609], 
            [-100.354923440964, 47.9412944551751], 
            [-100.354923440964, 47.8737823491762], 
            [-100.309912372558, 47.8737823491762], 
            [-100.309912372558, 47.8062612499568], 
            [-100.345570491685, 47.7743982698643], 
            [-100.451771432106, 47.655543868255], 
            [-100.741847758068, 47.3963682477965], 
            [-100.976301015479, 47.1324262204938], 
            [-101.139968634645, 46.8312342740426], 
            [-101.217670059426, 46.5410949955377], 
            [-101.230800161298, 46.3208600196742], 
            [-101.204611903317, 45.8814063018594], 
            [-101.232661757934, 45.8032192431736], 
            [-101.300182857153, 45.8032192431736], 
            [-101.300182857153, 45.8482303115797], 
            [-101.390204993965, 45.8482303115797], 
            [-101.390204993965, 45.8932413799858], 
            [-101.480227130777, 45.8932413799858], 
            [-101.480227130777, 45.9382614416123], 
            [-101.57025826081, 45.9382614416123], 
            [-101.57025826081, 45.9832725100184], 
            [-101.705291466028, 45.9832725100184], 
            [-101.705291466028, 46.0282835784245], 
            [-101.79531360284, 46.0282835784245], 
            [-101.79531360284, 46.0732946468306], 
            [-101.930355801279, 46.0732946468306], 
            [-101.930355801279, 46.1183057152367], 
            [-102.020377938091, 46.1183057152367], 
            [-102.020377938091, 46.1633167836428], 
            [-102.200422211716, 46.1633167836428], 
            [-102.200422211716, 46.2083278520488], 
            [-102.290453341748, 46.2083278520488]
          ]
        ]
      }, 
      "properties" : {
        "OBJECTID" : 61, 
        "Id" : 61, 
        "gridcode" : 1, 
        "Timestamp" : 1786053600000, 
        "Unixtime" : 1786053600, 
        "Shape__Area" : 41436696390.84375, 
        "Shape__Length" : 1053371.9299569328
      }
    }, 
    {
      "type" : "Feature", 
      "id" : 62, 
      "geometry" : 
      {
        "type" : "Polygon", 
        "coordinates" : 
        [
          [
            [-62.6347308081802, 45.7807182055808], 
            [-62.6150446485916, 45.8574213828906], 
            [-62.4679965008378, 45.8364132198943], 
            [-62.5033128775872, 45.7903139718125], 
            [-62.6347308081802, 45.7807182055808]
          ]
        ]
      }, 
      "properties" : {
        "OBJECTID" : 62, 
        "Id" : 62, 
        "gridcode" : 2, 
        "Timestamp" : 1786053600000, 
        "Unixtime" : 1786053600, 
        "Shape__Area" : 154799387.72265625, 
        "Shape__Length" : 52212.124598305687
      }
    }, 
    {
      "type" : "Feature", 
      "id" : 63, 
      "geometry" : 
      {
        "type" : "Polygon", 
        "coordinates" : 
        [
          [
            [-122.275853347954, 45.7356981439543], 
            [-122.462264821664, 45.7462022254524], 
            [-122.550973948289, 45.812185483973], 
            [-122.578034548655, 45.9693599979656], 
            [-122.475304991332, 46.1202662372971], 
            [-122.312140992513, 46.1588291666328], 
            [-122.141458661388, 46.0973784912245], 
            [-122.113669610164, 45.9359501839539], 
            [-122.191047279009, 45.8045502398018], 
            [-122.266248588502, 45.7486124085359], 
            [-122.275853347954, 45.7356981439543]
          ]
        ]
      }, 
      "properties" : {
        "OBJECTID" : 63, 
        "Id" : 63, 
        "gridcode" : 4, 
        "Timestamp" : 1786053600000, 
        "Unixtime" : 1786053600, 
        "Shape__Area" : 2670594617.890625, 
        "Shape__Length" : 191269.85268217471
      }
    }, 
    {
      "type" : "Feature", 
      "id" : 64, 
      "geometry" : 
      {
        "type" : "Polygon", 
        "coordinates" : 
        [
          [
            [-116.424270563636, 45.6681860379554], 
            [-116.519247964922, 45.6975129298779], 
            [-116.604809464385, 45.7739642970148], 
            [-116.65994689903, 45.8754348034735], 
            [-116.633461864773, 46.0809029113404], 
            [-116.485487415312, 46.2847972056266], 
            [-116.331991128488, 46.2939433108352], 
            [-116.283679548173, 46.2507758526236], 
            [-116.191822794386, 46.0817392808432], 
            [-116.327143782659, 45.7573628120442], 
            [-116.413649570271, 45.6800660821841], 
            [-116.424270563636, 45.6681860379554]
          ]
        ]
      }, 
      "properties" : {
        "OBJECTID" : 64, 
        "Id" : 64, 
        "gridcode" : 2, 
        "Timestamp" : 1786053600000, 
        "Unixtime" : 1786053600, 
        "Shape__Area" : 3574490739.734375, 
        "Shape__Length" : 240988.71953490027
      }
    }, 
    {
      "type" : "Feature", 
      "id" : 65, 
      "geometry" : 
      {
        "type" : "Polygon", 
        "coordinates" : 
        [
          [
            [-73.5276791590659, 45.5331438395166], 
            [-73.5951912650648, 45.5331438395166], 
            [-73.5951912650648, 45.5781639011432], 
            [-73.5276791590659, 45.5781639011432], 
            [-73.5276791590659, 45.5331438395166]
          ]
        ]
      }, 
      "properties" : {
        "OBJECTID" : 65, 
        "Id" : 65, 
        "gridcode" : 2, 
        "Timestamp" : 1786053600000, 
        "Unixtime" : 1786053600, 
        "Shape__Area" : 53789572.3046875, 
        "Shape__Length" : 29345.294786643237
      }
    }, 
    {
      "type" : "Feature", 
      "id" : 66, 
      "geometry" : 
      {
        "type" : "Polygon", 
        "coordinates" : 
        [
          [
            [-60.7217109382092, 45.5331438395166], 
            [-60.7468200097356, 45.620944650875], 
            [-60.883202198023, 45.9565896249113], 
            [-61.054145332541, 46.240145866039], 
            [-61.1680714493378, 46.3898470138287], 
            [-61.1943406463037, 46.4108821564864], 
            [-61.0873123296003, 46.544692283722], 
            [-61.0944619398666, 46.6021859421276], 
            [-61.0879418550325, 46.6546703767366], 
            [-61.0017957962389, 46.6909670145162], 
            [-60.9075288593693, 46.8250829112474], 
            [-60.7992414918014, 46.8485102505477], 
            [-60.7792225830557, 46.8735024102082], 
            [-60.6642082865831, 46.8935213189538], 
            [-60.6441893778374, 46.9185134786142], 
            [-60.5047584878139, 46.9385323873599], 
            [-60.262283277751, 46.8834579052582], 
            [-60.3117100174033, 46.6213504949295], 
            [-60.4126409306344, 46.4831786557704], 
            [-60.4291344969594, 46.3883811188936], 
            [-60.3532766823729, 46.4195516210106], 
            [-60.3391123601472, 46.3658710880803], 
            [-60.2826259424332, 46.3548453997955], 
            [-60.1819918054774, 46.2866318226006], 
            [-60.0858183058701, 46.2885923446611], 
            [-59.9481590802773, 46.2439230186325], 
            [-59.9004680321739, 46.2193535403337], 
            [-59.7662711964585, 46.193165282352], 
            [-59.7649761727121, 46.1293493899624], 
            [-59.8322184820972, 46.0301451750599], 
            [-59.6530015847553, 46.0668555009807], 
            [-59.6515626694816, 45.9961418084977], 
            [-59.6749540359, 45.97178816749], 
            [-59.7429247961423, 45.9497367909203], 
            [-59.7649851659326, 45.9267770990839], 
            [-59.8800983878303, 45.9043030411525], 
            [-59.9675394703702, 45.859264993085], 
            [-60.0355102306126, 45.8372046232948], 
            [-60.0346109085665, 45.7928050938801], 
            [-60.103247167123, 45.7462741712161], 
            [-60.1701027680282, 45.7476411407262], 
            [-60.2332531621037, 45.6819096923785], 
            [-60.3726480792454, 45.6342006578342], 
            [-60.5963184653248, 45.5796747621806], 
            [-60.6652245204951, 45.544178521022], 
            [-60.7217109382092, 45.5331438395166]
          ], 
          [
            [-60.365300618129, 46.3581728913659], 
            [-60.3472332382233, 46.3382529080454], 
            [-60.3391123601472, 46.3658710880803], 
            [-60.365300618129, 46.3581728913659]
          ], 
          [
            [-60.4553227549411, 46.3806829221792], 
            [-60.4372553750355, 46.3607629388586], 
            [-60.4291344969594, 46.3883811188936], 
            [-60.4553227549411, 46.3806829221792]
          ]
        ]
      }, 
      "properties" : {
        "OBJECTID" : 66, 
        "Id" : 66, 
        "gridcode" : 1, 
        "Timestamp" : 1786053600000, 
        "Unixtime" : 1786053600, 
        "Shape__Area" : 19823279869.9375, 
        "Shape__Length" : 714246.31173064571
      }
    }, 
    {
      "type" : "Feature", 
      "id" : 67, 
      "geometry" : 
      {
        "type" : "Polygon", 
        "coordinates" : 
        [
          [
            [-122.680961956829, 45.4656317335178], 
            [-122.720163404817, 45.4765405099367], 
            [-122.893318871569, 45.6102067456449], 
            [-122.868272752585, 45.7004986790708], 
            [-122.697113780776, 45.6788430042014], 
            [-122.68722123827, 45.6119154575324], 
            [-122.695638892621, 45.5549793787954], 
            [-122.680961956829, 45.4656317335178]
          ]
        ]
      }, 
      "properties" : {
        "OBJECTID" : 67, 
        "Id" : 67, 
        "gridcode" : 2, 
        "Timestamp" : 1786053600000, 
        "Unixtime" : 1786053600, 
        "Shape__Area" : 546617236.75, 
        "Shape__Length" : 101497.58307402233
      }
    }, 
    {
      "type" : "Feature", 
      "id" : 68, 
      "geometry" : 
      {
        "type" : "Polygon", 
        "coordinates" : 
        [
          [
            [-122.568429789203, 45.4206206651117], 
            [-122.667642997326, 45.4318981635695], 
            [-122.638082281672, 45.4713604149513], 
            [-122.584536647049, 45.4833663642664], 
            [-122.568429789203, 45.4206206651117]
          ]
        ]
      }, 
      "properties" : {
        "OBJECTID" : 68, 
        "Id" : 68, 
        "gridcode" : 2, 
        "Timestamp" : 1786053600000, 
        "Unixtime" : 1786053600, 
        "Shape__Area" : 68907106.4921875, 
        "Shape__Length" : 34637.374438139486
      }
    }, 
    {
      "type" : "Feature", 
      "id" : 69, 
      "geometry" : 
      {
        "type" : "Polygon", 
        "coordinates" : 
        [
          [
            [-73.9102777371278, 47.2436094050501], 
            [-73.8427656311289, 47.2436094050501], 
            [-73.8427656311289, 47.2886204734561], 
            [-73.7077234326902, 47.2886204734561], 
            [-73.7077234326902, 47.3336315418622], 
            [-73.6627123642841, 47.3336315418622], 
            [-73.6627123642841, 47.3786426102683], 
            [-73.572690227472, 47.3786426102683], 
            [-73.572690227472, 47.4236626718949], 
            [-73.5276791590659, 47.4236626718949], 
            [-73.5276791590659, 47.468673740301], 
            [-73.4826680906598, 47.468673740301], 
            [-73.4826680906598, 47.5586958771131], 
            [-73.4376480290333, 47.5586958771131], 
            [-73.4376480290333, 47.6037069455192], 
            [-73.3926369606272, 47.6037069455192], 
            [-73.3926369606272, 47.7387401507374], 
            [-73.3809547672486, 47.7279213065232], 
            [-73.2090583513618, 47.6979918688298], 
            [-72.7696675860902, 47.7154027436418], 
            [-72.7042688868996, 47.6807968313088], 
            [-72.2547607486096, 47.637899169711], 
            [-72.2576026062752, 47.7096740622083], 
            [-72.0989711905679, 47.6820468889529], 
            [-71.8613703059947, 47.6495813630895], 
            [-71.6263414824734, 47.614534782954], 
            [-71.1890461375691, 47.5641817415942], 
            [-70.6727273644762, 47.4829909472745], 
            [-70.2868012948438, 47.4461637094877], 
            [-70.3045359255924, 47.3770508102468], 
            [-70.4031196082832, 47.3356460232455], 
            [-70.4904707586185, 47.3552242641885], 
            [-70.5251755963766, 47.3019394329585], 
            [-70.5435577389984, 47.252800476361], 
            [-70.6602088015949, 47.1218861661138], 
            [-70.6693998729057, 47.0860661690186], 
            [-70.6145052552133, 47.1025957082255], 
            [-70.4748405414578, 47.1805219635179], 
            [-70.4790403754129, 47.2328265337176], 
            [-70.4664768464293, 47.2765335851569], 
            [-70.3271538750512, 47.2253711539557], 
            [-70.2088660463309, 47.3232173925687], 
            [-70.0842469904062, 47.3786426102683], 
            [-70.0492453763729, 47.368642149116], 
            [-69.9310025137549, 47.3231904129073], 
            [-69.8109700002652, 47.1654673124666], 
            [-69.6716740085486, 46.9361401907173], 
            [-69.6566283507178, 46.8835118645809], 
            [-69.7016394191238, 46.8835118645809], 
            [-69.7016394191238, 46.9285229329871], 
            [-69.8816926859686, 46.9285229329871], 
            [-69.8816926859686, 46.8385007961749], 
            [-69.9267037543747, 46.8385007961749], 
            [-69.9267037543747, 46.7484786593627], 
            [-69.9717148227808, 46.7484786593627], 
            [-69.9717148227808, 46.568425392518], 
            [-70.0167258911869, 46.568425392518], 
            [-70.0167258911869, 46.0282835784245], 
            [-69.9717148227808, 46.0282835784245], 
            [-69.9717148227808, 45.9382614416123], 
            [-69.9267037543747, 45.9382614416123], 
            [-69.9267037543747, 45.8932413799858], 
            [-69.8816926859686, 45.8932413799858], 
            [-69.8816926859686, 45.8482303115797], 
            [-69.8366816175625, 45.8482303115797], 
            [-69.8366816175625, 45.8032192431736], 
            [-69.5440961830923, 45.8032192431736], 
            [-69.5637014036968, 45.7428117813387], 
            [-69.7060460971496, 45.5632711280602], 
            [-69.8031458984644, 45.499617113639], 
            [-69.8971520319407, 45.4358911534541], 
            [-70.0298380066187, 45.4087136412217], 
            [-70.0729964716098, 45.4095949768268], 
            [-70.3268840784374, 45.4044148818414], 
            [-70.4704518498729, 45.4509997638281], 
            [-70.5600602985439, 45.4944729915354], 
            [-70.7979489661718, 45.6504424139863], 
            [-70.9959706874972, 45.8142449314585], 
            [-71.3609875195583, 46.154206651316], 
            [-71.7789564336924, 46.4171324447066], 
            [-72.0297143997997, 46.466091536895], 
            [-72.1541445980947, 46.6143177965292], 
            [-72.2499134027813, 46.8720365152731], 
            [-72.3353130242766, 46.8465497284873], 
            [-72.503198463838, 46.5904857623082], 
            [-72.6428811640344, 46.4174472074228], 
            [-72.7316082771002, 46.2821082327089], 
            [-72.8612545432625, 46.1575431361069], 
            [-72.8931804758982, 45.8311521859247], 
            [-72.9725546396848, 45.7485314695518], 
            [-73.0694206172676, 45.7153734657129], 
            [-73.2194005548916, 45.788137612461], 
            [-73.3721863772994, 45.9349339500419], 
            [-73.4491323715616, 46.0618192975226], 
            [-73.4711837481314, 46.1072800269517], 
            [-73.4941434399677, 46.1518414343348], 
            [-73.5747226952961, 46.3687129457459], 
            [-73.6271891434641, 46.419110953208], 
            [-73.8771017468481, 46.9449985128712], 
            [-73.8762833637862, 46.9849823710397], 
            [-73.899683723425, 47.0762815451573], 
            [-73.8975433369554, 47.1814122923435], 
            [-73.9102777371278, 47.2436094050501]
          ], 
          [
            [-70.7144199345323, 47.0860661690186], 
            [-70.7144199345323, 47.0635651314258], 
            [-70.6693998729057, 47.0635651314258], 
            [-70.6693998729057, 47.0860661690186], 
            [-70.7144199345323, 47.0860661690186]
          ], 
          [
            [-70.7655643792926, 47.0545449313036], 
            [-70.7269295041932, 47.0343101852669], 
            [-70.7144199345323, 47.0635651314258], 
            [-70.7655643792926, 47.0545449313036]
          ], 
          [
            [-70.9844863449688, 46.5459243549251], 
            [-70.974476890596, 46.5584159381451], 
            [-70.9269747001222, 46.5784348468907], 
            [-70.7769587896164, 46.7086207062807], 
            [-70.7494215485656, 46.8911920748545], 
            [-70.8267362648667, 47.022717924093], 
            [-71.0146765860555, 47.0510645549853], 
            [-71.1309139605108, 46.9827340659245], 
            [-71.2335625788499, 47.0577195381263], 
            [-71.3285669597973, 47.0459024464408], 
            [-71.3545933398107, 46.8840694442495], 
            [-71.2671522572708, 46.8059903042093], 
            [-71.1598811236149, 46.9399353297517], 
            [-71.1320201266275, 46.9455920654216], 
            [-71.1770311950336, 46.8284913418021], 
            [-71.1970501037792, 46.6958593264469], 
            [-71.1147261636814, 46.5831562876327], 
            [-70.9844863449688, 46.5459243549251]
          ]
        ]
      }, 
      "properties" : {
        "OBJECTID" : 69, 
        "Id" : 69, 
        "gridcode" : 2, 
        "Timestamp" : 1786053600000, 
        "Unixtime" : 1786053600, 
        "Shape__Area" : 103848563160.10547, 
        "Shape__Length" : 2342482.8731805529
      }
    }, 
    {
      "type" : "Feature", 
      "id" : 70, 
      "geometry" : 
      {
        "type" : "Polygon", 
        "coordinates" : 
        [
          [
            [-121.105538589734, 45.3756006034852], 
            [-121.248701666249, 45.3865633392268], 
            [-121.31762570786, 45.4781502963991], 
            [-121.340198691217, 45.6092624574965], 
            [-121.253063378172, 45.7678129342196], 
            [-121.13375931554, 45.7431535237162], 
            [-121.056012924657, 45.6398304138426], 
            [-121.030454192107, 45.4913883169174], 
            [-121.105538589734, 45.3756006034852]
          ]
        ]
      }, 
      "properties" : {
        "OBJECTID" : 70, 
        "Id" : 70, 
        "gridcode" : 5, 
        "Timestamp" : 1786053600000, 
        "Unixtime" : 1786053600, 
        "Shape__Area" : 1578291084.3515625, 
        "Shape__Length" : 156923.68762138343
      }
    }, 
    {
      "type" : "Feature", 
      "id" : 71, 
      "geometry" : 
      {
        "type" : "Polygon", 
        "coordinates" : 
        [
          [
            [-124.031329981893, 45.1055341930486], 
            [-124.016158418976, 45.1468310614044], 
            [-124.020978785143, 45.2068068486572], 
            [-124.014377761325, 45.2889599175662], 
            [-124.043884517656, 45.3418490470959], 
            [-124.015960568126, 45.3918963189601], 
            [-124.022606558046, 45.4746789133013], 
            [-123.995033344113, 45.5241056529536], 
            [-123.998468754329, 45.5669043891264], 
            [-123.987128303328, 45.7080799639193], 
            [-124.021032744466, 45.7688381613522], 
            [-124.00881995108, 45.915751410799], 
            [-123.833632016504, 45.8656591728326], 
            [-123.66411880404, 45.7299244964184], 
            [-123.597829776023, 45.5763652570511], 
            [-123.584160080923, 45.4664770962411], 
            [-123.62626633912, 45.3192221044167], 
            [-123.703329245248, 45.2229946454866], 
            [-123.868498732231, 45.1258948441718], 
            [-124.031329981893, 45.1055341930486]
          ]
        ]
      }, 
      "properties" : {
        "OBJECTID" : 71, 
        "Id" : 71, 
        "gridcode" : 1, 
        "Timestamp" : 1786053600000, 
        "Unixtime" : 1786053600, 
        "Shape__Area" : 4627562403.734375, 
        "Shape__Length" : 308081.81244537089
      }
    }, 
    {
      "type" : "Feature", 
      "id" : 72, 
      "geometry" : 
      {
        "type" : "Polygon", 
        "coordinates" : 
        [
          [
            [-66.5507926849344, 45.0830241622354], 
            [-66.5793551531178, 45.3203282705334], 
            [-66.5301532439769, 45.4543002757372], 
            [-66.0402655458182, 45.8743646102387], 
            [-65.8734233198303, 46.0034353102914], 
            [-65.743309406204, 46.038697727718], 
            [-65.6154887637953, 45.9673814894642], 
            [-65.4854737755942, 45.7597999747891], 
            [-65.4367215274764, 45.6313228272867], 
            [-65.425488995121, 45.3756006034852], 
            [-65.4471266835495, 45.3513908540048], 
            [-65.5261321252973, 45.2961994600371], 
            [-65.6293113436435, 45.2643364799447], 
            [-65.7286864297349, 45.2286783608177], 
            [-65.7974665798187, 45.20744536731], 
            [-65.9229220052463, 45.1624342989039], 
            [-66.0000208842563, 45.1836672924117], 
            [-66.0444473933325, 45.2078050961284], 
            [-66.1889864325777, 45.1184574508508], 
            [-66.3151073563194, 45.0949131996845], 
            [-66.476517677149, 45.0277788089449], 
            [-66.5164026098925, 45.0724031688712], 
            [-66.5507926849344, 45.0830241622354]
          ]
        ]
      }, 
      "properties" : {
        "OBJECTID" : 72, 
        "Id" : 72, 
        "gridcode" : 2, 
        "Timestamp" : 1786053600000, 
        "Unixtime" : 1786053600, 
        "Shape__Area" : 12550320920.34375, 
        "Shape__Length" : 456120.393936701
      }
    }, 
    {
      "type" : "Feature", 
      "id" : 73, 
      "geometry" : 
      {
        "type" : "Polygon", 
        "coordinates" : 
        [
          [
            [-81.8549246650412, 46.1633167836428], 
            [-81.8207414340699, 46.1524979394284], 
            [-81.6298693230108, 46.0057735476112], 
            [-81.6402834723044, 46.0403704667237], 
            [-81.7319783481222, 46.1512298953435], 
            [-81.7978267083359, 46.2686004155768], 
            [-81.7076696732168, 46.3088270906978], 
            [-81.7176791275896, 46.4333921872997], 
            [-81.6982897442762, 46.6746802922618], 
            [-81.610003299013, 46.9150870616187], 
            [-81.4746103649763, 47.132021525573], 
            [-81.2697717825417, 47.3786426102683], 
            [-81.2247607141356, 47.3786426102683], 
            [-81.2247607141356, 47.4236626718949], 
            [-81.0447074472908, 47.4236626718949], 
            [-81.0447074472908, 47.468673740301], 
            [-80.4595455715708, 47.468673740301], 
            [-80.4595455715708, 47.513684808707], 
            [-80.3245123663526, 47.513684808707], 
            [-80.3245123663526, 47.5586958771131], 
            [-80.2344902295404, 47.5586958771131], 
            [-80.2344902295404, 47.6037069455192], 
            [-80.1894791611343, 47.6037069455192], 
            [-80.1894791611343, 47.6487180139253], 
            [-80.1444680927282, 47.6487180139253], 
            [-80.1444680927282, 47.6937290823313], 
            [-80.0994570243221, 47.6937290823313], 
            [-80.0994570243221, 47.783760212364], 
            [-80.0544369626956, 47.783760212364], 
            [-80.0544369626956, 47.8287712807701], 
            [-80.0200468876537, 47.8181502874059], 
            [-79.7017228562248, 47.6857431025622], 
            [-79.506426080699, 47.6254435593729], 
            [-79.338351783508, 47.586332043589], 
            [-78.9000491979121, 47.5277142326258], 
            [-78.4871884329997, 47.5523196838064], 
            [-78.3054894068106, 47.6175205321469], 
            [-78.2006554358996, 47.7823482767516], 
            [-78.175816160987, 48.1760444888621], 
            [-78.2258904125124, 48.5526535820972], 
            [-78.2785007522079, 48.7988879583127], 
            [-78.3108493662052, 48.9196759023211], 
            [-78.3214703595694, 48.9990860389896], 
            [-78.208938191944, 48.9990860389896], 
            [-78.208938191944, 49.0440971073957], 
            [-77.9838828499135, 49.0440971073957], 
            [-77.9838828499135, 49.0891081758017], 
            [-77.8488406514748, 49.0891081758017], 
            [-77.8488406514748, 49.1341192442078], 
            [-77.7138074462566, 49.1341192442078], 
            [-77.7138074462566, 49.1791303126139], 
            [-77.5337631726322, 49.1791303126139], 
            [-77.5337631726322, 49.22414138102], 
            [-76.9936123653184, 49.22414138102], 
            [-76.9936123653184, 49.1791303126139], 
            [-76.8585791601001, 49.1791303126139], 
            [-76.8585791601001, 49.1341192442078], 
            [-76.7685480300674, 49.1341192442078], 
            [-76.7685480300674, 49.0891081758017], 
            [-76.7235369616614, 49.0891081758017], 
            [-76.7235369616614, 49.0440971073957], 
            [-76.6335148248492, 49.0440971073957], 
            [-76.6335148248492, 48.9990860389896], 
            [-76.5885037564431, 48.9990860389896], 
            [-76.5885037564431, 48.9540749705835], 
            [-76.5434926880371, 48.9540749705835], 
            [-76.5434926880371, 48.9090639021774], 
            [-76.498481619631, 48.9090639021774], 
            [-76.498481619631, 48.8640438405509], 
            [-76.4534705512249, 48.8640438405509], 
            [-76.4534705512249, 48.7740217037387], 
            [-76.4084594828188, 48.7740217037387], 
            [-76.4084594828188, 48.6839995669266], 
            [-76.3634394211923, 48.6839995669266], 
            [-76.3634394211923, 48.5939774301144], 
            [-76.3184283527862, 48.5939774301144], 
            [-76.3184283527862, 48.4589352316757], 
            [-76.2734172843801, 48.4589352316757], 
            [-76.2734172843801, 48.2338798896453], 
            [-76.228406215974, 48.2338798896453], 
            [-76.228406215974, 47.8737823491762], 
            [-76.1833951475679, 47.8737823491762], 
            [-76.1833951475679, 47.783760212364], 
            [-76.1383840791619, 47.783760212364], 
            [-76.1383840791619, 47.7387401507374], 
            [-76.3765065705218, 47.4817408896304], 
            [-76.6335148248492, 47.2436094050501], 
            [-76.6785258932553, 47.2436094050501], 
            [-76.6785258932553, 47.2886204734561], 
            [-76.813568091694, 47.2886204734561], 
            [-76.813568091694, 47.3336315418622], 
            [-77.6237853094444, 47.3336315418622], 
            [-77.6237853094444, 47.2886204734561], 
            [-77.7588185146627, 47.2886204734561], 
            [-77.7588185146627, 47.2436094050501], 
            [-77.8038295830688, 47.2436094050501], 
            [-77.8038295830688, 47.198598336644], 
            [-77.8488406514748, 47.198598336644], 
            [-77.8488406514748, 47.1535872682379], 
            [-77.8938607131014, 47.1535872682379], 
            [-77.8938607131014, 47.1085761998318], 
            [-77.9388717815074, 47.1085761998318], 
            [-77.9388717815074, 46.9735340013931], 
            [-77.9838828499135, 46.9735340013931], 
            [-77.9838828499135, 46.5234143241119], 
            [-78.0288939183196, 46.5234143241119], 
            [-78.0288939183196, 46.3433700504875], 
            [-77.9838828499135, 46.3433700504875], 
            [-77.9838828499135, 46.0957956844234], 
            [-78.2197660293787, 46.0391024226388], 
            [-78.6872246357083, 45.9578396825554], 
            [-79.0079948231025, 45.8562882371126], 
            [-79.5242236639908, 45.6126618948306], 
            [-79.6038046718481, 45.5088801307135], 
            [-79.648851713136, 45.2260703268842], 
            [-79.7454568873254, 45.0764681045195], 
            [-79.8713889534374, 45.0098283409053], 
            [-80.0107838705791, 44.9609771673624], 
            [-80.2165397615007, 44.9528203164045], 
            [-80.3708274517255, 44.9895666152072], 
            [-80.5717899561415, 45.0844091181863], 
            [-80.7413571279291, 45.2415206796358], 
            [-80.9341627813872, 45.5195281037391], 
            [-81.0113785722633, 45.5439716769514], 
            [-81.2206777920464, 45.7254998319518], 
            [-81.2652212129885, 45.7237371607414], 
            [-81.5882936648207, 45.9138268616205], 
            [-81.6293117433422, 45.8695532372922], 
            [-81.8359129969872, 46.1032690506263], 
            [-81.8549246650412, 46.1633167836428]
          ], 
          [
            [-81.6176385431842, 45.9772020862074], 
            [-81.5781133392591, 45.996654422064], 
            [-81.6298693230108, 46.0057735476112], 
            [-81.6176385431842, 45.9772020862074]
          ]
        ]
      }, 
      "properties" : {
        "OBJECTID" : 73, 
        "Id" : 73, 
        "gridcode" : 2, 
        "Timestamp" : 1786053600000, 
        "Unixtime" : 1786053600, 
        "Shape__Area" : 193772302899.74609, 
        "Shape__Length" : 2576587.5994190681
      }
    }, 
    {
      "type" : "Feature", 
      "id" : 74, 
      "geometry" : 
      {
        "type" : "Polygon", 
        "coordinates" : 
        [
          [
            [-122.90602629208, 44.9254809262039], 
            [-122.983035238885, 44.9382512992581], 
            [-123.050016744877, 45.0272661953787], 
            [-123.005644195123, 45.1376399900935], 
            [-122.975849655737, 45.2475461373444], 
            [-122.853658769337, 45.2685812800021], 
            [-122.761388327409, 45.1999450214457], 
            [-122.78754960573, 45.1150310338552], 
            [-122.896421532628, 45.0509183651905], 
            [-122.90602629208, 44.9254809262039]
          ]
        ]
      }, 
      "properties" : {
        "OBJECTID" : 74, 
        "Id" : 74, 
        "gridcode" : 2, 
        "Timestamp" : 1786053600000, 
        "Unixtime" : 1786053600, 
        "Shape__Area" : 981740534.625, 
        "Shape__Length" : 138653.4350671233
      }
    }, 
    {
      "type" : "Feature", 
      "id" : 75, 
      "geometry" : 
      {
        "type" : "Polygon", 
        "coordinates" : 
        [
          [
            [-121.645680403827, 44.9254809262039], 
            [-121.792809490566, 44.9358950754974], 
            [-122.064449714583, 45.0620609653413], 
            [-122.355119593095, 45.0093606934414], 
            [-122.457471435159, 45.097539220059], 
            [-122.477769133739, 45.3502217353449], 
            [-122.442992350217, 45.3905833087728], 
            [-122.273416185209, 45.5308595615196], 
            [-121.946341750272, 45.6068702608539], 
            [-121.709424350453, 45.5011549543378], 
            [-121.584481538592, 45.393515098643], 
            [-121.523615422514, 45.2844093480131], 
            [-121.508425873155, 45.0954527929122], 
            [-121.574553023203, 44.9898813779233], 
            [-121.635266254534, 44.9375768077236], 
            [-121.645680403827, 44.9254809262039]
          ]
        ]
      }, 
      "properties" : {
        "OBJECTID" : 75, 
        "Id" : 75, 
        "gridcode" : 2, 
        "Timestamp" : 1786053600000, 
        "Unixtime" : 1786053600, 
        "Shape__Area" : 8413884435.4375, 
        "Shape__Length" : 351859.9785718252
      }
    }, 
    {
      "type" : "Feature", 
      "id" : 76, 
      "geometry" : 
      {
        "type" : "Polygon", 
        "coordinates" : 
        [
          [
            [-119.845192701482, 44.7229266217662], 
            [-119.853313579558, 44.6953084417313], 
            [-119.871380959464, 44.7152284250519], 
            [-119.845192701482, 44.7229266217662]
          ]
        ]
      }, 
      "properties" : {
        "OBJECTID" : 76, 
        "Id" : 76, 
        "gridcode" : 4, 
        "Timestamp" : 1786053600000, 
        "Unixtime" : 1786053600, 
        "Shape__Area" : 5760600.0546875, 
        "Shape__Length" : 11286.403329320139
      }
    }, 
    {
      "type" : "Feature", 
      "id" : 77, 
      "geometry" : 
      {
        "type" : "Polygon", 
        "coordinates" : 
        [
          [
            [-122.635950888423, 44.6779155533602], 
            [-122.708822953816, 44.6966214519185], 
            [-122.733869072799, 44.808335236482], 
            [-122.643532173271, 44.8671598915159], 
            [-122.586407236904, 44.842959135256], 
            [-122.571334599412, 44.77569883943], 
            [-122.635950888423, 44.6779155533602]
          ]
        ]
      }, 
      "properties" : {
        "OBJECTID" : 77, 
        "Id" : 77, 
        "gridcode" : 4, 
        "Timestamp" : 1786053600000, 
        "Unixtime" : 1786053600, 
        "Shape__Area" : 363611875.15625, 
        "Shape__Length" : 75029.865915386225
      }
    }, 
    {
      "type" : "Feature", 
      "id" : 78, 
      "geometry" : 
      {
        "type" : "Polygon", 
        "coordinates" : 
        [
          [
            [-63.3774359199317, 44.6554145157674], 
            [-63.4989343283565, 44.6667459735479], 
            [-63.5445749221948, 44.7802943750854], 
            [-63.433400730859, 44.8675645864366], 
            [-63.3469129296879, 44.8317445893414], 
            [-63.3243399463314, 44.7006684011259], 
            [-63.3678311604796, 44.6683197871285], 
            [-63.3774359199317, 44.6554145157674]
          ]
        ]
      }, 
      "properties" : {
        "OBJECTID" : 78, 
        "Id" : 78, 
        "gridcode" : 1, 
        "Timestamp" : 1786053600000, 
        "Unixtime" : 1786053600, 
        "Shape__Area" : 574330806.60546875, 
        "Shape__Length" : 91749.040598817373
      }
    }, 
    {
      "type" : "Feature", 
      "id" : 79, 
      "geometry" : 
      {
        "type" : "Polygon", 
        "coordinates" : 
        [
          [
            [-66.7308369585587, 44.5428823481419], 
            [-66.7891669864672, 44.5520734194528], 
            [-66.8539991127688, 44.579304891008], 
            [-66.9384724325566, 44.5603651687176], 
            [-66.9526457480028, 44.6235785153363], 
            [-66.8582708924876, 44.7972376024335], 
            [-66.7576187690909, 44.8395147318195], 
            [-66.6792968120981, 44.7384669067225], 
            [-66.6317406623016, 44.6252332679011], 
            [-66.712454815937, 44.5695112739262], 
            [-66.7308369585587, 44.5428823481419]
          ]
        ]
      }, 
      "properties" : {
        "OBJECTID" : 79, 
        "Id" : 79, 
        "gridcode" : 1, 
        "Timestamp" : 1786053600000, 
        "Unixtime" : 1786053600, 
        "Shape__Area" : 1046768806.1679688, 
        "Shape__Length" : 130816.75088607866
      }
    }, 
    {
      "type" : "Feature", 
      "id" : 80, 
      "geometry" : 
      {
        "type" : "Polygon", 
        "coordinates" : 
        [
          [
            [-66.2807172812775, 44.2502969136717], 
            [-66.3032273120907, 44.3403280437043], 
            [-66.2894227186835, 44.3839181832776], 
            [-66.0472083120139, 44.5890985080898], 
            [-65.9314475782431, 44.6437323223889], 
            [-65.6847365613432, 44.7796198835509], 
            [-65.5155111319331, 44.857968820205], 
            [-65.5326252304699, 44.7300312659303], 
            [-65.6298419436507, 44.3771103153888], 
            [-65.6955554055575, 44.2277958760789], 
            [-66.1583825033498, 44.2375984863811], 
            [-66.1812882358633, 44.3724608204106], 
            [-66.2680188539869, 44.2601085171944], 
            [-66.2807172812775, 44.2502969136717]
          ], 
          [
            [-66.0781629768398, 44.4078401497032], 
            [-66.0858611735542, 44.4340284076849], 
            [-66.1057811568749, 44.4159610277793], 
            [-66.0781629768398, 44.4078401497032]
          ]
        ]
      }, 
      "properties" : {
        "OBJECTID" : 80, 
        "Id" : 80, 
        "gridcode" : 2, 
        "Timestamp" : 1786053600000, 
        "Unixtime" : 1786053600, 
        "Shape__Area" : 4666894559.1367188, 
        "Shape__Length" : 342245.10609207663
      }
    }, 
    {
      "type" : "Feature", 
      "id" : 81, 
      "geometry" : 
      {
        "type" : "Polygon", 
        "coordinates" : 
        [
          [
            [-66.3032273120907, 44.3403280437043], 
            [-66.2807172812775, 44.2502969136717], 
            [-66.3086142511467, 44.2179123267925], 
            [-66.4254631645933, 44.208532397852], 
            [-66.4301666188943, 44.2671322223742], 
            [-66.3032273120907, 44.3403280437043]
          ]
        ]
      }, 
      "properties" : {
        "OBJECTID" : 81, 
        "Id" : 81, 
        "gridcode" : 1, 
        "Timestamp" : 1786053600000, 
        "Unixtime" : 1786053600, 
        "Shape__Area" : 218712993.08984375, 
        "Shape__Length" : 60493.499857813134
      }
    }, 
    {
      "type" : "Feature", 
      "id" : 82, 
      "geometry" : 
      {
        "type" : "Polygon", 
        "coordinates" : 
        [
          [
            [-63.6250012927754, 45.8932413799858], 
            [-63.6144792248363, 45.905463166592], 
            [-63.5687307123524, 45.9017849394235], 
            [-63.4884662197402, 45.9082330784939], 
            [-63.381365957273, 45.8789241730123], 
            [-63.3414900177501, 45.8326360673008], 
            [-63.2361794061546, 45.8410986877543], 
            [-63.1867616597228, 45.8135164806012], 
            [-63.0644538614565, 45.8233460705648], 
            [-62.7360933959934, 45.7910604091107], 
            [-62.6966671174934, 45.7942260227128], 
            [-62.6347308081802, 45.7807182055808], 
            [-62.6024181670647, 45.7229997166636], 
            [-62.5065414437326, 45.6837533025729], 
            [-62.286459352617, 45.7260664048408], 
            [-62.1748085205967, 45.7934166328714], 
            [-62.094184299166, 45.8264127587419], 
            [-61.9727668297253, 45.9164259023336], 
            [-61.8728791300678, 45.9016680275575], 
            [-61.8825108691812, 45.8365031520989], 
            [-61.8453418890169, 45.7090242520676], 
            [-61.6640205780872, 45.658536312401], 
            [-61.5896466448767, 45.7033944960592], 
            [-61.5063154640873, 45.726597004848], 
            [-61.5449233595253, 45.8590131829121], 
            [-61.5415239221912, 45.8819908611894], 
            [-61.5473695154907, 45.9215430447758], 
            [-61.6198908452862, 45.9512296655167], 
            [-61.6542719271077, 45.9962407339228], 
            [-61.5249404236616, 46.0960654810372], 
            [-61.4682111889951, 46.1909169772368], 
            [-61.3301382752611, 46.2682047138765], 
            [-61.2918451425392, 46.3178203111585], 
            [-61.2993454884035, 46.36859603388], 
            [-61.1943406463037, 46.4108821564864], 
            [-61.1680714493378, 46.3898470138287], 
            [-61.054145332541, 46.240145866039], 
            [-60.883202198023, 45.9565896249113], 
            [-60.7468200097356, 45.620944650875], 
            [-60.7217109382092, 45.5331438395166], 
            [-60.8512402925054, 45.5891895894281], 
            [-60.8686601605379, 45.5204094393442], 
            [-60.8673201706893, 45.4546240316738], 
            [-61.0422562950919, 45.4510537231509], 
            [-61.1356508895768, 45.4991674526159], 
            [-61.1833149580189, 45.4771070828257], 
            [-61.2503863962152, 45.4316463533966], 
            [-61.3429266347563, 45.386743203636], 
            [-60.8907385167691, 45.3621557388963], 
            [-60.9234918256872, 45.2647951341881], 
            [-60.9710659619245, 45.2152874555517], 
            [-61.1011708823303, 45.1819405940832], 
            [-61.2716103965025, 45.1854209704015], 
            [-61.31996694292, 45.1605097497252], 
            [-61.4984014300819, 45.1170095423566], 
            [-61.5217658168389, 45.0926918742307], 
            [-61.6109246044869, 45.0945174979842], 
            [-61.6329849742771, 45.0715488129275], 
            [-61.7684768337388, 45.0494884431373], 
            [-61.8130382411219, 45.0265377445214], 
            [-61.858498970551, 45.0044773747311], 
            [-61.9255614155268, 44.959016645302], 
            [-61.9710311381764, 44.9369652687323], 
            [-62.0290823762506, 44.876530827236], 
            [-62.242914179146, 44.8466823285267], 
            [-62.3332690651152, 44.8001424126423], 
            [-62.438840480104, 44.8022917923324], 
            [-62.5786940514892, 44.7569120018875], 
            [-62.6457564964651, 44.7339523100512], 
            [-62.7137272567075, 44.7119009334814], 
            [-62.8129314716101, 44.6446586240963], 
            [-62.8597951434311, 44.643696349507], 
            [-62.9273072494299, 44.6450723122375], 
            [-63.0060788674457, 44.6434715189955], 
            [-63.1823999477993, 44.6470688071798], 
            [-63.2547504064061, 44.5980197827868], 
            [-63.3659425841828, 44.6002860743429], 
            [-63.4560006938768, 44.5538990432063], 
            [-63.501461423306, 44.5548253449138], 
            [-63.4996717724343, 44.4670964793191], 
            [-63.5671928716536, 44.3968144614183], 
            [-63.7940198781148, 44.4188748312086], 
            [-63.8803637877585, 44.463346306387], 
            [-64.0406229763692, 44.4666198386347], 
            [-64.041594244179, 44.418883824429], 
            [-63.9977702808737, 44.3767685730113], 
            [-64.0976310008699, 44.3628290812971], 
            [-64.1276953368703, 44.3028712804853], 
            [-64.2175106296118, 44.2577522934337], 
            [-64.2402275044957, 44.2128491436731], 
            [-64.2926220069, 44.1977315400786], 
            [-64.3077396104946, 44.1678380752671], 
            [-64.3226863429003, 44.1602747768595], 
            [-64.3118674986861, 44.2169680386442], 
            [-64.2313781755623, 44.480892079506], 
            [-64.0067455148935, 44.9696376386662], 
            [-63.9067588898109, 45.2072385232393], 
            [-63.8198574004986, 45.4063574174609], 
            [-63.7360405858044, 45.5647550094362], 
            [-63.6475832693523, 45.7749625444859], 
            [-63.6250012927754, 45.8932413799858]
          ], 
          [
            [-63.3774359199317, 44.6554145157674], 
            [-63.3678311604796, 44.6683197871285], 
            [-63.3243399463314, 44.7006684011259], 
            [-63.3469129296879, 44.8317445893414], 
            [-63.433400730859, 44.8675645864366], 
            [-63.5445749221948, 44.7802943750854], 
            [-63.4989343283565, 44.6667459735479], 
            [-63.3774359199317, 44.6554145157674]
          ], 
          [
            [-64.0755436514183, 44.4165635735501], 
            [-64.1520399846575, 44.3771822611525], 
            [-64.0976310008699, 44.3628290812971], 
            [-64.0755436514183, 44.4165635735501]
          ]
        ]
      }, 
      "properties" : {
        "OBJECTID" : 82, 
        "Id" : 82, 
        "gridcode" : 2, 
        "Timestamp" : 1786053600000, 
        "Unixtime" : 1786053600, 
        "Shape__Area" : 57703428144.636719, 
        "Shape__Length" : 1633098.9008732077
      }
    }, 
    {
      "type" : "Feature", 
      "id" : 83, 
      "geometry" : 
      {
        "type" : "Polygon", 
        "coordinates" : 
        [
          [
            [-97.8792607193067, 44.2277958760789], 
            [-97.9148738723313, 44.2371937914604], 
            [-97.9336697030943, 44.3084200975095], 
            [-97.9598849407374, 44.3272159282725], 
            [-97.9786807715004, 44.4434622959483], 
            [-98.0048960091435, 44.4622491334908], 
            [-98.0236918399064, 44.5784955011665], 
            [-98.0499070775495, 44.5972913319295], 
            [-98.0687029083125, 45.0601633958241], 
            [-98.0236918399064, 45.0924220776169], 
            [-98.0048960091435, 45.2086684452926], 
            [-97.9786807715004, 45.2274552828351], 
            [-97.9598849407374, 45.3437016505109], 
            [-97.9336697030943, 45.3624974812738], 
            [-97.9148738723313, 45.433723787323], 
            [-97.8886586346882, 45.452519618086], 
            [-97.8698628039252, 45.5237549173556], 
            [-97.8436385730616, 45.5425417548981], 
            [-97.8248517355191, 45.6137770541678], 
            [-97.7986275046555, 45.6325638917103], 
            [-97.779840667113, 45.6587881225739], 
            [-97.7536164362495, 45.6775839533369], 
            [-97.7348295987069, 45.7488102593861], 
            [-97.7086053678434, 45.767606090149], 
            [-97.6898095370804, 45.8388323961982], 
            [-97.6635942994373, 45.8576282269612], 
            [-97.6447984686743, 46.2754892224497], 
            [-97.6898095370804, 46.3077479042425], 
            [-97.7086053678434, 46.5140164087303], 
            [-97.7348295987069, 46.5328122394934], 
            [-97.7536164362495, 47.1307175086062], 
            [-97.7086053678434, 47.1629851836194], 
            [-97.6898095370804, 47.2792225580747], 
            [-97.6635942994373, 47.2980183888376], 
            [-97.6447984686743, 47.3692536881073], 
            [-97.6185832310312, 47.3880405256498], 
            [-97.5997874002683, 47.4142647565134], 
            [-97.5735721626252, 47.4330515940559], 
            [-97.5547763318622, 47.5042868933256], 
            [-97.5285610942191, 47.5230827240885], 
            [-97.5097652634561, 47.5492979617316], 
            [-97.4835410325925, 47.5680937924946], 
            [-97.46475419505, 47.5943090301377], 
            [-97.4385299641864, 47.6131048609007], 
            [-97.4197431266439, 47.6393200985438], 
            [-97.3935188957803, 47.6581159293068], 
            [-97.3747320582378, 47.6843311669499], 
            [-97.3485078273743, 47.7031269977128], 
            [-97.3297119966113, 47.7293512285764], 
            [-97.3034967589682, 47.7481380661189], 
            [-97.2847009282052, 47.7743622969825], 
            [-97.213474622156, 47.793149134525], 
            [-97.1946787913931, 47.8193733653886], 
            [-97.1234434921234, 47.8381602029311], 
            [-97.1046566545809, 47.8643844337947], 
            [-97.0334213553112, 47.8831802645577], 
            [-97.0146345177687, 47.9093955022008], 
            [-96.9433992184991, 47.9281913329637], 
            [-96.9246033877361, 47.9544065706068], 
            [-96.8083660132808, 47.9732024013698], 
            [-96.7895701825179, 47.9994176390129], 
            [-96.6733238148421, 48.0182134697759], 
            [-96.6545369772996, 48.044428707419], 
            [-96.5382906096239, 48.063224538182], 
            [-96.5194947788609, 48.0894487690455], 
            [-96.4032484111852, 48.108235606588], 
            [-96.3844615736426, 48.1344598374516], 
            [-96.3582373427791, 48.1532466749941], 
            [-96.3394505052366, 48.1794709058577], 
            [-96.268215205967, 48.1982577434002], 
            [-96.249419375204, 48.2244819742638], 
            [-96.2232041375609, 48.2432778050268], 
            [-96.2044083067979, 48.2694930426699], 
            [-96.1331820007487, 48.2882888734328], 
            [-96.1143861699857, 48.314504111076], 
            [-96.0881709323426, 48.3332999418389], 
            [-96.0693751015796, 48.359515179482], 
            [-96.0431598639365, 48.378311010245], 
            [-96.0243640331735, 48.4045262478881], 
            [-95.99813980231, 48.4233220786511], 
            [-95.9793529647674, 48.4495463095146], 
            [-95.9531287339039, 48.4683331470572], 
            [-95.9343418963614, 48.4945573779207], 
            [-95.9081176654978, 48.5133442154632], 
            [-95.8893308279553, 48.5395684463268], 
            [-95.8180955286856, 48.5583552838693], 
            [-95.7992996979226, 48.5845795147329], 
            [-95.7280733918735, 48.6033753454959], 
            [-95.7092775611105, 48.629590583139], 
            [-95.6380422618408, 48.648386413902], 
            [-95.6192554242983, 48.6746016515451], 
            [-95.5030090566226, 48.6933974823081], 
            [-95.4842132258596, 48.7196127199512], 
            [-95.1879225845596, 48.7384085507141], 
            [-95.1560236315853, 48.7829159987744], 
            [-95.1241156853905, 48.7384085507141], 
            [-94.8278250440905, 48.7196127199512], 
            [-94.8090382065479, 48.6933974823081], 
            [-94.6927918388722, 48.6746016515451], 
            [-94.6739960081092, 48.648386413902], 
            [-94.6027697020601, 48.629590583139], 
            [-94.5839738712971, 48.6033753454959], 
            [-94.5127385720274, 48.5845795147329], 
            [-94.4939517344849, 48.5583552838693], 
            [-94.4227164352152, 48.5395684463268], 
            [-94.4039206044523, 48.5133442154632], 
            [-94.3326942984031, 48.4945573779207], 
            [-94.3138984676401, 48.4683331470572], 
            [-94.2426721615909, 48.4495463095146], 
            [-94.2238763308279, 48.4233220786511], 
            [-94.1976610931848, 48.4045262478881], 
            [-94.1788652624219, 48.378311010245], 
            [-94.1076299631522, 48.359515179482], 
            [-94.0888431256097, 48.3332999418389], 
            [-94.0626188947462, 48.314504111076], 
            [-94.0438230639832, 48.2882888734328], 
            [-93.972596757934, 48.2694930426699], 
            [-93.953800927171, 48.2432778050268], 
            [-93.9275856895279, 48.2244819742638], 
            [-93.9087898587649, 48.1982577434002], 
            [-93.8375635527157, 48.1794709058577], 
            [-93.8187677219527, 48.1532466749941], 
            [-93.702521354277, 48.1344598374516], 
            [-93.6837345167345, 48.108235606588], 
            [-93.5806002644906, 48.0988376912065], 
            [-93.6468713060659, 47.5868626435962], 
            [-93.7022425644427, 47.4162342717943], 
            [-93.7914643046339, 47.2801488597821], 
            [-93.9744223816875, 47.1324621933756], 
            [-94.394819465346, 46.9158874582397], 
            [-94.7747110840492, 46.7442158728644], 
            [-94.9091237570557, 46.6445709901591], 
            [-95.0196864094002, 46.4299477838632], 
            [-95.1634430384654, 46.091299074193], 
            [-95.3456996443231, 45.7977873380153], 
            [-95.4775222698368, 45.660586766666], 
            [-95.6131220479441, 45.5686760535571], 
            [-95.6847170760322, 45.5441695278016], 
            [-95.7273179613548, 45.5450328769658], 
            [-96.043951267337, 45.4306750855868], 
            [-96.1521666891413, 45.32670446384], 
            [-96.2556696634241, 45.1740175668573], 
            [-96.3576977495514, 44.92247719057], 
            [-96.4047862518839, 44.7387546897772], 
            [-96.407403279038, 44.6103944541408], 
            [-96.4018184891319, 44.3365508911108], 
            [-96.469861195138, 44.1962836315844], 
            [-96.5973400951692, 44.1098767693975], 
            [-96.8433406476527, 44.0679144027276], 
            [-97.020650982257, 44.1111358202619], 
            [-97.277317494207, 44.2152503335361], 
            [-97.8792607193067, 44.2277958760789]
          ]
        ]
      }, 
      "properties" : {
        "OBJECTID" : 83, 
        "Id" : 83, 
        "gridcode" : 2, 
        "Timestamp" : 1786053600000, 
        "Unixtime" : 1786053600, 
        "Shape__Area" : 204677622000.20703, 
        "Shape__Length" : 2073092.1151410013
      }
    }, 
    {
      "type" : "Feature", 
      "id" : 84, 
      "geometry" : 
      {
        "type" : "Polygon", 
        "coordinates" : 
        [
          [
            [-68.8239011021541, 43.7551661679843], 
            [-68.8826358249833, 43.7639525443745], 
            [-68.9002085777636, 43.7913908600003], 
            [-68.9452196461697, 43.820214131577], 
            [-68.916261476286, 43.9210910854853], 
            [-68.8126505833577, 43.8919710376334], 
            [-68.7088148599178, 43.921145044808], 
            [-68.6937961817483, 43.8677073288303], 
            [-68.7451294841383, 43.8532822032112], 
            [-68.7812102846269, 43.8634175626705], 
            [-68.8151237189844, 43.8139008908135], 
            [-68.8239011021541, 43.7551661679843]
          ]
        ]
      }, 
      "properties" : {
        "OBJECTID" : 84, 
        "Id" : 84, 
        "gridcode" : 1, 
        "Timestamp" : 1786053600000, 
        "Unixtime" : 1786053600, 
        "Shape__Area" : 372669349.6171875, 
        "Shape__Length" : 95229.682972250972
      }
    }, 
    {
      "type" : "Feature", 
      "id" : 85, 
      "geometry" : 
      {
        "type" : "Polygon", 
        "coordinates" : 
        [
          [
            [-119.845192701482, 44.7229266217662], 
            [-119.868745945869, 44.8462866268264], 
            [-119.901885963267, 44.8021299143641], 
            [-119.923550631356, 44.7337184863192], 
            [-119.946474350311, 44.7346268015857], 
            [-119.968975387904, 44.7337364727601], 
            [-120.01359075461, 44.7355081371908], 
            [-120.036892188823, 44.7103540995622], 
            [-120.107192193165, 44.713141997905], 
            [-120.103549938879, 44.6212492712369], 
            [-120.126986271399, 44.5995396370447], 
            [-120.118568617048, 44.3872007087458], 
            [-120.160099309136, 44.2128311572322], 
            [-120.246011544197, 44.0797854537358], 
            [-120.492506723806, 43.9493567773935], 
            [-120.65380912599, 43.9429625976459], 
            [-120.865077861054, 44.0098541714329], 
            [-120.995290700106, 44.1698525566502], 
            [-121.031182642965, 44.4324635873248], 
            [-121.30649210093, 44.4980421509246], 
            [-121.381279722281, 44.5673349145748], 
            [-121.476454974418, 44.7471993237899], 
            [-121.454808292768, 44.8921520511763], 
            [-121.387287193549, 45.056530134758], 
            [-121.415615838, 45.1653930684354], 
            [-121.514936964769, 45.4487514587129], 
            [-121.410219905724, 45.6466382817314], 
            [-121.404068542929, 45.8019062329864], 
            [-121.469593147206, 45.9407435704595], 
            [-121.531430531094, 46.0074912527192], 
            [-121.659934658258, 46.1265524983992], 
            [-121.757349222289, 46.2316922388059], 
            [-121.808682524679, 46.2792573818228], 
            [-121.769004436006, 46.3542518472451], 
            [-121.769966710595, 46.3784795831663], 
            [-121.702661448667, 46.37581758991], 
            [-121.590902698001, 46.461522980901], 
            [-121.477318323582, 46.4217099939212], 
            [-121.356827155849, 46.3835607527266], 
            [-121.296410700793, 46.355052243866], 
            [-121.252191035788, 46.3316518842271], 
            [-121.187385889147, 46.334223945279], 
            [-121.123048389971, 46.2126266114291], 
            [-121.060896243367, 45.8629522134739], 
            [-120.990803083096, 45.7144201843441], 
            [-120.858548783, 45.546246961728], 
            [-120.701554133416, 45.4382203975534], 
            [-120.350719610022, 45.30894285343], 
            [-120.245651815379, 45.2533467645416], 
            [-120.037962382058, 45.1875883365326], 
            [-120.035606158298, 45.1280352306414], 
            [-120.038654860034, 45.0510622567178], 
            [-119.968975387904, 45.0141990460492], 
            [-119.901463281905, 45.0499201177194], 
            [-119.85414095584, 45.0248829919566], 
            [-119.856892881301, 45.0942746810318], 
            [-119.854662562627, 45.1505452614547], 
            [-119.859087227094, 45.262079181609], 
            [-119.832755077585, 45.4132642107748], 
            [-119.835093314904, 45.4721608115723], 
            [-119.756303710448, 45.6859926144677], 
            [-119.632071363003, 45.9884256253424], 
            [-119.630317685013, 46.0326362971275], 
            [-119.787060524424, 46.0822608876299], 
            [-119.833510508103, 46.1700437125474], 
            [-119.773759551362, 46.3079817279744], 
            [-119.660409000675, 46.3124693449844], 
            [-119.554010209404, 46.2751744597336], 
            [-119.49908861205, 46.4318813262623], 
            [-119.489861567857, 46.6645179531411], 
            [-119.563435104446, 46.7151497843352], 
            [-119.652396041244, 46.772589483418], 
            [-119.785738521016, 46.916498997231], 
            [-120.049599609334, 46.9414911568915], 
            [-120.139091146139, 46.9379388348095], 
            [-120.270482097071, 46.9692352420129], 
            [-120.423357851683, 47.1342338578064], 
            [-120.553705589042, 47.1877704992093], 
            [-120.716626770909, 47.2265852387179], 
            [-120.862029159318, 47.4517395061733], 
            [-120.986459357613, 47.5373729514007], 
            [-121.048845327949, 47.5703780704916], 
            [-121.208942638592, 47.6210638610084], 
            [-121.287228622703, 47.6936031772449], 
            [-121.237469133893, 47.9025156885482], 
            [-121.207242919925, 47.9979967101801], 
            [-121.139964637658, 48.1251428610543], 
            [-121.094710752299, 48.2680631206166], 
            [-121.063018643396, 48.3279669621057], 
            [-121.074556945247, 48.6191764338454], 
            [-121.044735426199, 48.7330036252172], 
            [-121.833944480953, 48.7659547849854], 
            [-121.984589916891, 48.884422478115], 
            [-122.081114152096, 49.0246897376414], 
            [-122.128841173082, 49.1608560886377], 
            [-122.139695990178, 49.4348345499746], 
            [-122.07709418255, 49.8508519352687], 
            [-121.98476078808, 50.0702685280702], 
            [-121.91489245832, 50.2022979976546], 
            [-121.882426932457, 50.2711051273998], 
            [-121.830581016501, 50.3690862643197], 
            [-121.882588810425, 50.4957018151867], 
            [-121.841058118337, 50.6141964879776], 
            [-121.777449070019, 50.8423724775079], 
            [-121.697157597745, 50.9667217368188], 
            [-121.543976073637, 51.1479890884258], 
            [-121.256579727372, 51.5019622457611], 
            [-121.091185409879, 51.697223048405], 
            [-121.015507459701, 51.7673341951171], 
            [-121.00611853754, 51.7542220796853], 
            [-120.979894306677, 51.7354262489224], 
            [-120.961098475914, 51.7092110112793], 
            [-120.889872169865, 51.6904151805163], 
            [-120.871076339102, 51.6641999428731], 
            [-120.349721362551, 51.6454041121102], 
            [-120.330934525008, 51.6191888744671], 
            [-120.034643883708, 51.6003930437041], 
            [-120.015848052945, 51.574177806061], 
            [-119.854590616863, 51.555381975298], 
            [-119.8357947861, 51.5291577444344], 
            [-119.719557411645, 51.5103709068919], 
            [-119.700761580882, 51.4841466760284], 
            [-119.5395041448, 51.4653598384858], 
            [-119.520717307258, 51.4391356076223], 
            [-119.359459871176, 51.4203487700798], 
            [-119.340664040413, 51.3941245392162], 
            [-119.179406604331, 51.3753287084532], 
            [-119.160619766789, 51.3491134708101], 
            [-118.954351262301, 51.3303176400472], 
            [-118.935555431538, 51.3041024024041], 
            [-118.774297995456, 51.2853065716411], 
            [-118.755502164693, 51.259091333998], 
            [-118.549233660205, 51.240295503235], 
            [-118.517334707231, 51.1957880551747], 
            [-118.485435754257, 51.240295503235], 
            [-118.414200454987, 51.259091333998], 
            [-118.395404624224, 51.2853065716411], 
            [-118.369189386581, 51.3041024024041], 
            [-118.350393555818, 51.3753287084532], 
            [-118.324178318175, 51.3941245392162], 
            [-118.314780402793, 51.4297376922408], 
            [-118.280183483681, 51.4193235429472], 
            [-118.164179932957, 51.3233658806309], 
            [-117.943198519796, 50.9705528487351], 
            [-117.921758682217, 50.9225200582542], 
            [-117.897584905619, 50.9016827664466], 
            [-117.845505165931, 50.8412393317299], 
            [-117.785052737993, 50.7891505988212], 
            [-117.753801296892, 50.7528809407029], 
            [-117.598695223606, 50.6192506778766], 
            [-117.41979308898, 50.5161074324122], 
            [-117.110615162759, 50.3882418239011], 
            [-116.86137705091, 50.3204059619656], 
            [-116.625152129067, 50.289496263242], 
            [-116.521712107328, 50.3178069212525], 
            [-116.301324246717, 50.4740731199786], 
            [-116.154195159979, 50.5520083684915], 
            [-116.154195159979, 50.4844872692722], 
            [-116.199206228385, 50.4844872692722], 
            [-116.199206228385, 50.4394762008661], 
            [-116.244217296791, 50.4394762008661], 
            [-116.244217296791, 50.39446513246], 
            [-116.289237358417, 50.39446513246], 
            [-116.289237358417, 50.3044340024273], 
            [-116.334248426823, 50.3044340024273], 
            [-116.334248426823, 50.0343675919909], 
            [-116.289237358417, 50.0343675919909], 
            [-116.289237358417, 49.9443364619582], 
            [-116.244217296791, 49.9443364619582], 
            [-116.244217296791, 49.8993253935521], 
            [-116.154195159979, 49.8993253935521], 
            [-116.154195159979, 49.854314325146], 
            [-116.109184091573, 49.854314325146], 
            [-116.109184091573, 49.80930325674], 
            [-116.01916195476, 49.80930325674], 
            [-116.01916195476, 49.7642921883339], 
            [-115.929139817948, 49.7642921883339], 
            [-115.929139817948, 49.7192811199278], 
            [-115.839108687916, 49.7192811199278], 
            [-115.839108687916, 49.6742700515217], 
            [-115.704075482697, 49.6742700515217], 
            [-115.704075482697, 49.6292589831157], 
            [-115.569042277479, 49.6292589831157], 
            [-115.569042277479, 49.5842389214891], 
            [-115.388989010634, 49.5842389214891], 
            [-115.388989010634, 49.539227853083], 
            [-115.118913606977, 49.539227853083], 
            [-115.118913606977, 49.494216784677], 
            [-114.983880401759, 49.494216784677], 
            [-114.983880401759, 49.539227853083], 
            [-114.758816066508, 49.539227853083], 
            [-114.758816066508, 49.5842389214891], 
            [-114.713804998102, 49.5842389214891], 
            [-114.713804998102, 49.6292589831157], 
            [-114.668793929696, 49.6292589831157], 
            [-114.668793929696, 49.6742700515217], 
            [-114.62378286129, 49.6742700515217], 
            [-114.62378286129, 49.8993253935521], 
            [-114.668793929696, 49.8993253935521], 
            [-114.668793929696, 49.9443364619582], 
            [-114.713804998102, 49.9443364619582], 
            [-114.713804998102, 50.0343675919909], 
            [-114.758816066508, 50.0343675919909], 
            [-114.758816066508, 50.079378660397], 
            [-114.803836128135, 50.079378660397], 
            [-114.803836128135, 50.124389728803], 
            [-114.848847196541, 50.124389728803], 
            [-114.848847196541, 50.2144118656152], 
            [-114.893858264947, 50.2144118656152], 
            [-114.893858264947, 50.2594229340212], 
            [-114.938869333353, 50.2594229340212], 
            [-114.938869333353, 50.3044340024273], 
            [-114.983880401759, 50.3044340024273], 
            [-114.983880401759, 50.3494450708334], 
            [-115.028891470165, 50.3494450708334], 
            [-115.028891470165, 50.4394762008661], 
            [-115.073902538571, 50.4394762008661], 
            [-115.073902538571, 50.4844872692722], 
            [-115.118913606977, 50.4844872692722], 
            [-115.118913606977, 50.5294983376782], 
            [-115.163933668604, 50.5294983376782], 
            [-115.163933668604, 50.6195204744904], 
            [-115.20894473701, 50.6195204744904], 
            [-115.20894473701, 50.6420305053036], 
            [-115.042237409329, 50.6192416846561], 
            [-114.731098961048, 50.4724093741934], 
            [-114.487625503514, 50.2809437105839], 
            [-114.173609224686, 49.9348306279312], 
            [-114.050303178948, 49.6522906207156], 
            [-114.080151677658, 49.3872334340758], 
            [-114.246778066355, 49.2073960045221], 
            [-114.574437060622, 49.0173422765249], 
            [-114.806588053596, 48.9219871599795], 
            [-114.961748086205, 48.9158357971844], 
            [-115.237354320445, 48.9880513574843], 
            [-115.793351182211, 49.0112718527139], 
            [-115.95591263526, 49.1162407219318], 
            [-116.233398452576, 49.4150134920791], 
            [-116.474299849059, 49.7277707200428], 
            [-116.6093870136, 49.7751110325482], 
            [-116.728025577918, 49.704451299388], 
            [-116.875856135852, 49.4250769057747], 
            [-116.953593533515, 49.2358235743985], 
            [-117.083905297991, 48.8821651797793], 
            [-117.155284488788, 48.7848495411735], 
            [-117.325876887708, 48.5752355586742], 
            [-117.403713210796, 48.4481163874614], 
            [-117.520930846281, 48.2487276966259], 
            [-117.721416710013, 48.0949885928493], 
            [-117.886316400382, 48.0371891649481], 
            [-118.322019945264, 48.0544561482328], 
            [-118.483619123724, 47.9781936387255], 
            [-118.632996515577, 47.8014318905694], 
            [-118.685319072217, 47.6017644098997], 
            [-118.687027784105, 47.5586958771131], 
            [-118.684311831526, 47.4901855236431], 
            [-118.730716849103, 47.1342788239087], 
            [-118.663564471923, 46.9405019026408], 
            [-118.499141422239, 46.8067007686257], 
            [-118.382301502013, 46.8020692600884], 
            [-118.200746367351, 46.809263836457], 
            [-118.002859544332, 46.6482132444457], 
            [-117.840388023488, 46.6417740985959], 
            [-117.719501154055, 46.7198352521952], 
            [-117.603614515198, 46.8993129529305], 
            [-117.560402090884, 46.9393507704218], 
            [-117.538746416014, 46.9627151571788], 
            [-117.515382029257, 46.9843618388279], 
            [-117.488258476348, 47.2674774121529], 
            [-117.342775148954, 47.344459379297], 
            [-117.251107252797, 47.3066249008186], 
            [-117.178648875545, 47.2013232824436], 
            [-117.209333743757, 47.0852208062952], 
            [-117.286891277011, 47.0133559815933], 
            [-117.323583616491, 46.9440182518409], 
            [-117.135148668176, 46.855093287925], 
            [-117.088626738733, 46.6775401363683], 
            [-117.155284488788, 46.6242642983587], 
            [-117.325625077535, 46.5917448131727], 
            [-117.371607413751, 46.1062817794806], 
            [-117.304580941657, 46.002491022143], 
            [-117.202013262302, 45.9482259298828], 
            [-116.895182566622, 45.8034170940238], 
            [-116.727827727068, 45.5851786131026], 
            [-116.642365153029, 45.4236693668479], 
            [-116.600762515178, 45.2648760731723], 
            [-116.72767484232, 44.8313578808616], 
            [-116.701936245361, 44.6885725196062], 
            [-116.616689508614, 44.4810269778129], 
            [-116.610268349205, 44.3191310230783], 
            [-116.657644634592, 44.2187486962954], 
            [-116.778513517585, 44.154797905599], 
            [-117.402409193829, 44.1248504814646], 
            [-117.46644092351, 44.065522206085], 
            [-117.560402090884, 43.9460382790434], 
            [-117.583766477641, 43.9243915973944], 
            [-117.712792211591, 43.7484752119615], 
            [-117.816034382481, 43.6774287703216], 
            [-117.894814993717, 43.6743081228217], 
            [-118.010593713929, 43.7218642726182], 
            [-118.054282778927, 43.7201375742897], 
            [-118.273447561556, 44.0190182630824], 
            [-118.42869752637, 44.5093826019256], 
            [-118.495885876432, 44.6517452818194], 
            [-118.609704074583, 44.8069322940902], 
            [-118.761851378338, 44.8874306104344], 
            [-118.942884906213, 44.9348698483649], 
            [-119.203148706348, 44.9451850722334], 
            [-119.38355270879, 44.913771753164], 
            [-119.410235593897, 44.9148329531783], 
            [-119.58594513526, 44.8687876644192], 
            [-119.691471584146, 44.8436516132314], 
            [-119.845192701482, 44.7229266217662]
          ], 
          [
            [-120.407844546389, 50.0568686295837], 
            [-120.397430397095, 50.0689645111034], 
            [-120.268260771617, 50.1266020610364], 
            [-120.087317175947, 50.2548903509091], 
            [-119.959649418286, 50.4030806376614], 
            [-119.861560362721, 50.5732143823379], 
            [-119.789407754964, 50.8128567279557], 
            [-119.767257452969, 51.1437712680297], 
            [-119.877685207007, 51.3416760774891], 
            [-120.028465541252, 51.4499544518366], 
            [-120.286786805766, 51.5479805548588], 
            [-120.535467337947, 51.527997618995], 
            [-120.735017906751, 51.4394143974566], 
            [-120.954425506332, 51.2435780287032], 
            [-121.079323352091, 51.0441623582063], 
            [-121.131546983307, 50.8707191084002], 
            [-121.114028189849, 50.6526874715496], 
            [-121.040445660039, 50.4523095264636], 
            [-120.863980688158, 50.238981343914], 
            [-120.740036123768, 50.1322048373834], 
            [-120.597286735394, 50.0685058568599], 
            [-120.407844546389, 50.0568686295837]
          ], 
          [
            [-120.655409919232, 48.8190327721448], 
            [-120.664430119354, 48.8701772169051], 
            [-120.684664865391, 48.8315513350262], 
            [-120.655409919232, 48.8190327721448]
          ], 
          [
            [-120.317822409576, 48.3239020264575], 
            [-120.307408260283, 48.3359889147567], 
            [-120.193203353652, 48.4018372749703], 
            [-120.055382250091, 48.4878574286775], 
            [-119.984173930482, 48.5705051247118], 
            [-119.993634798407, 48.6882893330863], 
            [-120.069879321473, 48.824950311208], 
            [-120.176116234776, 48.9164653226166], 
            [-120.391944532614, 48.9419790890638], 
            [-120.562968606116, 48.8465610199752], 
            [-120.624904915429, 48.7077506621634], 
            [-120.589183843759, 48.5107092018683], 
            [-120.448835645249, 48.3410431046556], 
            [-120.317822409576, 48.3239020264575]
          ], 
          [
            [-119.237529788169, 47.9863145168016], 
            [-119.226908794805, 47.9981945610302], 
            [-119.203139713127, 48.0194365477586], 
            [-119.181897726399, 48.0657156602496], 
            [-119.126895190061, 48.1669343565354], 
            [-119.138100742755, 48.3549646099289], 
            [-119.227439394812, 48.4702487030153], 
            [-119.632143308767, 48.5887163961448], 
            [-119.758309198611, 48.5811890706192], 
            [-119.788292595627, 48.3572039218236], 
            [-119.453699828384, 47.9998583068155], 
            [-119.237529788169, 47.9863145168016]
          ], 
          [
            [-120.700429980859, 47.468673740301], 
            [-120.690618377336, 47.4813721675915], 
            [-120.639815674953, 47.5205916020209], 
            [-120.586998491187, 47.5890120232863], 
            [-120.605425599911, 47.7136760453133], 
            [-120.713479143747, 47.7579047035393], 
            [-120.838583833577, 47.7214282013505], 
            [-120.867775827193, 47.5386230090447], 
            [-120.798797826259, 47.485383143917], 
            [-120.700429980859, 47.468673740301]
          ], 
          [
            [-120.070257036733, 47.7162391131446], 
            [-120.070257036733, 47.7387401507374], 
            [-120.092758074326, 47.7387401507374], 
            [-120.092758074326, 47.7612501815507], 
            [-120.115268105139, 47.7612501815507], 
            [-120.115268105139, 47.783760212364], 
            [-120.137778135952, 47.783760212364], 
            [-120.137778135952, 47.8287712807701], 
            [-120.160279173545, 47.8287712807701], 
            [-120.199570553738, 48.0531611244864], 
            [-120.731168808394, 48.2256690793646], 
            [-120.893793213986, 48.2223505810146], 
            [-120.89035780377, 48.0542043380598], 
            [-120.658143858252, 47.9225525837348], 
            [-120.566826697694, 47.8275032366851], 
            [-120.531852063322, 47.6791690584054], 
            [-120.593968237044, 47.4977038559483], 
            [-120.666894261761, 47.3901269527967], 
            [-120.688945638331, 47.3135406873529], 
            [-120.373859166267, 47.142561579953], 
            [-120.189839889199, 47.030955714035], 
            [-120.100186474426, 47.1242693695359], 
            [-119.990199388191, 47.3509704709106], 
            [-119.774380083574, 47.5583361482947], 
            [-119.744144876385, 47.6836207025335], 
            [-119.9603149166, 47.6792140245077], 
            [-120.036271656612, 47.7052134248598], 
            [-120.070257036733, 47.7162391131446]
          ], 
          [
            [-121.105538589734, 45.3756006034852], 
            [-121.030454192107, 45.4913883169174], 
            [-121.056012924657, 45.6398304138426], 
            [-121.13375931554, 45.7431535237162], 
            [-121.253063378172, 45.7678129342196], 
            [-121.340198691217, 45.6092624574965], 
            [-121.31762570786, 45.4781502963991], 
            [-121.248701666249, 45.3865633392268], 
            [-121.105538589734, 45.3756006034852]
          ]
        ]
      }, 
      "properties" : {
        "OBJECTID" : 85, 
        "Id" : 85, 
        "gridcode" : 4, 
        "Timestamp" : 1786053600000, 
        "Unixtime" : 1786053600, 
        "Shape__Area" : 484731749729.74219, 
        "Shape__Length" : 8504011.8654191643
      }
    }, 
    {
      "type" : "Feature", 
      "id" : 86, 
      "geometry" : 
      {
        "type" : "Polygon", 
        "coordinates" : 
        [
          [
            [-80.2569912671332, 43.5301018327335], 
            [-80.2846184403887, 43.5382227108095], 
            [-80.2646894638476, 43.5562900907152], 
            [-80.2569912671332, 43.5301018327335]
          ]
        ]
      }, 
      "properties" : {
        "OBJECTID" : 86, 
        "Id" : 86, 
        "gridcode" : 2, 
        "Timestamp" : 1786053600000, 
        "Unixtime" : 1786053600, 
        "Shape__Area" : 5650191.31640625, 
        "Shape__Length" : 10983.464292350542
      }
    }, 
    {
      "type" : "Feature", 
      "id" : 87, 
      "geometry" : 
      {
        "type" : "Polygon", 
        "coordinates" : 
        [
          [
            [-82.7101619444181, 43.4175786583285], 
            [-82.7020410663421, 43.4451968383635], 
            [-82.6839736864364, 43.4252768550429], 
            [-82.7101619444181, 43.4175786583285]
          ]
        ]
      }, 
      "properties" : {
        "OBJECTID" : 87, 
        "Id" : 87, 
        "gridcode" : 1, 
        "Timestamp" : 1786053600000, 
        "Unixtime" : 1786053600, 
        "Shape__Area" : 5637740.84765625, 
        "Shape__Length" : 11130.594732266334
      }
    }, 
    {
      "type" : "Feature", 
      "id" : 88, 
      "geometry" : 
      {
        "type" : "Polygon", 
        "coordinates" : 
        [
          [
            [-70.061736959593, 43.6651440311722], 
            [-70.0827181429279, 43.6310867052873], 
            [-70.173774500093, 43.6096468677089], 
            [-70.1555542354395, 43.5511459686116], 
            [-70.2053586903512, 43.5161803274602], 
            [-70.3042481425377, 43.4824827303938], 
            [-70.293986877992, 43.4495225774051], 
            [-70.3093023324366, 43.4400796959213], 
            [-70.322621291939, 43.4492707672322], 
            [-70.3410034345608, 43.5481422329777], 
            [-70.2651995792971, 43.6645504786218], 
            [-70.1372080656996, 43.6968451332963], 
            [-70.061736959593, 43.6651440311722]
          ]
        ]
      }, 
      "properties" : {
        "OBJECTID" : 88, 
        "Id" : 88, 
        "gridcode" : 1, 
        "Timestamp" : 1786053600000, 
        "Unixtime" : 1786053600, 
        "Shape__Area" : 545688956.7734375, 
        "Shape__Length" : 114858.71405846906
      }
    }, 
    {
      "type" : "Feature", 
      "id" : 89, 
      "geometry" : 
      {
        "type" : "Polygon", 
        "coordinates" : 
        [
          [
            [-79.8293816206652, 43.4175786583285], 
            [-79.9712676598746, 43.4284334754246], 
            [-80.0639338035022, 43.4973665102563], 
            [-80.0860661190561, 43.6259425831838], 
            [-79.9333162695302, 43.652238759811], 
            [-79.774765792807, 43.5651034467667], 
            [-79.7939663184907, 43.4721854929662], 
            [-79.8293816206652, 43.4175786583285]
          ]
        ]
      }, 
      "properties" : {
        "OBJECTID" : 89, 
        "Id" : 89, 
        "gridcode" : 2, 
        "Timestamp" : 1786053600000, 
        "Unixtime" : 1786053600, 
        "Shape__Area" : 907116294.390625, 
        "Shape__Length" : 113872.42848435964
      }
    }, 
    {
      "type" : "Feature", 
      "id" : 90, 
      "geometry" : 
      {
        "type" : "Polygon", 
        "coordinates" : 
        [
          [
            [-79.2667297757585, 43.3950686275152], 
            [-79.4415130154133, 43.4077041022626], 
            [-79.5024061111531, 43.5774151655775], 
            [-79.4361530560187, 43.6995341062141], 
            [-79.3694143669794, 43.7591681510894], 
            [-79.3267145562317, 43.897447908894], 
            [-79.183668391583, 44.0083073375137], 
            [-78.9982731517845, 44.0579589076775], 
            [-78.8349202953353, 43.9540602316944], 
            [-78.7498624162175, 43.7975422227954], 
            [-78.6934569374876, 43.6403407291414], 
            [-78.7298704871332, 43.5081403883683], 
            [-78.8272220986209, 43.4732107200987], 
            [-79.2470885822722, 43.4170570515418], 
            [-79.2667297757585, 43.3950686275152]
          ]
        ]
      }, 
      "properties" : {
        "OBJECTID" : 90, 
        "Id" : 90, 
        "gridcode" : 2, 
        "Timestamp" : 1786053600000, 
        "Unixtime" : 1786053600, 
        "Shape__Area" : 6339556195.5742188, 
        "Shape__Length" : 305331.628154838
      }
    }, 
    {
      "type" : "Feature", 
      "id" : 91, 
      "geometry" : 
      {
        "type" : "Polygon", 
        "coordinates" : 
        [
          [
            [-69.5440961830923, 43.7776761987976], 
            [-69.5569834680126, 43.7337533100673], 
            [-69.7119456497718, 43.7495543984168], 
            [-69.7404091925301, 43.6839128822738], 
            [-69.8366816175625, 43.6741012787511], 
            [-70.0373113728215, 43.6945518620789], 
            [-70.061736959593, 43.6651440311722], 
            [-70.1372080656996, 43.6968451332963], 
            [-70.2651995792971, 43.6645504786218], 
            [-70.3410034345608, 43.5481422329777], 
            [-70.322621291939, 43.4492707672322], 
            [-70.3093023324366, 43.4400796959213], 
            [-70.3093023324366, 43.4175786583285], 
            [-70.3543223940632, 43.4175786583285], 
            [-70.3543223940632, 43.3950686275152], 
            [-70.42803982218, 43.4091430175363], 
            [-70.5862395633051, 43.5180059512137], 
            [-70.7095815819244, 43.6861701806094], 
            [-70.7702498471527, 43.9502471062191], 
            [-70.6782312153982, 44.083985287691], 
            [-70.2083264531033, 44.4286414686289], 
            [-70.0908749938858, 44.463679055544], 
            [-69.9842513721031, 44.2377603643494], 
            [-69.9146978050596, 44.106315454095], 
            [-69.7738639726442, 43.9396620857368], 
            [-69.5440961830923, 43.7776761987976]
          ]
        ]
      }, 
      "properties" : {
        "OBJECTID" : 91, 
        "Id" : 91, 
        "gridcode" : 2, 
        "Timestamp" : 1786053600000, 
        "Unixtime" : 1786053600, 
        "Shape__Area" : 11034858738.699219, 
        "Shape__Length" : 487814.536613521
      }
    }, 
    {
      "type" : "Feature", 
      "id" : 92, 
      "geometry" : 
      {
        "type" : "Polygon", 
        "coordinates" : 
        [
          [
            [-122.545928751611, 43.2825364598898], 
            [-122.801659968633, 43.2942276464888], 
            [-122.91813116682, 43.3492032031654], 
            [-123.247552832297, 43.5235098021357], 
            [-123.586345433495, 43.6660883193206], 
            [-123.636824379941, 43.7614884019683], 
            [-123.65182507167, 44.1397792274295], 
            [-123.595158789546, 44.2598387205805], 
            [-123.480360330365, 44.3069991686768], 
            [-123.297141449918, 44.3361821690719], 
            [-123.130578013764, 44.3945571630827], 
            [-123.003099113733, 44.4249272685786], 
            [-122.803719416118, 44.5978489115981], 
            [-122.699218194364, 44.60198579301], 
            [-122.339732192886, 44.3745112746757], 
            [-122.287859297269, 44.4112665666988], 
            [-122.285898775208, 44.4608192114375], 
            [-122.331692253794, 44.6796782245705], 
            [-122.295062866858, 44.8868550443249], 
            [-122.20201001475, 44.9360929263476], 
            [-122.093632714978, 44.9403916857278], 
            [-122.000507917107, 44.8964418173361], 
            [-121.905206759884, 44.8081373856319], 
            [-121.899199288616, 44.6567275259546], 
            [-121.944794916352, 44.5601223517652], 
            [-122.065519907817, 44.4298195805093], 
            [-122.129128956136, 44.3961579563247], 
            [-122.194302824815, 44.3654011423489], 
            [-122.199581845226, 44.2323014795297], 
            [-122.175003373707, 44.1035815150749], 
            [-122.084981236895, 43.7960763278603], 
            [-122.115054566115, 43.5353988395848], 
            [-122.229178533762, 43.4122366853748], 
            [-122.354193291387, 43.3608853965439], 
            [-122.535100914176, 43.2942186532683], 
            [-122.545928751611, 43.2825364598898]
          ]
        ]
      }, 
      "properties" : {
        "OBJECTID" : 92, 
        "Id" : 92, 
        "gridcode" : 4, 
        "Timestamp" : 1786053600000, 
        "Unixtime" : 1786053600, 
        "Shape__Area" : 28810424273.890625, 
        "Shape__Length" : 811100.28955932381
      }
    }, 
    {
      "type" : "Feature", 
      "id" : 93, 
      "geometry" : 
      {
        "type" : "Polygon", 
        "coordinates" : 
        [
          [
            [-121.105538589734, 51.8798663627425], 
            [-121.060527521328, 51.8798663627425], 
            [-121.060527521328, 51.7898352327099], 
            [-121.015507459701, 51.7898352327099], 
            [-121.015507459701, 51.7673341951171], 
            [-121.091185409879, 51.697223048405], 
            [-121.256579727372, 51.5019622457611], 
            [-121.543976073637, 51.1479890884258], 
            [-121.697157597745, 50.9667217368188], 
            [-121.777449070019, 50.8423724775079], 
            [-121.841058118337, 50.6141964879776], 
            [-121.882588810425, 50.4957018151867], 
            [-121.830581016501, 50.3690862643197], 
            [-121.882426932457, 50.2711051273998], 
            [-121.91489245832, 50.2022979976546], 
            [-121.98476078808, 50.0702685280702], 
            [-122.07709418255, 49.8508519352687], 
            [-122.139695990178, 49.4348345499746], 
            [-122.128841173082, 49.1608560886377], 
            [-122.081114152096, 49.0246897376414], 
            [-121.984589916891, 48.884422478115], 
            [-121.833944480953, 48.7659547849854], 
            [-121.044735426199, 48.7330036252172], 
            [-121.074556945247, 48.6191764338454], 
            [-121.063018643396, 48.3279669621057], 
            [-121.094710752299, 48.2680631206166], 
            [-121.139964637658, 48.1251428610543], 
            [-121.207242919925, 47.9979967101801], 
            [-121.237469133893, 47.9025156885482], 
            [-121.287228622703, 47.6936031772449], 
            [-121.208942638592, 47.6210638610084], 
            [-121.048845327949, 47.5703780704916], 
            [-120.986459357613, 47.5373729514007], 
            [-120.862029159318, 47.4517395061733], 
            [-120.716626770909, 47.2265852387179], 
            [-120.553705589042, 47.1877704992093], 
            [-120.423357851683, 47.1342338578064], 
            [-120.270482097071, 46.9692352420129], 
            [-120.139091146139, 46.9379388348095], 
            [-120.049599609334, 46.9414911568915], 
            [-119.785738521016, 46.916498997231], 
            [-119.652396041244, 46.772589483418], 
            [-119.563435104446, 46.7151497843352], 
            [-119.489861567857, 46.6645179531411], 
            [-119.49908861205, 46.4318813262623], 
            [-119.554010209404, 46.2751744597336], 
            [-119.660409000675, 46.3124693449844], 
            [-119.773759551362, 46.3079817279744], 
            [-119.833510508103, 46.1700437125474], 
            [-119.787060524424, 46.0822608876299], 
            [-119.630317685013, 46.0326362971275], 
            [-119.632071363003, 45.9884256253424], 
            [-119.756303710448, 45.6859926144677], 
            [-119.835093314904, 45.4721608115723], 
            [-119.832755077585, 45.4132642107748], 
            [-119.859087227094, 45.262079181609], 
            [-119.854662562627, 45.1505452614547], 
            [-119.856892881301, 45.0942746810318], 
            [-119.85414095584, 45.0248829919566], 
            [-119.901463281905, 45.0499201177194], 
            [-119.968975387904, 45.0141990460492], 
            [-120.038654860034, 45.0510622567178], 
            [-120.035606158298, 45.1280352306414], 
            [-120.037962382058, 45.1875883365326], 
            [-120.245651815379, 45.2533467645416], 
            [-120.350719610022, 45.30894285343], 
            [-120.701554133416, 45.4382203975534], 
            [-120.858548783, 45.546246961728], 
            [-120.990803083096, 45.7144201843441], 
            [-121.060896243367, 45.8629522134739], 
            [-121.123048389971, 46.2126266114291], 
            [-121.187385889147, 46.334223945279], 
            [-121.252191035788, 46.3316518842271], 
            [-121.296410700793, 46.355052243866], 
            [-121.356827155849, 46.3835607527266], 
            [-121.477318323582, 46.4217099939212], 
            [-121.590902698001, 46.461522980901], 
            [-121.702661448667, 46.37581758991], 
            [-121.769966710595, 46.3784795831663], 
            [-121.769004436006, 46.3542518472451], 
            [-121.808682524679, 46.2792573818228], 
            [-121.757349222289, 46.2316922388059], 
            [-121.659934658258, 46.1265524983992], 
            [-121.531430531094, 46.0074912527192], 
            [-121.469593147206, 45.9407435704595], 
            [-121.404068542929, 45.8019062329864], 
            [-121.410219905724, 45.6466382817314], 
            [-121.514936964769, 45.4487514587129], 
            [-121.415615838, 45.1653930684354], 
            [-121.387287193549, 45.056530134758], 
            [-121.454808292768, 44.8921520511763], 
            [-121.476454974418, 44.7471993237899], 
            [-121.381279722281, 44.5673349145748], 
            [-121.30649210093, 44.4980421509246], 
            [-121.031182642965, 44.4324635873248], 
            [-120.995290700106, 44.1698525566502], 
            [-120.865077861054, 44.0098541714329], 
            [-120.65380912599, 43.9429625976459], 
            [-120.492506723806, 43.9493567773935], 
            [-120.246011544197, 44.0797854537358], 
            [-120.160099309136, 44.2128311572322], 
            [-120.118568617048, 44.3872007087458], 
            [-120.126986271399, 44.5995396370447], 
            [-120.103549938879, 44.6212492712369], 
            [-120.107192193165, 44.713141997905], 
            [-120.036892188823, 44.7103540995622], 
            [-120.01359075461, 44.7355081371908], 
            [-119.968975387904, 44.7337364727601], 
            [-119.946474350311, 44.7346268015857], 
            [-119.923550631356, 44.7337184863192], 
            [-119.901885963267, 44.8021299143641], 
            [-119.868745945869, 44.8462866268264], 
            [-119.845192701482, 44.7229266217662], 
            [-119.691471584146, 44.8436516132314], 
            [-119.58594513526, 44.8687876644192], 
            [-119.410235593897, 44.9148329531783], 
            [-119.38355270879, 44.913771753164], 
            [-119.203148706348, 44.9451850722334], 
            [-118.942884906213, 44.9348698483649], 
            [-118.761851378338, 44.8874306104344], 
            [-118.609704074583, 44.8069322940902], 
            [-118.495885876432, 44.6517452818194], 
            [-118.42869752637, 44.5093826019256], 
            [-118.273447561556, 44.0190182630824], 
            [-118.054282778927, 43.7201375742897], 
            [-118.010593713929, 43.7218642726182], 
            [-117.894814993717, 43.6743081228217], 
            [-117.816034382481, 43.6774287703216], 
            [-117.712792211591, 43.7484752119615], 
            [-117.583766477641, 43.9243915973944], 
            [-117.560402090884, 43.9460382790434], 
            [-117.46644092351, 44.065522206085], 
            [-117.402409193829, 44.1248504814646], 
            [-116.778513517585, 44.154797905599], 
            [-116.657644634592, 44.2187486962954], 
            [-116.610268349205, 44.3191310230783], 
            [-116.616689508614, 44.4810269778129], 
            [-116.701936245361, 44.6885725196062], 
            [-116.72767484232, 44.8313578808616], 
            [-116.600762515178, 45.2648760731723], 
            [-116.642365153029, 45.4236693668479], 
            [-116.727827727068, 45.5851786131026], 
            [-116.895182566622, 45.8034170940238], 
            [-117.202013262302, 45.9482259298828], 
            [-117.304580941657, 46.002491022143], 
            [-117.371607413751, 46.1062817794806], 
            [-117.325625077535, 46.5917448131727], 
            [-117.155284488788, 46.6242642983587], 
            [-117.088626738733, 46.6775401363683], 
            [-117.135148668176, 46.855093287925], 
            [-117.323583616491, 46.9440182518409], 
            [-117.286891277011, 47.0133559815933], 
            [-117.209333743757, 47.0852208062952], 
            [-117.178648875545, 47.2013232824436], 
            [-117.251107252797, 47.3066249008186], 
            [-117.342775148954, 47.344459379297], 
            [-117.488258476348, 47.2674774121529], 
            [-117.515382029257, 46.9843618388279], 
            [-117.538746416014, 46.9627151571788], 
            [-117.560402090884, 46.9393507704218], 
            [-117.603614515198, 46.8993129529305], 
            [-117.719501154055, 46.7198352521952], 
            [-117.840388023488, 46.6417740985959], 
            [-118.002859544332, 46.6482132444457], 
            [-118.200746367351, 46.809263836457], 
            [-118.382301502013, 46.8020692600884], 
            [-118.499141422239, 46.8067007686257], 
            [-118.663564471923, 46.9405019026408], 
            [-118.730716849103, 47.1342788239087], 
            [-118.684311831526, 47.4901855236431], 
            [-118.687027784105, 47.5586958771131], 
            [-118.685319072217, 47.6017644098997], 
            [-118.632996515577, 47.8014318905694], 
            [-118.483619123724, 47.9781936387255], 
            [-118.322019945264, 48.0544561482328], 
            [-117.886316400382, 48.0371891649481], 
            [-117.721416710013, 48.0949885928493], 
            [-117.520930846281, 48.2487276966259], 
            [-117.403713210796, 48.4481163874614], 
            [-117.325876887708, 48.5752355586742], 
            [-117.155284488788, 48.7848495411735], 
            [-117.083905297991, 48.8821651797793], 
            [-116.953593533515, 49.2358235743985], 
            [-116.875856135852, 49.4250769057747], 
            [-116.728025577918, 49.704451299388], 
            [-116.6093870136, 49.7751110325482], 
            [-116.474299849059, 49.7277707200428], 
            [-116.233398452576, 49.4150134920791], 
            [-115.95591263526, 49.1162407219318], 
            [-115.793351182211, 49.0112718527139], 
            [-115.237354320445, 48.9880513574843], 
            [-114.961748086205, 48.9158357971844], 
            [-114.806588053596, 48.9219871599795], 
            [-114.574437060622, 49.0173422765249], 
            [-114.246778066355, 49.2073960045221], 
            [-114.080151677658, 49.3872334340758], 
            [-114.050303178948, 49.6522906207156], 
            [-114.173609224686, 49.9348306279312], 
            [-114.487625503514, 50.2809437105839], 
            [-114.731098961048, 50.4724093741934], 
            [-115.042237409329, 50.6192416846561], 
            [-115.20894473701, 50.6420305053036], 
            [-115.20894473701, 50.6645315428965], 
            [-115.253955805416, 50.6645315428965], 
            [-115.253955805416, 50.7095426113025], 
            [-115.298966873822, 50.7095426113025], 
            [-115.298966873822, 50.7545626729291], 
            [-115.343977942228, 50.7545626729291], 
            [-115.343977942228, 50.7995737413352], 
            [-115.388989010634, 50.7995737413352], 
            [-115.388989010634, 50.8445848097413], 
            [-115.43400007904, 50.8445848097413], 
            [-115.43400007904, 50.8895958781474], 
            [-115.524031209073, 50.8895958781474], 
            [-115.524031209073, 50.9346069465534], 
            [-115.614053345885, 50.9346069465534], 
            [-115.614053345885, 50.9796180149595], 
            [-115.749086551103, 50.9796180149595], 
            [-115.749086551103, 50.9346069465534], 
            [-115.839108687916, 50.9346069465534], 
            [-115.839108687916, 50.8895958781474], 
            [-115.884119756322, 50.8895958781474], 
            [-115.884119756322, 50.8445848097413], 
            [-115.929139817948, 50.8445848097413], 
            [-115.929139817948, 50.7995737413352], 
            [-115.974150886354, 50.7995737413352], 
            [-115.974150886354, 50.7545626729291], 
            [-116.01916195476, 50.7545626729291], 
            [-116.01916195476, 50.6645315428965], 
            [-116.064173023166, 50.6645315428965], 
            [-116.064173023166, 50.6195204744904], 
            [-116.109184091573, 50.6195204744904], 
            [-116.109184091573, 50.5970194368976], 
            [-116.131694122386, 50.5970194368976], 
            [-116.131694122386, 50.5745094060843], 
            [-116.154195159979, 50.5745094060843], 
            [-116.154195159979, 50.5520083684915], 
            [-116.301324246717, 50.4740731199786], 
            [-116.521712107328, 50.3178069212525], 
            [-116.625152129067, 50.289496263242], 
            [-116.86137705091, 50.3204059619656], 
            [-117.110615162759, 50.3882418239011], 
            [-117.41979308898, 50.5161074324122], 
            [-117.598695223606, 50.6192506778766], 
            [-117.753801296892, 50.7528809407029], 
            [-117.785052737993, 50.7891505988212], 
            [-117.845505165931, 50.8412393317299], 
            [-117.897584905619, 50.9016827664466], 
            [-117.921758682217, 50.9225200582542], 
            [-117.943198519796, 50.9705528487351], 
            [-118.164179932957, 51.3233658806309], 
            [-118.280183483681, 51.4193235429472], 
            [-118.314780402793, 51.4297376922408], 
            [-118.329898006388, 51.4596311570523], 
            [-118.359791471199, 51.4747577538673], 
            [-118.359791471199, 51.6097909590856], 
            [-118.404802539605, 51.6097909590856], 
            [-118.404802539605, 51.6548020274916], 
            [-118.449813608012, 51.6548020274916], 
            [-118.449813608012, 51.7448241643038], 
            [-118.153819742987, 51.7769839206715], 
            [-118.000620232438, 51.8031182193304], 
            [-117.674481092428, 51.9147510649098], 
            [-117.424109834801, 51.9959958185523], 
            [-117.104409840642, 52.0584087685499], 
            [-116.600456745682, 52.0481205243428], 
            [-116.335732308199, 51.9715072792376], 
            [-116.111360450924, 51.8354488468868], 
            [-115.983350950886, 51.6627610275994], 
            [-115.928690156925, 51.6102406201086], 
            [-115.895163431047, 51.5753469247209], 
            [-115.848155867699, 51.5763091993102], 
            [-115.720254286306, 51.3126729415031], 
            [-115.648407448045, 51.2066788451527], 
            [-115.479235977958, 51.0725539552009], 
            [-114.854081250849, 50.7014487128879], 
            [-114.528580629492, 50.4673461910739], 
            [-114.08156361327, 50.0818158231418], 
            [-113.954678265789, 49.9497413874552], 
            [-113.856166528862, 49.7466924558922], 
            [-113.825040992848, 49.4602314045558], 
            [-113.800957148454, 49.2718324291234], 
            [-113.753760727476, 49.0876782537485], 
            [-113.623341044354, 48.8612109761057], 
            [-113.507706215669, 48.6228726474548], 
            [-113.455941238697, 48.4105337191559], 
            [-113.419932383972, 48.0423512734926], 
            [-113.38573116656, 47.8418204436586], 
            [-113.252964252898, 47.622889484762], 
            [-113.084800023502, 47.4613262791845], 
            [-112.926501356952, 47.4351380212028], 
            [-112.362149793378, 47.5701712264211], 
            [-112.177950651901, 47.5958828437183], 
            [-112.008725222491, 47.5670235992597], 
            [-111.510518795406, 47.0484835007131], 
            [-111.292514138217, 46.8627824914189], 
            [-111.098638291524, 46.7356633202061], 
            [-110.905697739759, 46.6886287771964], 
            [-110.665704658543, 46.6935300823475], 
            [-110.439839926671, 46.7708358054281], 
            [-110.258950290324, 47.1436857325106], 
            [-110.175906892589, 47.3048892092697], 
            [-110.067457647053, 47.4090936547485], 
            [-109.858608088293, 47.5274983953348], 
            [-109.666809675526, 47.5897404741436], 
            [-109.362658959543, 47.6372426646173], 
            [-109.090847864337, 47.5908826131422], 
            [-108.904733166902, 47.49500588981], 
            [-108.734914184942, 47.3182531348743], 
            [-108.501809910599, 46.9255731566759], 
            [-108.396850034601, 46.8247321756494], 
            [-108.175562851944, 46.7374439778574], 
            [-108.038578117886, 46.6818838618508], 
            [-107.865962244362, 46.5929588979349], 
            [-107.628784041151, 46.3460949962872], 
            [-107.584960077845, 46.1216152203662], 
            [-107.621526512239, 45.8713518813843], 
            [-107.778701026231, 45.5275860292719], 
            [-107.940713892832, 45.3268753350288], 
            [-108.099767989901, 45.200772397728], 
            [-108.300505663805, 45.1356345019308], 
            [-108.546380311202, 45.1406527189479], 
            [-108.904868065209, 45.3011367380701], 
            [-109.361480847663, 45.5780379960568], 
            [-109.522297615942, 45.6414671799665], 
            [-109.692287469091, 45.5979040200545], 
            [-109.867673254517, 45.4506670146711], 
            [-110.014469592098, 45.2526363001252], 
            [-110.183272340146, 45.0904525623359], 
            [-110.340995440587, 45.0139292494354], 
            [-110.846891071166, 44.9521188452086], 
            [-111.2547066394, 44.8886446951966], 
            [-111.441945489393, 44.8924668138924], 
            [-111.587141033732, 44.9908976118354], 
            [-111.821549325041, 45.4320960144196], 
            [-111.891120878526, 45.523781897017], 
            [-111.99212373752, 45.5727859553077], 
            [-112.528101690541, 45.6204500237497], 
            [-112.893819993798, 45.7055348825289], 
            [-113.151943407462, 45.8385086402616], 
            [-113.286562924539, 46.0201177342461], 
            [-113.346457772808, 46.2046676113213], 
            [-113.224662588108, 46.6799053533495], 
            [-113.194868048721, 46.8998345597172], 
            [-113.272452561636, 47.1264906949897], 
            [-113.409221458404, 47.1928426755491], 
            [-113.72125922873, 47.1864754754629], 
            [-114.030787890549, 47.0270166834732], 
            [-114.214375493035, 46.7954592430497], 
            [-114.332078762425, 46.478700031981], 
            [-114.497365161273, 46.2870455107418], 
            [-114.612307511982, 46.0843203351155], 
            [-114.747790378223, 45.927226760107], 
            [-114.859845905164, 45.7858893073457], 
            [-114.95384304542, 45.6275546679137], 
            [-115.017416120857, 45.4316463533966], 
            [-115.062876850286, 45.3195638467942], 
            [-115.084937220077, 45.1390699121468], 
            [-115.111638091625, 44.9563186791638], 
            [-115.200527082659, 44.7508685577378], 
            [-115.31962430122, 44.6364478138157], 
            [-115.532997449872, 44.5458680973349], 
            [-116.01818169373, 44.4668806420281], 
            [-116.210411781079, 44.4275083228509], 
            [-116.331685358992, 44.3453102878396], 
            [-116.367784145922, 44.1305521832368], 
            [-116.239837598426, 43.8447386437735], 
            [-116.323213745318, 43.5415861752618], 
            [-116.345274115108, 43.3774239289712], 
            [-116.275153975176, 43.1038141896732], 
            [-116.132530491889, 42.7269532862653], 
            [-116.109184091573, 42.6073524473576], 
            [-116.244217296791, 42.6073524473576], 
            [-116.244217296791, 42.6523725089842], 
            [-116.379259495229, 42.6523725089842], 
            [-116.379259495229, 42.6973835773903], 
            [-116.514292700448, 42.6973835773903], 
            [-116.514292700448, 42.7423946457964], 
            [-116.60431483726, 42.7423946457964], 
            [-116.60431483726, 42.7874057142024], 
            [-116.694345967293, 42.7874057142024], 
            [-116.694345967293, 42.8324167826085], 
            [-116.739357035699, 42.8324167826085], 
            [-116.739357035699, 42.8774278510146], 
            [-116.829379172511, 42.8774278510146], 
            [-116.829379172511, 42.9224389194207], 
            [-116.874390240917, 42.9224389194207], 
            [-116.874390240917, 42.9674499878267], 
            [-116.919401309323, 42.9674499878267], 
            [-116.919401309323, 43.0124700494533], 
            [-116.964412377729, 43.0124700494533], 
            [-116.964412377729, 43.0574811178594], 
            [-117.009432439356, 43.0574811178594], 
            [-117.009432439356, 43.1024921862655], 
            [-117.054443507762, 43.1024921862655], 
            [-117.054443507762, 43.1475032546716], 
            [-117.099454576168, 43.1475032546716], 
            [-117.099454576168, 43.1925143230776], 
            [-117.144465644574, 43.1925143230776], 
            [-117.144465644574, 43.2375253914837], 
            [-117.18947671298, 43.2375253914837], 
            [-117.18947671298, 43.2825364598898], 
            [-117.234487781386, 43.2825364598898], 
            [-117.234487781386, 43.3275475282959], 
            [-117.279498849792, 43.3275475282959], 
            [-117.279498849792, 43.3725675899224], 
            [-117.324509918198, 43.3725675899224], 
            [-117.324509918198, 43.4175786583285], 
            [-117.414541048231, 43.4175786583285], 
            [-117.414541048231, 43.4625897267346], 
            [-117.729618527073, 43.4625897267346], 
            [-117.729618527073, 43.4175786583285], 
            [-117.819649657106, 43.4175786583285], 
            [-117.819649657106, 43.3725675899224], 
            [-117.909671793918, 43.3725675899224], 
            [-117.909671793918, 43.3275475282959], 
            [-117.954682862324, 43.3275475282959], 
            [-117.954682862324, 43.2825364598898], 
            [-117.99969393073, 43.2825364598898], 
            [-117.99969393073, 43.2375253914837], 
            [-118.044704999136, 43.2375253914837], 
            [-118.044704999136, 43.1925143230776], 
            [-118.089716067542, 43.1925143230776], 
            [-118.089716067542, 43.1475032546716], 
            [-118.134736129169, 43.1475032546716], 
            [-118.134736129169, 43.1024921862655], 
            [-118.179747197575, 43.1024921862655], 
            [-118.179747197575, 43.0574811178594], 
            [-118.224758265981, 43.0574811178594], 
            [-118.224758265981, 43.0124700494533], 
            [-118.269769334387, 43.0124700494533], 
            [-118.269769334387, 42.9674499878267], 
            [-118.314780402793, 42.9674499878267], 
            [-118.314780402793, 42.9224389194207], 
            [-118.359791471199, 42.9224389194207], 
            [-118.359791471199, 42.8774278510146], 
            [-118.404802539605, 42.8774278510146], 
            [-118.404802539605, 42.8324167826085], 
            [-118.494833669638, 42.8324167826085], 
            [-118.494833669638, 42.7874057142024], 
            [-118.539844738044, 42.7874057142024], 
            [-118.539844738044, 42.7423946457964], 
            [-118.58485580645, 42.7423946457964], 
            [-118.58485580645, 42.6973835773903], 
            [-118.629866874856, 42.6973835773903], 
            [-118.629866874856, 42.6523725089842], 
            [-118.719889011668, 42.6523725089842], 
            [-118.719889011668, 42.6073524473576], 
            [-118.764900080075, 42.6073524473576], 
            [-118.764900080075, 42.5623413789515], 
            [-118.854931210107, 42.5623413789515], 
            [-118.854931210107, 42.5173303105455], 
            [-118.899942278513, 42.5173303105455], 
            [-118.899942278513, 42.4723192421394], 
            [-118.944953346919, 42.4723192421394], 
            [-118.944953346919, 42.4273081737333], 
            [-118.967454384512, 42.4273081737333], 
            [-118.986412093243, 42.4477677502815], 
            [-119.243879001814, 42.6653407328886], 
            [-119.590747514986, 42.9381051094633], 
            [-120.059429199298, 43.4283975025428], 
            [-120.112579132221, 43.5107124494201], 
            [-120.268431642806, 43.5433128735903], 
            [-120.411621698982, 43.5376381514796], 
            [-120.633214651135, 43.6679229362945], 
            [-120.824095755415, 43.8296120469585], 
            [-120.99830342896, 44.0436686803654], 
            [-121.02718965308, 44.1260915458882], 
            [-121.077614640203, 44.3901684714978], 
            [-121.161368502354, 44.4195223430817], 
            [-121.357888355863, 44.446385092598], 
            [-121.614168159333, 44.6429049461064], 
            [-121.677201641542, 44.6454050613946], 
            [-121.811137673864, 44.5213076122566], 
            [-121.991074028843, 44.2726630529576], 
            [-122.025239273374, 44.1422703494971], 
            [-122.003223869686, 43.5867681148567], 
            [-122.050474249987, 43.43751662809], 
            [-122.169733346517, 43.3554534913856], 
            [-122.616660430534, 43.1604085260327], 
            [-122.88007185783, 43.1499673970778], 
            [-122.962719553864, 43.2033421605124], 
            [-123.213675370822, 43.4284334754246], 
            [-123.344463775982, 43.4742719201131], 
            [-123.63464802059, 43.5372604362203], 
            [-123.68033358053, 43.6236133390844], 
            [-123.727062354044, 43.8469509760068], 
            [-123.705415672395, 44.2169680386442], 
            [-123.572280036694, 44.5066486629055], 
            [-123.56556210101, 44.6760809363862], 
            [-123.657310936151, 44.9894856762231], 
            [-123.495738737353, 45.2533647509825], 
            [-123.414754787104, 45.4844365575012], 
            [-123.369545867847, 45.7212460386738], 
            [-123.307159897511, 45.7885692870431], 
            [-122.9481865096, 45.8150543213], 
            [-122.740227279665, 45.9675793403144], 
            [-122.612370664375, 46.2092181808744], 
            [-122.553572989002, 46.4100367937631], 
            [-122.55761993821, 46.5121638053154], 
            [-122.555902233102, 46.5555740804795], 
            [-122.688435323032, 46.6467653359516], 
            [-122.760165249427, 46.6251186543025], 
            [-122.890728824076, 46.5352763818996], 
            [-123.045457182103, 46.5291430055453], 
            [-123.141909471545, 46.6185086372639], 
            [-123.11917461022, 46.7436133270934], 
            [-122.98487884908, 46.8680435253885], 
            [-122.959868702978, 47.0510915346467], 
            [-122.849324037075, 47.1869161432655], 
            [-122.762737310478, 47.3342071079717], 
            [-122.539849334579, 47.4123312141143], 
            [-122.287535541332, 47.4391849704102], 
            [-122.309182222981, 47.4803559336795], 
            [-122.3767033222, 47.512218913772], 
            [-122.259845415533, 47.5470136837346], 
            [-122.219160086169, 47.5253670020855], 
            [-122.101762586274, 47.4353448652734], 
            [-122.031750364987, 47.4730894115472], 
            [-121.940738973924, 47.7605487103548], 
            [-121.764498832555, 47.9039815834834], 
            [-121.6123515288, 47.9304756109607], 
            [-121.408942868419, 47.9521222926098], 
            [-121.387287193549, 47.9754866793668], 
            [-121.304126883948, 48.0525405922746], 
            [-121.234888079621, 48.1833919499786], 
            [-121.228134171055, 48.3538134777099], 
            [-121.271022839432, 48.4446809772454], 
            [-121.404158475133, 48.5362949140791], 
            [-121.543976073637, 48.5606485550869], 
            [-121.769535036013, 48.5846514604966], 
            [-121.898515803861, 48.645517576575], 
            [-122.072912335036, 48.8071077618138], 
            [-122.173285668599, 49.1241547559373], 
            [-122.291699402405, 49.4124414310273], 
            [-122.331692253794, 49.663442214087], 
            [-122.356450589723, 49.6863839194824], 
            [-122.332042989392, 49.915756007334], 
            [-122.285044419264, 50.0498449244038], 
            [-122.289603982038, 50.1648951937582], 
            [-122.265025510519, 50.2936151582131], 
            [-122.240887706802, 50.409007169945], 
            [-122.24533035771, 50.5211256494293], 
            [-122.21351234372, 50.687770024567], 
            [-122.123706044199, 50.8182796398935], 
            [-122.155083390386, 50.9077981563599], 
            [-121.792998348195, 51.1065843014244], 
            [-121.445824065528, 51.4282628040852], 
            [-121.206379570761, 51.7331419709253], 
            [-121.105538589734, 51.8798663627425]
          ], 
          [
            [-121.645680403827, 47.2436094050501], 
            [-121.635670949455, 47.2561099814905], 
            [-121.53564835149, 47.3362036029141], 
            [-121.493047466168, 47.4852032795078], 
            [-121.503650473091, 47.5704230365939], 
            [-121.574795840156, 47.6678196141839], 
            [-121.757511100257, 47.7037385367042], 
            [-121.897589502154, 47.6014136743017], 
            [-121.925765261857, 47.4193189464123], 
            [-121.800750504232, 47.263007781584], 
            [-121.645680403827, 47.2436094050501]
          ], 
          [
            [-121.308092894172, 46.6584475293301], 
            [-121.297265056737, 46.6701297227086], 
            [-121.048845327949, 46.759297503577], 
            [-120.826362046971, 46.8563883116713], 
            [-120.588887067484, 46.825424653625], 
            [-120.486661130507, 46.8294716028323], 
            [-120.263179602057, 46.9270030787292], 
            [-120.36024343049, 46.9896768321202], 
            [-120.440319065472, 47.076101680748], 
            [-120.496247903518, 47.127920617043], 
            [-120.72562898459, 47.1188284711571], 
            [-120.798519036424, 47.3060223550477], 
            [-120.940872723098, 47.4379169263252], 
            [-121.082129236875, 47.482631218456], 
            [-121.173050695733, 47.4790339302717], 
            [-121.206811245343, 47.4803739201204], 
            [-121.240571794952, 47.4790339302717], 
            [-121.274728046262, 47.4803829133409], 
            [-121.301554822897, 47.4514337366777], 
            [-121.341421769199, 47.3669604168898], 
            [-121.381657437541, 47.2909227378941], 
            [-121.523021869963, 46.8444093420176], 
            [-121.520269944502, 46.7749457071787], 
            [-121.409500448087, 46.6723150752806], 
            [-121.308092894172, 46.6584475293301]
          ], 
          [
            [-119.957724869107, 46.2758489512682], 
            [-119.929396224656, 46.3911959968978], 
            [-119.987816184769, 46.4425832586106], 
            [-120.057477670458, 46.3972214546066], 
            [-120.079448108044, 46.2866767887029], 
            [-119.957724869107, 46.2758489512682]
          ], 
          [
            [-120.362833477983, 46.1408157460499], 
            [-120.293603666876, 46.2335628286617], 
            [-120.241946608549, 46.4783582896035], 
            [-120.382537624012, 46.4575839503391], 
            [-120.474385384578, 46.3894872850103], 
            [-120.527202568344, 46.2604435646189], 
            [-120.484745574549, 46.1524439801057], 
            [-120.362833477983, 46.1408157460499]
          ], 
          [
            [-122.275853347954, 45.7356981439543], 
            [-122.266248588502, 45.7486124085359], 
            [-122.191047279009, 45.8045502398018], 
            [-122.113669610164, 45.9359501839539], 
            [-122.141458661388, 46.0973784912245], 
            [-122.312140992513, 46.1588291666328], 
            [-122.475304991332, 46.1202662372971], 
            [-122.578034548655, 45.9693599979656], 
            [-122.550973948289, 45.812185483973], 
            [-122.462264821664, 45.7462022254524], 
            [-122.275853347954, 45.7356981439543]
          ], 
          [
            [-116.424270563636, 45.6681860379554], 
            [-116.413649570271, 45.6800660821841], 
            [-116.327143782659, 45.7573628120442], 
            [-116.191822794386, 46.0817392808432], 
            [-116.283679548173, 46.2507758526236], 
            [-116.331991128488, 46.2939433108352], 
            [-116.485487415312, 46.2847972056266], 
            [-116.633461864773, 46.0809029113404], 
            [-116.65994689903, 45.8754348034735], 
            [-116.604809464385, 45.7739642970148], 
            [-116.519247964922, 45.6975129298779], 
            [-116.424270563636, 45.6681860379554]
          ], 
          [
            [-122.680961956829, 45.4656317335178], 
            [-122.695638892621, 45.5549793787954], 
            [-122.68722123827, 45.6119154575324], 
            [-122.697113780776, 45.6788430042014], 
            [-122.868272752585, 45.7004986790708], 
            [-122.893318871569, 45.6102067456449], 
            [-122.720163404817, 45.4765405099367], 
            [-122.680961956829, 45.4656317335178]
          ], 
          [
            [-122.568429789203, 45.4206206651117], 
            [-122.584536647049, 45.4833663642664], 
            [-122.638082281672, 45.4713604149513], 
            [-122.667642997326, 45.4318981635695], 
            [-122.568429789203, 45.4206206651117]
          ], 
          [
            [-121.645680403827, 44.9254809262039], 
            [-121.635266254534, 44.9375768077236], 
            [-121.574553023203, 44.9898813779233], 
            [-121.508425873155, 45.0954527929122], 
            [-121.523615422514, 45.2844093480131], 
            [-121.584481538592, 45.393515098643], 
            [-121.709424350453, 45.5011549543378], 
            [-121.946341750272, 45.6068702608539], 
            [-122.273416185209, 45.5308595615196], 
            [-122.442992350217, 45.3905833087728], 
            [-122.477769133739, 45.3502217353449], 
            [-122.457471435159, 45.097539220059], 
            [-122.355119593095, 45.0093606934414], 
            [-122.064449714583, 45.0620609653413], 
            [-121.792809490566, 44.9358950754974], 
            [-121.645680403827, 44.9254809262039]
          ], 
          [
            [-122.90602629208, 44.9254809262039], 
            [-122.896421532628, 45.0509183651905], 
            [-122.78754960573, 45.1150310338552], 
            [-122.761388327409, 45.1999450214457], 
            [-122.853658769337, 45.2685812800021], 
            [-122.975849655737, 45.2475461373444], 
            [-123.005644195123, 45.1376399900935], 
            [-123.050016744877, 45.0272661953787], 
            [-122.983035238885, 44.9382512992581], 
            [-122.90602629208, 44.9254809262039]
          ], 
          [
            [-119.871380959464, 44.7152284250519], 
            [-119.853313579558, 44.6953084417313], 
            [-119.845192701482, 44.7229266217662], 
            [-119.871380959464, 44.7152284250519]
          ], 
          [
            [-122.635950888423, 44.6779155533602], 
            [-122.571334599412, 44.77569883943], 
            [-122.586407236904, 44.842959135256], 
            [-122.643532173271, 44.8671598915159], 
            [-122.733869072799, 44.808335236482], 
            [-122.708822953816, 44.6966214519185], 
            [-122.635950888423, 44.6779155533602]
          ], 
          [
            [-122.545928751611, 43.2825364598898], 
            [-122.535100914176, 43.2942186532683], 
            [-122.354193291387, 43.3608853965439], 
            [-122.229178533762, 43.4122366853748], 
            [-122.115054566115, 43.5353988395848], 
            [-122.084981236895, 43.7960763278603], 
            [-122.175003373707, 44.1035815150749], 
            [-122.199581845226, 44.2323014795297], 
            [-122.194302824815, 44.3654011423489], 
            [-122.129128956136, 44.3961579563247], 
            [-122.065519907817, 44.4298195805093], 
            [-121.944794916352, 44.5601223517652], 
            [-121.899199288616, 44.6567275259546], 
            [-121.905206759884, 44.8081373856319], 
            [-122.000507917107, 44.8964418173361], 
            [-122.093632714978, 44.9403916857278], 
            [-122.20201001475, 44.9360929263476], 
            [-122.295062866858, 44.8868550443249], 
            [-122.331692253794, 44.6796782245705], 
            [-122.285898775208, 44.4608192114375], 
            [-122.287859297269, 44.4112665666988], 
            [-122.339732192886, 44.3745112746757], 
            [-122.699218194364, 44.60198579301], 
            [-122.803719416118, 44.5978489115981], 
            [-123.003099113733, 44.4249272685786], 
            [-123.130578013764, 44.3945571630827], 
            [-123.297141449918, 44.3361821690719], 
            [-123.480360330365, 44.3069991686768], 
            [-123.595158789546, 44.2598387205805], 
            [-123.65182507167, 44.1397792274295], 
            [-123.636824379941, 43.7614884019683], 
            [-123.586345433495, 43.6660883193206], 
            [-123.247552832297, 43.5235098021357], 
            [-122.91813116682, 43.3492032031654], 
            [-122.801659968633, 43.2942276464888], 
            [-122.545928751611, 43.2825364598898]
          ]
        ]
      }, 
      "properties" : {
        "OBJECTID" : 93, 
        "Id" : 93, 
        "gridcode" : 3, 
        "Timestamp" : 1786053600000, 
        "Unixtime" : 1786053600, 
        "Shape__Area" : 781426563080.17578, 
        "Shape__Length" : 15884432.225564823
      }
    }, 
    {
      "type" : "Feature", 
      "id" : 94, 
      "geometry" : 
      {
        "type" : "Polygon", 
        "coordinates" : 
        [
          [
            [-78.5915457632263, 42.40479814292], 
            [-78.8166640578, 42.4240166550447], 
            [-79.0611627424665, 42.536234059954], 
            [-79.1188362652813, 42.69698787569], 
            [-79.0152343655735, 42.966478720017], 
            [-78.7850618811009, 43.2240895201153], 
            [-78.63299551633, 43.3067282229292], 
            [-78.4750116124958, 43.2342158863541], 
            [-78.382165604459, 43.0633716772612], 
            [-78.3333593970185, 42.8349168978966], 
            [-78.3624794448704, 42.5992225760611], 
            [-78.4401898628718, 42.4770226964404], 
            [-78.5121446197783, 42.4379291670975], 
            [-78.5809247698622, 42.4166871803691], 
            [-78.5915457632263, 42.40479814292]
          ]
        ]
      }, 
      "properties" : {
        "OBJECTID" : 94, 
        "Id" : 94, 
        "gridcode" : 2, 
        "Timestamp" : 1786053600000, 
        "Unixtime" : 1786053600, 
        "Shape__Area" : 8595921817.625, 
        "Shape__Length" : 353589.36346382793
      }
    }, 
    {
      "type" : "Feature", 
      "id" : 95, 
      "geometry" : 
      {
        "type" : "Polygon", 
        "coordinates" : 
        [
          [
            [-110.010035934411, 42.247263900109], 
            [-110.224830011896, 42.2659787918878], 
            [-110.369297105377, 42.3719369153565], 
            [-110.448473418314, 42.5215751106029], 
            [-110.422536970505, 42.8001491075953], 
            [-110.309699033384, 43.0392338735445], 
            [-110.165960390759, 43.2618250731687], 
            [-109.905858468593, 43.4951271983616], 
            [-109.695794825071, 43.5034459272878], 
            [-109.550806124803, 43.4098265022913], 
            [-109.44203312333, 43.160570404001], 
            [-109.405124946559, 42.841931609856], 
            [-109.445954167451, 42.5431678329292], 
            [-109.555383674017, 42.4250688618386], 
            [-109.772102300681, 42.310387314523], 
            [-109.885821573407, 42.2805927751365], 
            [-109.999208096976, 42.258937100267], 
            [-110.010035934411, 42.247263900109]
          ]
        ]
      }, 
      "properties" : {
        "OBJECTID" : 95, 
        "Id" : 95, 
        "gridcode" : 3, 
        "Timestamp" : 1786053600000, 
        "Unixtime" : 1786053600, 
        "Shape__Area" : 16618824621.585938, 
        "Shape__Length" : 494245.74623864557
      }
    }, 
    {
      "type" : "Feature", 
      "id" : 96, 
      "geometry" : 
      {
        "type" : "Polygon", 
        "coordinates" : 
        [
          [
            [-83.0027383856679, 42.2022438384824], 
            [-83.1025631327823, 42.2192050522714], 
            [-83.0698997560688, 42.3245786164101], 
            [-82.9892395617563, 42.2365889474221], 
            [-83.0027383856679, 42.2022438384824]
          ]
        ]
      }, 
      "properties" : {
        "OBJECTID" : 96, 
        "Id" : 96, 
        "gridcode" : 2, 
        "Timestamp" : 1786053600000, 
        "Unixtime" : 1786053600, 
        "Shape__Area" : 125838180.60546875, 
        "Shape__Length" : 49038.594762763954
      }
    }, 
    {
      "type" : "Feature", 
      "id" : 97, 
      "geometry" : 
      {
        "type" : "Polygon", 
        "coordinates" : 
        [
          [
            [-83.1827826592922, 42.0897206640774], 
            [-83.2883001149583, 42.0973199353668], 
            [-83.323409647637, 42.1692117397301], 
            [-83.2687218740152, 42.2773282361093], 
            [-83.190058174645, 42.2621476799715], 
            [-83.1434912790992, 42.1684832888728], 
            [-83.1827826592922, 42.0897206640774]
          ]
        ]
      }, 
      "properties" : {
        "OBJECTID" : 97, 
        "Id" : 97, 
        "gridcode" : 2, 
        "Timestamp" : 1786053600000, 
        "Unixtime" : 1786053600, 
        "Shape__Area" : 398592357.16796875, 
        "Shape__Length" : 77291.594197972619
      }
    }, 
    {
      "type" : "Feature", 
      "id" : 98, 
      "geometry" : 
      {
        "type" : "Polygon", 
        "coordinates" : 
        [
          [
            [-108.412102536503, 41.9996895340448], 
            [-108.692762960642, 42.0125228596423], 
            [-109.030017721141, 42.1716848753568], 
            [-109.158764665257, 42.2909799447687], 
            [-109.210637560875, 42.3890150410114], 
            [-109.178441831625, 42.4968347611154], 
            [-109.03917281957, 42.5926665183452], 
            [-108.847833061047, 42.6597289633211], 
            [-108.626186149571, 42.6685153397112], 
            [-108.461969943958, 42.6294038239274], 
            [-108.362549891764, 42.5372772735274], 
            [-108.268022151501, 42.3999148242099], 
            [-108.224225167857, 42.2327668287263], 
            [-108.283598409339, 42.1069516744803], 
            [-108.328789342154, 42.058190433142], 
            [-108.401283692289, 42.0113717274234], 
            [-108.412102536503, 41.9996895340448]
          ]
        ]
      }, 
      "properties" : {
        "OBJECTID" : 98, 
        "Id" : 98, 
        "gridcode" : 3, 
        "Timestamp" : 1786053600000, 
        "Unixtime" : 1786053600, 
        "Shape__Area" : 8102134981.2460938, 
        "Shape__Length" : 328375.58011066413
      }
    }, 
    {
      "type" : "Feature", 
      "id" : 99, 
      "geometry" : 
      {
        "type" : "Polygon", 
        "coordinates" : 
        [
          [
            [-80.9321752796654, 41.977188496452], 
            [-80.9683639987994, 41.987260903368], 
            [-81.0515872609433, 42.0995232743797], 
            [-80.9535251850392, 42.0538377144391], 
            [-80.9321752796654, 41.977188496452]
          ]
        ]
      }, 
      "properties" : {
        "OBJECTID" : 99, 
        "Id" : 99, 
        "gridcode" : 2, 
        "Timestamp" : 1786053600000, 
        "Unixtime" : 1786053600, 
        "Shape__Area" : 81449939.12109375, 
        "Shape__Length" : 48127.339103103186
      }
    }, 
    {
      "type" : "Feature", 
      "id" : 100, 
      "geometry" : 
      {
        "type" : "Polygon", 
        "coordinates" : 
        [
          [
            [-70.061736959593, 41.8421462980133], 
            [-70.0959471702257, 41.8685503932861], 
            [-70.1209033570042, 42.0155086088353], 
            [-70.224775053326, 42.0001571815088], 
            [-70.25159283674, 42.0348979921487], 
            [-70.2966039051461, 42.0696477960091], 
            [-70.196572313961, 42.1220243119725], 
            [-70.0311779964673, 42.0663113112181], 
            [-70.0142077894578, 41.9514948655956], 
            [-70.0519343492907, 41.9223658245232], 
            [-70.061736959593, 41.8421462980133]
          ]
        ]
      }, 
      "properties" : {
        "OBJECTID" : 100, 
        "Id" : 100, 
        "gridcode" : 1, 
        "Timestamp" : 1786053600000, 
        "Unixtime" : 1786053600, 
        "Shape__Area" : 527176867, 
        "Shape__Length" : 121921.04799146991
      }
    }, 
    {
      "type" : "Feature", 
      "id" : 101, 
      "geometry" : 
      {
        "type" : "Polygon", 
        "coordinates" : 
        [
          [
            [-71.3670939162512, 41.7971352296072], 
            [-71.389594953844, 41.8421462980133], 
            [-71.3820406486569, 41.8796030612324], 
            [-71.3416251159063, 41.9304687161584], 
            [-71.2847160168307, 41.9026706717142], 
            [-71.2695084810315, 41.8060834839657], 
            [-71.3670939162512, 41.7971352296072]
          ]
        ]
      }, 
      "properties" : {
        "OBJECTID" : 101, 
        "Id" : 101, 
        "gridcode" : 4, 
        "Timestamp" : 1786053600000, 
        "Unixtime" : 1786053600, 
        "Shape__Area" : 192449069.40625, 
        "Shape__Length" : 54732.397264713458
      }
    }, 
    {
      "type" : "Feature", 
      "id" : 102, 
      "geometry" : 
      {
        "type" : "Polygon", 
        "coordinates" : 
        [
          [
            [-71.3670939162512, 41.7971352296072], 
            [-71.2695084810315, 41.8060834839657], 
            [-71.2847160168307, 41.9026706717142], 
            [-71.3416251159063, 41.9304687161584], 
            [-71.3820406486569, 41.8796030612324], 
            [-71.389594953844, 41.8421462980133], 
            [-71.4128334355146, 41.8600877728325], 
            [-71.4444176257728, 41.9573854249974], 
            [-71.3592788076708, 42.0230988869042], 
            [-71.2334726466453, 42.0045009069913], 
            [-71.1772380391042, 41.8783979696906], 
            [-71.2633481250159, 41.7622595206604], 
            [-71.3247808139833, 41.742321550899], 
            [-71.3670939162512, 41.7971352296072]
          ]
        ]
      }, 
      "properties" : {
        "OBJECTID" : 102, 
        "Id" : 102, 
        "gridcode" : 3, 
        "Timestamp" : 1786053600000, 
        "Unixtime" : 1786053600, 
        "Shape__Area" : 614063504.73828125, 
        "Shape__Length" : 150800.30886421705
      }
    }, 
    {
      "type" : "Feature", 
      "id" : 103, 
      "geometry" : 
      {
        "type" : "Polygon", 
        "coordinates" : 
        [
          [
            [-82.7101619444181, 43.4175786583285], 
            [-82.6798188185836, 43.1907246722059], 
            [-82.6356710993417, 43.0945421793782], 
            [-82.5870087834285, 43.0681021112235], 
            [-82.4559865545358, 43.0079644460025], 
            [-82.3942480960727, 42.8943530919217], 
            [-82.428197503312, 42.640483471535], 
            [-82.5182196401242, 42.424043634706], 
            [-82.4881103380216, 42.1565762649827], 
            [-82.4413545848462, 42.0546920703828], 
            [-82.384454478991, 41.9499840045582], 
            [-82.4605551105299, 41.7808575005733], 
            [-82.5194876842092, 41.6964920994309], 
            [-82.5700835425214, 41.5862621962435], 
            [-82.6082507701569, 41.6289710002115], 
            [-83.0631638339437, 41.8823729731343], 
            [-83.2262379005586, 41.9962900967107], 
            [-83.6079011836926, 42.0778316266283], 
            [-83.6898024424287, 42.0340886023072], 
            [-83.8034587626117, 41.8553753253111], 
            [-84.0029283924313, 41.7469890323181], 
            [-84.1297417941484, 41.7394257339106], 
            [-84.2835528436887, 41.7752187513444], 
            [-84.3856258959183, 41.8664100068165], 
            [-84.3972001706513, 42.0605826297846], 
            [-84.3107033762598, 42.1965871028126], 
            [-84.0671399865211, 42.414205051522], 
            [-83.8835973501376, 42.6495306513186], 
            [-83.7467025482839, 42.6986426282548], 
            [-83.5893931359844, 42.7472240051838], 
            [-83.4219843371074, 42.8446925285374], 
            [-83.3250194340995, 42.9313242212359], 
            [-83.2609247518757, 43.023082049597], 
            [-83.2101130562725, 43.1029778201703], 
            [-83.1365035468012, 43.1687452413998], 
            [-82.9831151786225, 43.3404258199957], 
            [-82.8229189425551, 43.4274712008353], 
            [-82.7886547725996, 43.4295126618799], 
            [-82.7101619444181, 43.4175786583285]
          ], 
          [
            [-83.0027383856679, 42.2022438384824], 
            [-82.9892395617563, 42.2365889474221], 
            [-83.0698997560688, 42.3245786164101], 
            [-83.1025631327823, 42.2192050522714], 
            [-83.0027383856679, 42.2022438384824]
          ], 
          [
            [-83.1827826592922, 42.0897206640774], 
            [-83.1434912790992, 42.1684832888728], 
            [-83.190058174645, 42.2621476799715], 
            [-83.2687218740152, 42.2773282361093], 
            [-83.323409647637, 42.1692117397301], 
            [-83.2883001149583, 42.0973199353668], 
            [-83.1827826592922, 42.0897206640774]
          ]
        ]
      }, 
      "properties" : {
        "OBJECTID" : 103, 
        "Id" : 103, 
        "gridcode" : 1, 
        "Timestamp" : 1786053600000, 
        "Unixtime" : 1786053600, 
        "Shape__Area" : 32317639933.082031, 
        "Shape__Length" : 1002224.2378959627
      }
    }, 
    {
      "type" : "Feature", 
      "id" : 104, 
      "geometry" : 
      {
        "type" : "Polygon", 
        "coordinates" : 
        [
          [
            [-71.6821803883142, 41.4820487575442], 
            [-71.8036967831799, 41.4936500119386], 
            [-71.8720272722408, 41.5858215284409], 
            [-71.84058697351, 41.6924091773417], 
            [-71.6850312392003, 41.7153958488394], 
            [-71.6110620009106, 41.592773287857], 
            [-71.6821803883142, 41.4820487575442]
          ]
        ]
      }, 
      "properties" : {
        "OBJECTID" : 104, 
        "Id" : 104, 
        "gridcode" : 1, 
        "Timestamp" : 1786053600000, 
        "Unixtime" : 1786053600, 
        "Shape__Area" : 722339486.59765625, 
        "Shape__Length" : 101534.09211358236
      }
    }, 
    {
      "type" : "Feature", 
      "id" : 105, 
      "geometry" : 
      {
        "type" : "Polygon", 
        "coordinates" : 
        [
          [
            [-70.3318123632499, 41.3470155523259], 
            [-70.339933241326, 41.319397372291], 
            [-70.3580006212316, 41.3393173556116], 
            [-70.3318123632499, 41.3470155523259]
          ]
        ]
      }, 
      "properties" : {
        "OBJECTID" : 105, 
        "Id" : 105, 
        "gridcode" : 2, 
        "Timestamp" : 1786053600000, 
        "Unixtime" : 1786053600, 
        "Shape__Area" : 5452250.56640625, 
        "Shape__Length" : 10896.674620947295
      }
    }, 
    {
      "type" : "Feature", 
      "id" : 106, 
      "geometry" : 
      {
        "type" : "Polygon", 
        "coordinates" : 
        [
          [
            [-70.3318123632499, 41.3470155523259], 
            [-70.3192938003685, 41.3762704984848], 
            [-70.2806679184896, 41.3560267592276], 
            [-70.3318123632499, 41.3470155523259]
          ]
        ]
      }, 
      "properties" : {
        "OBJECTID" : 106, 
        "Id" : 106, 
        "gridcode" : 2, 
        "Timestamp" : 1786053600000, 
        "Unixtime" : 1786053600, 
        "Shape__Area" : 11420640.62109375, 
        "Shape__Length" : 15649.857155842037
      }
    }, 
    {
      "type" : "Feature", 
      "id" : 107, 
      "geometry" : 
      {
        "type" : "Polygon", 
        "coordinates" : 
        [
          [
            [-86.1310840822645, 41.2119823471077], 
            [-86.2984928811415, 41.2233317913292], 
            [-86.3076839524524, 41.2972200906348], 
            [-86.168918560743, 41.4871838864273], 
            [-86.0985645970785, 41.6702049160241], 
            [-86.1185835058241, 41.8996579428598], 
            [-86.1523080825519, 42.048118026226], 
            [-86.064516264414, 42.0997211252298], 
            [-85.9175400624239, 42.0501145211683], 
            [-85.7105251206377, 41.9243803059065], 
            [-85.5171259146292, 41.7695080563518], 
            [-85.5066937788947, 41.6856552687757], 
            [-85.5704107458592, 41.5807583453214], 
            [-85.8487059530173, 41.3743099764243], 
            [-86.0487511489463, 41.2549519544692], 
            [-86.1210746278917, 41.2244739303277], 
            [-86.1310840822645, 41.2119823471077]
          ]
        ]
      }, 
      "properties" : {
        "OBJECTID" : 107, 
        "Id" : 107, 
        "gridcode" : 1, 
        "Timestamp" : 1786053600000, 
        "Unixtime" : 1786053600, 
        "Shape__Area" : 6303593048.640625, 
        "Shape__Length" : 352007.74870261562
      }
    }, 
    {
      "type" : "Feature", 
      "id" : 108, 
      "geometry" : 
      {
        "type" : "Polygon", 
        "coordinates" : 
        [
          [
            [-124.143853156298, 41.1894723162944], 
            [-124.133034312084, 41.2686756088923], 
            [-124.099093898065, 41.4308773331225], 
            [-124.139896139295, 41.5865949454005], 
            [-124.184556472103, 41.714001899668], 
            [-124.268067517302, 41.7404419678226], 
            [-124.297844070248, 41.7725747445289], 
            [-124.267213161358, 41.8304641046348], 
            [-124.243129316964, 41.8815006307496], 
            [-124.247185259392, 41.9839064321362], 
            [-124.378351379812, 42.0686135756561], 
            [-124.403325553032, 42.1734295601262], 
            [-124.448147763808, 42.2581456968665], 
            [-124.447230455321, 42.2812672666711], 
            [-124.470702760724, 42.4386756043957], 
            [-124.426069407577, 42.6090341795838], 
            [-124.493131852553, 42.6406903156056], 
            [-124.514778534202, 42.6865557399555], 
            [-124.538142920959, 42.7307124524178], 
            [-124.559789602608, 42.7765778767677], 
            [-124.596877643788, 42.8466620438184], 
            [-124.501234744188, 42.9856522660393], 
            [-124.47062182174, 43.114174379644], 
            [-124.447257434983, 43.1808321296991], 
            [-124.424054926194, 43.2541178832338], 
            [-124.426078400798, 43.3050464907031], 
            [-124.424621499083, 43.3418107759466], 
            [-124.340040260649, 43.4201687058212], 
            [-124.287205090442, 43.5019890255731], 
            [-124.245566479709, 43.6768262245507], 
            [-124.219953787837, 43.7498871475739], 
            [-124.176597471996, 43.9769929438693], 
            [-124.178072360151, 44.0142338697973], 
            [-124.154680993733, 44.1711026142943], 
            [-124.109220264304, 44.5658690196396], 
            [-124.110991928734, 44.6103944541408], 
            [-124.109651938886, 44.6441550037505], 
            [-124.110991928734, 44.6779155533602], 
            [-124.10876161006, 44.7341771405627], 
            [-124.111360650773, 44.7997557041625], 
            [-124.065396300998, 44.9308858517008], 
            [-124.053831019486, 45.0155120562365], 
            [-123.848272979414, 44.9026561326745], 
            [-123.728618181184, 44.7287722150658], 
            [-123.721369645493, 44.5459400430986], 
            [-123.77537393436, 44.4315013127355], 
            [-123.945111977336, 44.2742368665382], 
            [-123.840448877614, 44.0194499376646], 
            [-123.862104552483, 43.8785171798241], 
            [-123.922808790593, 43.67115150244], 
            [-123.873651847555, 43.388836325736], 
            [-123.939581146752, 43.1120249999539], 
            [-123.997992113645, 43.0016422120186], 
            [-124.019647788515, 42.9557677944483], 
            [-124.177191024546, 42.7380778999752], 
            [-124.15149739369, 42.622506023834], 
            [-124.032301249703, 42.4492876045394], 
            [-123.997137757701, 42.3489682302996], 
            [-123.921315915997, 41.9996445679425], 
            [-123.70901296058, 41.6641434854336], 
            [-123.660404603989, 41.4786403269896], 
            [-123.688697275559, 41.2325048761992], 
            [-123.78826121928, 41.1798225907401], 
            [-123.892312780011, 41.175703695769], 
            [-124.143853156298, 41.1894723162944]
          ]
        ]
      }, 
      "properties" : {
        "OBJECTID" : 108, 
        "Id" : 108, 
        "gridcode" : 1, 
        "Timestamp" : 1786053600000, 
        "Unixtime" : 1786053600, 
        "Shape__Area" : 25422041373.371094, 
        "Shape__Length" : 1290364.2084515449
      }
    }, 
    {
      "type" : "Feature", 
      "id" : 109, 
      "geometry" : 
      {
        "type" : "Polygon", 
        "coordinates" : 
        [
          [
            [-71.5246371522827, 41.1219512170751], 
            [-71.6461535471484, 41.1325002646756], 
            [-71.6121142077045, 41.2659776427541], 
            [-71.5318317286513, 41.2402030729136], 
            [-71.5104008842933, 41.1551272073548], 
            [-71.5246371522827, 41.1219512170751]
          ]
        ]
      }, 
      "properties" : {
        "OBJECTID" : 109, 
        "Id" : 109, 
        "gridcode" : 2, 
        "Timestamp" : 1786053600000, 
        "Unixtime" : 1786053600, 
        "Shape__Area" : 228968524.27734375, 
        "Shape__Length" : 61406.514683192785
      }
    }, 
    {
      "type" : "Feature", 
      "id" : 110, 
      "geometry" : 
      {
        "type" : "Polygon", 
        "coordinates" : 
        [
          [
            [-81.449816056166, 40.9193969126375], 
            [-81.6376844315912, 40.9306923975362], 
            [-81.6547445708052, 41.0980562303109], 
            [-81.5294780030074, 41.1971974926702], 
            [-81.3716289974802, 41.2132863640745], 
            [-81.2370544465055, 41.1302789392217], 
            [-81.265580941807, 41.0071707443345], 
            [-81.439608750943, 40.9316906450073], 
            [-81.449816056166, 40.9193969126375]
          ]
        ]
      }, 
      "properties" : {
        "OBJECTID" : 110, 
        "Id" : 110, 
        "gridcode" : 1, 
        "Timestamp" : 1786053600000, 
        "Unixtime" : 1786053600, 
        "Shape__Area" : 1511504368.3359375, 
        "Shape__Length" : 146006.37988556232
      }
    }, 
    {
      "type" : "Feature", 
      "id" : 111, 
      "geometry" : 
      {
        "type" : "Polygon", 
        "coordinates" : 
        [
          [
            [-73.8652666687217, 40.6943415706071], 
            [-73.9102777371278, 40.6943415706071], 
            [-73.9102777371278, 40.761853676606], 
            [-73.8652666687217, 40.761853676606], 
            [-73.8652666687217, 40.6943415706071]
          ]
        ]
      }, 
      "properties" : {
        "OBJECTID" : 111, 
        "Id" : 111, 
        "gridcode" : 1, 
        "Timestamp" : 1786053600000, 
        "Unixtime" : 1786053600, 
        "Shape__Area" : 49691324.734375, 
        "Shape__Length" : 29855.6627495829
      }
    }, 
    {
      "type" : "Feature", 
      "id" : 112, 
      "geometry" : 
      {
        "type" : "Polygon", 
        "coordinates" : 
        [
          [
            [-73.2350937245956, 40.6043194337949], 
            [-73.2861662235923, 40.7342175101301], 
            [-73.2348239279818, 40.8648080644407], 
            [-73.1093145432315, 40.9520962622328], 
            [-72.9416089680794, 40.9742195845662], 
            [-72.8153351595899, 40.8806001595698], 
            [-72.7399629789083, 40.7393526390131], 
            [-73.1240364451258, 40.6194909967122], 
            [-73.2350937245956, 40.6043194337949]
          ]
        ]
      }, 
      "properties" : {
        "OBJECTID" : 112, 
        "Id" : 112, 
        "gridcode" : 1, 
        "Timestamp" : 1786053600000, 
        "Unixtime" : 1786053600, 
        "Shape__Area" : 2155041689.5742188, 
        "Shape__Length" : 178762.96799067152
      }
    }, 
    {
      "type" : "Feature", 
      "id" : 113, 
      "geometry" : 
      {
        "type" : "Polygon", 
        "coordinates" : 
        [
          [
            [-74.0903310039726, 40.5818094029817], 
            [-74.1662247914409, 40.5925563014322], 
            [-74.1358816656063, 40.6802132212632], 
            [-74.0987036922215, 40.6409488207316], 
            [-74.0903310039726, 40.5818094029817]
          ]
        ]
      }, 
      "properties" : {
        "OBJECTID" : 113, 
        "Id" : 113, 
        "gridcode" : 1, 
        "Timestamp" : 1786053600000, 
        "Unixtime" : 1786053600, 
        "Shape__Area" : 72238849.0234375, 
        "Shape__Length" : 37705.306051233871
      }
    }, 
    {
      "type" : "Feature", 
      "id" : 114, 
      "geometry" : 
      {
        "type" : "Polygon", 
        "coordinates" : 
        [
          [
            [-80.5270666707902, 40.4017651293573], 
            [-80.6242564043096, 40.4139149701998], 
            [-80.6350662553034, 40.5007984730711], 
            [-80.5409162302997, 40.5125166393315], 
            [-80.5270666707902, 40.4017651293573]
          ]
        ]
      }, 
      "properties" : {
        "OBJECTID" : 114, 
        "Id" : 114, 
        "gridcode" : 2, 
        "Timestamp" : 1786053600000, 
        "Unixtime" : 1786053600, 
        "Shape__Area" : 153926085.8203125, 
        "Shape__Length" : 50628.517298675251
      }
    }, 
    {
      "type" : "Feature", 
      "id" : 115, 
      "geometry" : 
      {
        "type" : "Polygon", 
        "coordinates" : 
        [
          [
            [-79.7843705522591, 40.3567450677308], 
            [-79.9302315949121, 40.372267366246], 
            [-79.8573685227391, 40.4350940043849], 
            [-79.7724275554872, 40.3908023936157], 
            [-79.7843705522591, 40.3567450677308]
          ]
        ]
      }, 
      "properties" : {
        "OBJECTID" : 115, 
        "Id" : 115, 
        "gridcode" : 2, 
        "Timestamp" : 1786053600000, 
        "Unixtime" : 1786053600, 
        "Shape__Area" : 111593274.82421875, 
        "Shape__Length" : 45259.464391070971
      }
    }, 
    {
      "type" : "Feature", 
      "id" : 116, 
      "geometry" : 
      {
        "type" : "Polygon", 
        "coordinates" : 
        [
          [
            [-83.0702594848872, 40.0191575580749], 
            [-83.191074408557, 40.0306868667056], 
            [-83.3051174372199, 40.118721501796], 
            [-83.2750081351173, 40.2618216257675], 
            [-83.1536356317789, 40.3095396535323], 
            [-83.04064480991, 40.2632965139231], 
            [-83.002252751763, 40.1315997934958], 
            [-83.0350510267834, 40.0514701991904], 
            [-83.0604478813646, 40.0318559853655], 
            [-83.0702594848872, 40.0191575580749]
          ]
        ]
      }, 
      "properties" : {
        "OBJECTID" : 116, 
        "Id" : 116, 
        "gridcode" : 1, 
        "Timestamp" : 1786053600000, 
        "Unixtime" : 1786053600, 
        "Shape__Area" : 1045957583.4648438, 
        "Shape__Length" : 120223.25251696874
      }
    }, 
    {
      "type" : "Feature", 
      "id" : 117, 
      "geometry" : 
      {
        "type" : "Polygon", 
        "coordinates" : 
        [
          [
            [-109.064785511442, 39.9741464896688], 
            [-109.319482508111, 39.98510023219], 
            [-109.521919900683, 40.0729010435484], 
            [-109.703690872636, 40.275554273411], 
            [-109.78126639233, 40.4574961165526], 
            [-109.799144914606, 40.632953847742], 
            [-109.769737083699, 40.8303730232965], 
            [-109.66884214335, 40.9939507102571], 
            [-109.455442015037, 41.0157053105517], 
            [-109.177605462122, 40.9341727738545], 
            [-109.017121443, 40.8645742407087], 
            [-108.852410610261, 40.7277423913983], 
            [-108.764825636194, 40.5748306639041], 
            [-108.741731046051, 40.3482374811749], 
            [-108.810771999528, 40.1890394925786], 
            [-108.936551180892, 40.0376206396809], 
            [-109.054569212999, 39.9864402220387], 
            [-109.064785511442, 39.9741464896688]
          ]
        ]
      }, 
      "properties" : {
        "OBJECTID" : 117, 
        "Id" : 117, 
        "gridcode" : 1, 
        "Timestamp" : 1786053600000, 
        "Unixtime" : 1786053600, 
        "Shape__Area" : 13646978383.914063, 
        "Shape__Length" : 430069.91291949613
      }
    }, 
    {
      "type" : "Feature", 
      "id" : 118, 
      "geometry" : 
      {
        "type" : "Polygon", 
        "coordinates" : 
        [
          [
            [-75.0355814269412, 39.9516364588555], 
            [-75.0906019497202, 39.9673745946619], 
            [-75.0509868135905, 40.005514842636], 
            [-75.0355814269412, 39.9516364588555]
          ]
        ]
      }, 
      "properties" : {
        "OBJECTID" : 118, 
        "Id" : 118, 
        "gridcode" : 1, 
        "Timestamp" : 1786053600000, 
        "Unixtime" : 1786053600, 
        "Shape__Area" : 22009773.81640625, 
        "Shape__Length" : 21632.063137555007
      }
    }, 
    {
      "type" : "Feature", 
      "id" : 119, 
      "geometry" : 
      {
        "type" : "Polygon", 
        "coordinates" : 
        [
          [
            [-74.8780381909097, 39.9291354212627], 
            [-74.9758304702, 39.9402510417523], 
            [-75.0447724982521, 40.0461282262368], 
            [-75.0229999115166, 40.1632199566358], 
            [-74.9498940223912, 40.1796145975357], 
            [-74.8546468244913, 40.0654006976841], 
            [-74.8415976616027, 40.0071785884212], 
            [-74.8780381909097, 39.9291354212627]
          ]
        ]
      }, 
      "properties" : {
        "OBJECTID" : 119, 
        "Id" : 119, 
        "gridcode" : 1, 
        "Timestamp" : 1786053600000, 
        "Unixtime" : 1786053600, 
        "Shape__Area" : 566101689.921875, 
        "Shape__Length" : 94240.604626812172
      }
    }, 
    {
      "type" : "Feature", 
      "id" : 120, 
      "geometry" : 
      {
        "type" : "Polygon", 
        "coordinates" : 
        [
          [
            [-76.2959273151934, 39.8391042912301], 
            [-76.4140982320477, 39.8549143728001], 
            [-76.464091544589, 40.0415596702427], 
            [-76.4031265030856, 40.1405480478542], 
            [-76.2466264806275, 40.1824654484218], 
            [-76.195284185017, 40.0393653244503], 
            [-76.2345845584306, 39.9383354857941], 
            [-76.2959273151934, 39.8391042912301]
          ]
        ]
      }, 
      "properties" : {
        "OBJECTID" : 120, 
        "Id" : 120, 
        "gridcode" : 2, 
        "Timestamp" : 1786053600000, 
        "Unixtime" : 1786053600, 
        "Shape__Area" : 1042792524.9726563, 
        "Shape__Length" : 128253.66648104502
      }
    }, 
    {
      "type" : "Feature", 
      "id" : 121, 
      "geometry" : 
      {
        "type" : "Polygon", 
        "coordinates" : 
        [
          [
            [-73.9552888055339, 40.2442218933258], 
            [-74.0152735860071, 40.0342301955671], 
            [-74.0678479528207, 39.7321479202903], 
            [-74.1103409194978, 39.6790789263514], 
            [-74.1353420723786, 39.6590600176058], 
            [-74.2800519828127, 39.7237662388209], 
            [-74.3718098111738, 39.7736336462758], 
            [-74.4759333176684, 39.8901588037858], 
            [-74.4260928898749, 40.0762645080007], 
            [-74.3378963768163, 40.2025203300493], 
            [-74.1567459370753, 40.2584581613152], 
            [-73.9552888055339, 40.2442218933258]
          ]
        ]
      }, 
      "properties" : {
        "OBJECTID" : 121, 
        "Id" : 121, 
        "gridcode" : 1, 
        "Timestamp" : 1786053600000, 
        "Unixtime" : 1786053600, 
        "Shape__Area" : 3357893741.7070313, 
        "Shape__Length" : 232889.11762077035
      }
    }, 
    {
      "type" : "Feature", 
      "id" : 122, 
      "geometry" : 
      {
        "type" : "Polygon", 
        "coordinates" : 
        [
          [
            [-75.3956789674103, 39.6365499867925], 
            [-75.4899099313981, 39.6525579192127], 
            [-75.5405237761513, 39.8261360673257], 
            [-75.4818160329835, 39.8356149216914], 
            [-75.4054815777126, 39.7167695133025], 
            [-75.3956789674103, 39.6365499867925]
          ]
        ]
      }, 
      "properties" : {
        "OBJECTID" : 122, 
        "Id" : 122, 
        "gridcode" : 2, 
        "Timestamp" : 1786053600000, 
        "Unixtime" : 1786053600, 
        "Shape__Area" : 265929413.4765625, 
        "Shape__Length" : 74023.236934255488
      }
    }, 
    {
      "type" : "Feature", 
      "id" : 123, 
      "geometry" : 
      {
        "type" : "Polygon", 
        "coordinates" : 
        [
          [
            [-102.583029782998, 39.6590600176058], 
            [-102.583029782998, 39.6140489491997], 
            [-102.605530820591, 39.6140489491997], 
            [-102.605530820591, 39.6590600176058], 
            [-102.583029782998, 39.6590600176058]
          ]
        ]
      }, 
      "properties" : {
        "OBJECTID" : 123, 
        "Id" : 123, 
        "gridcode" : 2, 
        "Timestamp" : 1786053600000, 
        "Unixtime" : 1786053600, 
        "Shape__Area" : 16297221.8046875, 
        "Shape__Length" : 18022.379947058856
      }
    }, 
    {
      "type" : "Feature", 
      "id" : 124, 
      "geometry" : 
      {
        "type" : "Polygon", 
        "coordinates" : 
        [
          [
            [-75.8007875762855, 39.5915389183864], 
            [-75.837587834411, 39.619948501822], 
            [-75.8101585120057, 39.7813947955335], 
            [-75.6627506354334, 39.7599189850732], 
            [-75.6471833708159, 39.6545454209345], 
            [-75.6980670121828, 39.6238515595019], 
            [-75.7909849659833, 39.6042463388975], 
            [-75.8007875762855, 39.5915389183864]
          ]
        ]
      }, 
      "properties" : {
        "OBJECTID" : 124, 
        "Id" : 124, 
        "gridcode" : 2, 
        "Timestamp" : 1786053600000, 
        "Unixtime" : 1786053600, 
        "Shape__Area" : 420266224.9921875, 
        "Shape__Length" : 81459.4588432408
      }
    }, 
    {
      "type" : "Feature", 
      "id" : 125, 
      "geometry" : 
      {
        "type" : "Polygon", 
        "coordinates" : 
        [
          [
            [-119.980234899921, 39.32147250795], 
            [-120.070221063851, 39.3833458647199], 
            [-120.112776983071, 39.4364868044225], 
            [-120.177851926325, 39.4886025169927], 
            [-120.236730540682, 39.5887690064845], 
            [-120.139666712249, 39.7485785340722], 
            [-120.002034466318, 39.8491137456029], 
            [-119.945224292667, 39.7840927616717], 
            [-119.880194315515, 39.6690694719786], 
            [-119.771124537767, 39.5393332736118], 
            [-119.76180756137, 39.4643927675123], 
            [-119.898423573389, 39.406827163343], 
            [-119.932732709447, 39.3639924542884], 
            [-119.970225445548, 39.3339640911699], 
            [-119.980234899921, 39.32147250795]
          ]
        ]
      }, 
      "properties" : {
        "OBJECTID" : 125, 
        "Id" : 125, 
        "gridcode" : 2, 
        "Timestamp" : 1786053600000, 
        "Unixtime" : 1786053600, 
        "Shape__Area" : 2234767603.8554688, 
        "Shape__Length" : 190775.50938632444
      }
    }, 
    {
      "type" : "Feature", 
      "id" : 126, 
      "geometry" : 
      {
        "type" : "Polygon", 
        "coordinates" : 
        [
          [
            [-94.435828550647, 39.0063860358869], 
            [-94.604505393609, 39.0180862157064], 
            [-94.8586987699322, 39.0080138087903], 
            [-95.009299239768, 39.1052664948529], 
            [-94.9798554359795, 39.2315582897833], 
            [-94.8378344984633, 39.3292876165303], 
            [-94.7008317779641, 39.3773024205704], 
            [-94.6121496310006, 39.3401154539651], 
            [-94.3679387293888, 39.0709393723542], 
            [-94.4250007132123, 39.0180682292654], 
            [-94.435828550647, 39.0063860358869]
          ]
        ]
      }, 
      "properties" : {
        "OBJECTID" : 126, 
        "Id" : 126, 
        "gridcode" : 2, 
        "Timestamp" : 1786053600000, 
        "Unixtime" : 1786053600, 
        "Shape__Area" : 2535282268.3867188, 
        "Shape__Length" : 195765.68865426502
      }
    }, 
    {
      "type" : "Feature", 
      "id" : 127, 
      "geometry" : 
      {
        "type" : "Polygon", 
        "coordinates" : 
        [
          [
            [-84.4206185167311, 38.9613749674808], 
            [-84.5192291790833, 38.971762137113], 
            [-84.4880406905254, 39.0599766366126], 
            [-84.431059645686, 39.0330599277735], 
            [-84.4206185167311, 38.9613749674808]
          ]
        ]
      }, 
      "properties" : {
        "OBJECTID" : 127, 
        "Id" : 127, 
        "gridcode" : 1, 
        "Timestamp" : 1786053600000, 
        "Unixtime" : 1786053600, 
        "Shape__Area" : 102274429.984375, 
        "Shape__Length" : 41942.287809474641
      }
    }, 
    {
      "type" : "Feature", 
      "id" : 128, 
      "geometry" : 
      {
        "type" : "Polygon", 
        "coordinates" : 
        [
          [
            [-76.9711113277255, 38.8713438374482], 
            [-76.9629904496495, 38.8989620174832], 
            [-76.9449230697438, 38.8790420341626], 
            [-76.9711113277255, 38.8713438374482]
          ]
        ]
      }, 
      "properties" : {
        "OBJECTID" : 128, 
        "Id" : 128, 
        "gridcode" : 1, 
        "Timestamp" : 1786053600000, 
        "Unixtime" : 1786053600, 
        "Shape__Area" : 5259605.37890625, 
        "Shape__Length" : 10655.274822288853
      }
    }, 
    {
      "type" : "Feature", 
      "id" : 129, 
      "geometry" : 
      {
        "type" : "Polygon", 
        "coordinates" : 
        [
          [
            [-76.4534705512249, 38.8488427998554], 
            [-76.4635249717, 38.7990023720619], 
            [-76.498481619631, 38.7813217006361], 
            [-76.4884182059354, 38.8311621284296], 
            [-76.4534705512249, 38.8488427998554]
          ]
        ]
      }, 
      "properties" : {
        "OBJECTID" : 129, 
        "Id" : 129, 
        "gridcode" : 1, 
        "Timestamp" : 1786053600000, 
        "Unixtime" : 1786053600, 
        "Shape__Area" : 24876872.8671875, 
        "Shape__Length" : 23694.121081819136
      }
    }, 
    {
      "type" : "Feature", 
      "id" : 130, 
      "geometry" : 
      {
        "type" : "Polygon", 
        "coordinates" : 
        [
          [
            [-75.4857011042225, 39.366483576356], 
            [-75.4632000666297, 39.366483576356], 
            [-75.4632000666297, 39.3889846139489], 
            [-75.336296732708, 39.4002711056271], 
            [-75.1044694956706, 39.6415592105892], 
            [-75.0695668070624, 39.7190717777405], 
            [-75.1370879062818, 39.8501389727355], 
            [-75.1688789406106, 39.9481021232145], 
            [-75.2719592335317, 39.8949971563937], 
            [-75.3842036181024, 39.9974299374417], 
            [-75.2712217894539, 40.0522436161501], 
            [-75.2239714091531, 40.1014185456295], 
            [-75.2280093651401, 40.2993773144116], 
            [-75.1816493136648, 40.3677797492361], 
            [-75.1319437841782, 40.4435836044999], 
            [-75.0500425254421, 40.6124043389891], 
            [-74.8855835028763, 40.7993554059273], 
            [-74.7319792974066, 41.2009476656024], 
            [-74.6825435645338, 41.322814796066], 
            [-74.5596422137172, 41.3626997288095], 
            [-74.421272523708, 41.2914194634376], 
            [-74.259349589312, 41.1554869361732], 
            [-74.1333096045545, 41.0620563688064], 
            [-73.938543429036, 41.0660313722501], 
            [-73.8292937868787, 41.250068635759], 
            [-73.7293341414574, 41.3461162302799], 
            [-73.6460479267703, 41.6027557625684], 
            [-73.6000565973341, 41.6731277126739], 
            [-73.3315909801395, 41.6043295761491], 
            [-73.2357682161302, 41.6062811049891], 
            [-72.9214551610268, 41.93342748569], 
            [-72.8110184137687, 41.9657041539236], 
            [-72.4616767649707, 41.8941540919379], 
            [-72.2478179824139, 41.7146314251003], 
            [-72.0378442710962, 41.7189121980396], 
            [-71.9960078095127, 41.8478659862263], 
            [-71.7382171450052, 41.8981920479247], 
            [-71.6064484788142, 41.9251807025275], 
            [-71.4061694591531, 42.0933089590413], 
            [-71.1305542316924, 42.1232473899552], 
            [-71.0409457830214, 42.1462160750119], 
            [-70.9697644430746, 42.1447591732973], 
            [-70.8364309565234, 42.0543863008871], 
            [-70.7658431691269, 41.9088849870526], 
            [-70.2804161083167, 41.6113622745494], 
            [-70.2642912640305, 41.5945809251696], 
            [-70.2741478336555, 41.5808302910851], 
            [-70.3578117636019, 41.597359830292], 
            [-70.4537424462569, 41.5364577413318], 
            [-70.5996124821303, 41.5166996359795], 
            [-70.5349512270175, 41.4917614356418], 
            [-70.5024677147132, 41.4464356045196], 
            [-70.4124365846806, 41.4226845092828], 
            [-70.4312324154436, 41.3339034368942], 
            [-70.7184309108578, 41.3141902976442], 
            [-70.7801873557618, 41.2280262524097], 
            [-70.8274197496217, 41.2186912895714], 
            [-70.8808574655995, 41.2569934155138], 
            [-70.8347222446358, 41.2900524939275], 
            [-70.8740046316084, 41.3519258506975], 
            [-70.8363410243188, 41.3789145053003], 
            [-70.8269431089373, 41.392026620732], 
            [-70.976761168593, 41.4024137903642], 
            [-70.9694047142561, 41.4746293506641], 
            [-71.0407569253917, 41.4673628285318], 
            [-71.0863615463482, 41.4720033302896], 
            [-71.1718960661505, 41.4398705535833], 
            [-71.2665407182795, 41.4495112859172], 
            [-71.3169027528597, 41.4206700278996], 
            [-71.3862494758326, 41.4277386991817], 
            [-71.4657315582647, 41.3320508334793], 
            [-71.5798375394708, 41.3436880607555], 
            [-71.6923876935372, 41.3122117891429], 
            [-71.8643110890854, 41.2815808802535], 
            [-72.0326551828903, 41.2183225675325], 
            [-72.0844741191852, 41.2806995446484], 
            [-72.3964039708665, 41.2376040322004], 
            [-72.5486591932671, 41.2220817336851], 
            [-72.6135452788914, 41.2287007439443], 
            [-72.6449945708427, 41.1908392858045], 
            [-72.7958378576309, 41.2244199710049], 
            [-72.8637456653302, 41.2174951912502], 
            [-72.9320042086273, 41.2244559438868], 
            [-73.0877667870076, 41.1321675155185], 
            [-73.2804645218202, 41.0978313997994], 
            [-73.3641554314279, 41.0375948091532], 
            [-73.5219954437347, 40.9912797237803], 
            [-73.6074849974346, 40.9542006758206], 
            [-73.617701295878, 40.9419069434508], 
            [-73.5380933083594, 40.9523210927443], 
            [-73.3901818114414, 40.9791388761583], 
            [-73.2179976124997, 40.9320144009439], 
            [-73.179668506896, 40.9765038625633], 
            [-73.1460338623728, 41.0054800188878], 
            [-72.8975062149398, 40.9855150694649], 
            [-72.6264955163549, 41.0072876562004], 
            [-72.4594734259578, 41.1115370677815], 
            [-72.412789618546, 41.1323743595891], 
            [-72.3550081770857, 41.1646150549409], 
            [-72.1176950755672, 41.2292043642901], 
            [-72.0543648170826, 41.2129356284765], 
            [-72.1443869538948, 41.1565481361876], 
            [-72.1548011031883, 41.1444612478884], 
            [-72.0603183290276, 41.1264208476441], 
            [-72.0312792201598, 41.0648982264721], 
            [-71.9477501885203, 41.1090999050367], 
            [-71.8773332723126, 41.1118878033795], 
            [-71.8063857560977, 41.0784060436041], 
            [-71.8640772653534, 41.0318301548378], 
            [-72.4382764053318, 40.8203006163804], 
            [-72.7399629789083, 40.7393526390131], 
            [-72.8153351595899, 40.8806001595698], 
            [-72.9416089680794, 40.9742195845662], 
            [-73.1093145432315, 40.9520962622328], 
            [-73.2348239279818, 40.8648080644407], 
            [-73.2861662235923, 40.7342175101301], 
            [-73.2350937245956, 40.6043194337949], 
            [-73.2911754473889, 40.5908026234424], 
            [-73.3365012785112, 40.5997598710213], 
            [-73.4920570128209, 40.5686972875499], 
            [-73.8333677157474, 40.5499104500074], 
            [-73.9476895342445, 40.5151786325879], 
            [-74.0518670000619, 40.5579863619811], 
            [-74.1447399877601, 40.491427537351], 
            [-74.0932088345201, 40.475518530356], 
            [-73.9633287446258, 40.501185181551], 
            [-73.9280663271992, 40.3572307016357], 
            [-73.9552888055339, 40.2442218933258], 
            [-74.1567459370753, 40.2584581613152], 
            [-74.3378963768163, 40.2025203300493], 
            [-74.4260928898749, 40.0762645080007], 
            [-74.4759333176684, 39.8901588037858], 
            [-74.3718098111738, 39.7736336462758], 
            [-74.2800519828127, 39.7237662388209], 
            [-74.1353420723786, 39.6590600176058], 
            [-74.1807038763827, 39.5803783317946], 
            [-74.3208362376022, 39.3992368852741], 
            [-74.4158316253292, 39.3318866572435], 
            [-74.4941985484242, 39.2969120228716], 
            [-74.6515169539442, 39.1613751973076], 
            [-74.6966899003186, 39.0601385145808], 
            [-74.7821075082549, 38.9609972522215], 
            [-74.8792073095696, 38.9068220921659], 
            [-74.9709471514898, 38.8994476513881], 
            [-75.0159582198959, 38.9382354112353], 
            [-74.969742059948, 39.0418193245023], 
            [-74.9126351100222, 39.1441621733457], 
            [-75.0690991595985, 39.1779137297349], 
            [-75.1558567573834, 39.1709439838779], 
            [-75.2485588738929, 39.243537259437], 
            [-75.2952426813046, 39.2643655580242], 
            [-75.3610820482978, 39.311049365436], 
            [-75.3956789674103, 39.32147250795], 
            [-75.360461516086, 39.198175455433], 
            [-75.3731239704948, 39.0963632065968], 
            [-75.2856828879549, 38.9870236322349], 
            [-75.2506363078193, 38.9038633226343], 
            [-75.165218699883, 38.8354608878098], 
            [-75.0702952579198, 38.8472689862748], 
            [-75.0355814269412, 38.7138006014167], 
            [-75.1820450153651, 38.7788215853479], 
            [-75.6262201739218, 38.8369357759653], 
            [-75.8101135459033, 38.8923070343423], 
            [-75.8158961866596, 38.9642977641306], 
            [-75.7678723893992, 39.0409829549994], 
            [-75.6886151374786, 39.1527506988857], 
            [-75.5821354072232, 39.3374534607087], 
            [-75.4857011042225, 39.366483576356]
          ], 
          [
            [-71.389594953844, 41.8421462980133], 
            [-71.3670939162512, 41.7971352296072], 
            [-71.3247808139833, 41.742321550899], 
            [-71.2633481250159, 41.7622595206604], 
            [-71.1772380391042, 41.8783979696906], 
            [-71.2334726466453, 42.0045009069913], 
            [-71.3592788076708, 42.0230988869042], 
            [-71.4444176257728, 41.9573854249974], 
            [-71.4128334355146, 41.8600877728325], 
            [-71.389594953844, 41.8421462980133]
          ], 
          [
            [-71.6821803883142, 41.4820487575442], 
            [-71.6110620009106, 41.592773287857], 
            [-71.6850312392003, 41.7153958488394], 
            [-71.84058697351, 41.6924091773417], 
            [-71.8720272722408, 41.5858215284409], 
            [-71.8036967831799, 41.4936500119386], 
            [-71.6821803883142, 41.4820487575442]
          ], 
          [
            [-70.8719541773434, 41.4595477199514], 
            [-70.8627631060324, 41.4728576862333], 
            [-70.8136331426554, 41.4912488220755], 
            [-70.7502399316275, 41.5403787854527], 
            [-70.6847692866732, 41.5648763179877], 
            [-70.7056875174649, 41.6487920581071], 
            [-70.8136331426554, 41.5587609280744], 
            [-70.8852731368457, 41.5403787854527], 
            [-70.9468766970019, 41.5002600289773], 
            [-70.8719541773434, 41.4595477199514]
          ], 
          [
            [-70.7332427449567, 41.4222348482597], 
            [-70.7513101248623, 41.4421548315803], 
            [-70.7594310029384, 41.4145366515453], 
            [-70.7332427449567, 41.4222348482597]
          ], 
          [
            [-70.7594310029384, 41.392026620732], 
            [-70.7594310029384, 41.4145366515453], 
            [-70.8269431089373, 41.4145366515453], 
            [-70.8269431089373, 41.392026620732], 
            [-70.7594310029384, 41.392026620732]
          ], 
          [
            [-72.2242737312476, 41.1357018511596], 
            [-72.252386538408, 41.0896026030778], 
            [-72.1924557172575, 41.069385843482], 
            [-72.1548011031883, 41.1444612478884], 
            [-72.2242737312476, 41.1357018511596]
          ], 
          [
            [-73.6627123642841, 40.9419069434508], 
            [-73.6627123642841, 40.9193969126375], 
            [-73.617701295878, 40.9193969126375], 
            [-73.617701295878, 40.9419069434508], 
            [-73.6627123642841, 40.9419069434508]
          ], 
          [
            [-73.6889006222659, 40.9116987159231], 
            [-73.6708332423602, 40.8917787326025], 
            [-73.6627123642841, 40.9193969126375], 
            [-73.6889006222659, 40.9116987159231]
          ], 
          [
            [-73.8652666687217, 40.6943415706071], 
            [-73.8652666687217, 40.761853676606], 
            [-73.9102777371278, 40.761853676606], 
            [-73.9102777371278, 40.6943415706071], 
            [-73.8652666687217, 40.6943415706071]
          ], 
          [
            [-74.0903310039726, 40.5818094029817], 
            [-74.0987036922215, 40.6409488207316], 
            [-74.1358816656063, 40.6802132212632], 
            [-74.1662247914409, 40.5925563014322], 
            [-74.0903310039726, 40.5818094029817]
          ], 
          [
            [-75.0355814269412, 39.9516364588555], 
            [-75.0509868135905, 40.005514842636], 
            [-75.0906019497202, 39.9673745946619], 
            [-75.0355814269412, 39.9516364588555]
          ], 
          [
            [-74.8780381909097, 39.9291354212627], 
            [-74.8415976616027, 40.0071785884212], 
            [-74.8546468244913, 40.0654006976841], 
            [-74.9498940223912, 40.1796145975357], 
            [-75.0229999115166, 40.1632199566358], 
            [-75.0447724982521, 40.0461282262368], 
            [-74.9758304702, 39.9402510417523], 
            [-74.8780381909097, 39.9291354212627]
          ], 
          [
            [-75.425887194938, 39.3701618035245], 
            [-75.4458071782586, 39.3520944236188], 
            [-75.4181889982236, 39.3439735455428], 
            [-75.425887194938, 39.3701618035245]
          ], 
          [
            [-75.3956789674103, 39.3439735455428], 
            [-75.4181889982236, 39.3439735455428], 
            [-75.4181889982236, 39.32147250795], 
            [-75.3956789674103, 39.32147250795], 
            [-75.3956789674103, 39.3439735455428]
          ]
        ]
      }, 
      "properties" : {
        "OBJECTID" : 130, 
        "Id" : 130, 
        "gridcode" : 2, 
        "Timestamp" : 1786053600000, 
        "Unixtime" : 1786053600, 
        "Shape__Area" : 75813725238.554688, 
        "Shape__Length" : 3499410.3694118652
      }
    }, 
    {
      "type" : "Feature", 
      "id" : 131, 
      "geometry" : 
      {
        "type" : "Polygon", 
        "coordinates" : 
        [
          [
            [-76.9711113277255, 38.8713438374482], 
            [-76.9831982160248, 38.8817669799623], 
            [-77.0887786242341, 38.8902475868567], 
            [-77.1165586822373, 38.9463203164295], 
            [-77.0006720433801, 39.0189045987683], 
            [-76.948655256235, 39.1354657291602], 
            [-76.8201691155122, 39.0882783014026], 
            [-76.7136624055955, 39.0634839925922], 
            [-76.6456017131485, 39.120842752691], 
            [-76.7360735109837, 39.2829995108189], 
            [-76.7334205109478, 39.3160765756735], 
            [-76.6733727779313, 39.3678055797638], 
            [-76.4818351685581, 39.4219087940557], 
            [-76.4277409474867, 39.3591181287987], 
            [-76.3712725162136, 39.1105904813657], 
            [-76.3859494520055, 38.9613749674808], 
            [-76.4084594828188, 38.9613749674808], 
            [-76.4084594828188, 38.9388649366676], 
            [-76.4350794153826, 38.9204827940458], 
            [-76.4534705512249, 38.8488427998554], 
            [-76.4884182059354, 38.8311621284296], 
            [-76.498481619631, 38.7813217006361], 
            [-76.6235323501378, 38.6812901094511], 
            [-76.733249639759, 38.7138275810781], 
            [-76.932044778044, 38.8225646096691], 
            [-76.9711113277255, 38.8713438374482]
          ], 
          [
            [-76.9449230697438, 38.8790420341626], 
            [-76.9629904496495, 38.8989620174832], 
            [-76.9711113277255, 38.8713438374482], 
            [-76.9449230697438, 38.8790420341626]
          ]
        ]
      }, 
      "properties" : {
        "OBJECTID" : 131, 
        "Id" : 131, 
        "gridcode" : 2, 
        "Timestamp" : 1786053600000, 
        "Unixtime" : 1786053600, 
        "Shape__Area" : 4625679943.5898438, 
        "Shape__Length" : 338390.86788834108
      }
    }, 
    {
      "type" : "Feature", 
      "id" : 132, 
      "geometry" : 
      {
        "type" : "Polygon", 
        "coordinates" : 
        [
          [
            [-121.533148236202, 38.5562663586056], 
            [-121.608322566034, 38.5672021146859], 
            [-121.631758898554, 38.6424483902811], 
            [-121.556989263644, 38.7198530387868], 
            [-121.486221611838, 38.6762449127726], 
            [-121.464673855614, 38.6070870474294], 
            [-121.524568703883, 38.5701878638789], 
            [-121.533148236202, 38.5562663586056]
          ]
        ]
      }, 
      "properties" : {
        "OBJECTID" : 132, 
        "Id" : 132, 
        "gridcode" : 2, 
        "Timestamp" : 1786053600000, 
        "Unixtime" : 1786053600, 
        "Shape__Area" : 280213104.609375, 
        "Shape__Length" : 64239.209430664283
      }
    }, 
    {
      "type" : "Feature", 
      "id" : 133, 
      "geometry" : 
      {
        "type" : "Polygon", 
        "coordinates" : 
        [
          [
            [-112.845805189758, 38.7138006014167], 
            [-112.598239816914, 38.7138006014167], 
            [-112.598239816914, 38.6687895330106], 
            [-112.508208686881, 38.6687895330106], 
            [-112.508208686881, 38.6237784646045], 
            [-112.463197618475, 38.6237784646045], 
            [-112.463197618475, 38.5787673961984], 
            [-112.418186550069, 38.5787673961984], 
            [-112.418186550069, 38.5337563277924], 
            [-112.373175481663, 38.5337563277924], 
            [-112.373175481663, 38.4887452593863], 
            [-112.407565556705, 38.4993662527505], 
            [-112.671417651803, 38.6427451665563], 
            [-112.824563203029, 38.6900315197389], 
            [-112.845805189758, 38.7138006014167]
          ]
        ]
      }, 
      "properties" : {
        "OBJECTID" : 133, 
        "Id" : 133, 
        "gridcode" : 2, 
        "Timestamp" : 1786053600000, 
        "Unixtime" : 1786053600, 
        "Shape__Area" : 482890471.32421875, 
        "Shape__Length" : 147021.78653951234
      }
    }, 
    {
      "type" : "Feature", 
      "id" : 134, 
      "geometry" : 
      {
        "type" : "Polygon", 
        "coordinates" : 
        [
          [
            [-112.373175481663, 38.4887452593863], 
            [-112.328164413257, 38.4887452593863], 
            [-112.328164413257, 38.4437341909802], 
            [-112.358057878069, 38.4588517945747], 
            [-112.373175481663, 38.4887452593863]
          ]
        ]
      }, 
      "properties" : {
        "OBJECTID" : 134, 
        "Id" : 134, 
        "gridcode" : 2, 
        "Timestamp" : 1786053600000, 
        "Unixtime" : 1786053600, 
        "Shape__Area" : 21296732.82421875, 
        "Shape__Length" : 19942.887518850614
      }
    }, 
    {
      "type" : "Feature", 
      "id" : 135, 
      "geometry" : 
      {
        "type" : "Polygon", 
        "coordinates" : 
        [
          [
            [-112.283153344851, 38.421224160167], 
            [-112.305654382444, 38.421224160167], 
            [-112.305654382444, 38.4437341909802], 
            [-112.283153344851, 38.4437341909802], 
            [-112.283153344851, 38.421224160167]
          ]
        ]
      }, 
      "properties" : {
        "OBJECTID" : 135, 
        "Id" : 135, 
        "gridcode" : 2, 
        "Timestamp" : 1786053600000, 
        "Unixtime" : 1786053600, 
        "Shape__Area" : 8012537.625, 
        "Shape__Length" : 11407.344184253365
      }
    }, 
    {
      "type" : "Feature", 
      "id" : 136, 
      "geometry" : 
      {
        "type" : "Polygon", 
        "coordinates" : 
        [
          [
            [-120.520376714014, 38.3987231225742], 
            [-120.542886744827, 38.3987231225742], 
            [-120.53162723281, 38.4275463941508], 
            [-120.520376714014, 38.3987231225742]
          ]
        ]
      }, 
      "properties" : {
        "OBJECTID" : 136, 
        "Id" : 136, 
        "gridcode" : 1, 
        "Timestamp" : 1786053600000, 
        "Unixtime" : 1786053600, 
        "Shape__Area" : 5130556.89453125, 
        "Shape__Length" : 11070.447007751973
      }
    }, 
    {
      "type" : "Feature", 
      "id" : 137, 
      "geometry" : 
      {
        "type" : "Polygon", 
        "coordinates" : 
        [
          [
            [-120.520376714014, 38.3762130917609], 
            [-120.542886744827, 38.3762130917609], 
            [-120.542886744827, 38.3987231225742], 
            [-120.520376714014, 38.3987231225742], 
            [-120.520376714014, 38.3762130917609]
          ]
        ]
      }, 
      "properties" : {
        "OBJECTID" : 137, 
        "Id" : 137, 
        "gridcode" : 2, 
        "Timestamp" : 1786053600000, 
        "Unixtime" : 1786053600, 
        "Shape__Area" : 8010748.8203125, 
        "Shape__Length" : 11405.362677987665
      }
    }, 
    {
      "type" : "Feature", 
      "id" : 138, 
      "geometry" : 
      {
        "type" : "Polygon", 
        "coordinates" : 
        [
          [
            [-120.520376714014, 38.3987231225742], 
            [-120.53162723281, 38.4275463941508], 
            [-120.542886744827, 38.3987231225742], 
            [-120.578472918191, 38.4102704176457], 
            [-120.91944187874, 38.6964976452502], 
            [-121.228484906653, 38.846432616772], 
            [-121.325611687629, 38.9945689442015], 
            [-121.430319753454, 38.9967093306711], 
            [-121.61000429826, 38.8603631152656], 
            [-121.713615191188, 38.8582497084574], 
            [-121.943886601086, 38.9031978243202], 
            [-122.103354386296, 38.9660964082228], 
            [-122.15886054298, 39.0738531757835], 
            [-121.924344333025, 39.4440950689324], 
            [-121.724227191332, 39.5575535382653], 
            [-121.700035428292, 39.9035946751542], 
            [-121.612144684729, 40.1603780989702], 
            [-121.708614960612, 40.2327375507974], 
            [-121.836777345398, 40.1644070617366], 
            [-122.191577879016, 39.8358487454233], 
            [-122.628945169684, 39.7155464353198], 
            [-122.771280869916, 39.7520589103905], 
            [-122.894991610574, 39.8501389727355], 
            [-123.246707469574, 40.1595417294673], 
            [-123.387901030808, 40.2552475816107], 
            [-123.581803857162, 40.2317842694286], 
            [-124.042805331201, 40.00813186979], 
            [-124.053831019486, 39.9966475272616], 
            [-124.102826084556, 40.0114054020378], 
            [-124.131766267999, 40.0762555147803], 
            [-124.178450075411, 40.0970928065878], 
            [-124.244298435624, 40.1437766139996], 
            [-124.375815291642, 40.2261545134201], 
            [-124.401841671656, 40.3688409492505], 
            [-124.452176726575, 40.4398334315677], 
            [-124.388828481649, 40.5818094029817], 
            [-124.268481205443, 40.7739495581257], 
            [-124.182047363595, 40.8958436682508], 
            [-124.148916339417, 41.016901408873], 
            [-124.203010560489, 41.0635042773006], 
            [-124.199215421454, 41.1107006982787], 
            [-124.201553658774, 41.1397667868079], 
            [-124.143853156298, 41.1894723162944], 
            [-123.892312780011, 41.175703695769], 
            [-123.78826121928, 41.1798225907401], 
            [-123.688697275559, 41.2325048761992], 
            [-123.660404603989, 41.4786403269896], 
            [-123.70901296058, 41.6641434854336], 
            [-123.921315915997, 41.9996445679425], 
            [-123.997137757701, 42.3489682302996], 
            [-124.032301249703, 42.4492876045394], 
            [-124.15149739369, 42.622506023834], 
            [-124.177191024546, 42.7380778999752], 
            [-124.019647788515, 42.9557677944483], 
            [-123.997992113645, 43.0016422120186], 
            [-123.939581146752, 43.1120249999539], 
            [-123.873651847555, 43.388836325736], 
            [-123.922808790593, 43.67115150244], 
            [-123.862104552483, 43.8785171798241], 
            [-123.840448877614, 44.0194499376646], 
            [-123.945111977336, 44.2742368665382], 
            [-123.77537393436, 44.4315013127355], 
            [-123.721369645493, 44.5459400430986], 
            [-123.728618181184, 44.7287722150658], 
            [-123.848272979414, 44.9026561326745], 
            [-124.053831019486, 45.0155120562365], 
            [-124.046267721078, 45.0754608638279], 
            [-124.031329981893, 45.1055341930486], 
            [-123.868498732231, 45.1258948441718], 
            [-123.703329245248, 45.2229946454866], 
            [-123.62626633912, 45.3192221044167], 
            [-123.584160080923, 45.4664770962411], 
            [-123.597829776023, 45.5763652570511], 
            [-123.66411880404, 45.7299244964184], 
            [-123.833632016504, 45.8656591728326], 
            [-124.00881995108, 45.915751410799], 
            [-124.033497348024, 45.9347990517349], 
            [-123.95866476057, 46.0357389581865], 
            [-124.00881995108, 46.1633167836428], 
            [-123.869973620386, 46.1777868753641], 
            [-123.67427214994, 46.2530241577388], 
            [-123.511926534182, 46.3980758105503], 
            [-123.435547112809, 46.6109453388564], 
            [-123.460800075863, 46.8153162738271], 
            [-123.622318315338, 47.2024924011035], 
            [-123.792586958321, 47.4462446484719], 
            [-123.818208643414, 47.6146876677018], 
            [-123.815771480669, 47.6555888343573], 
            [-123.916234746436, 47.813563744971], 
            [-124.038146843002, 47.9224896311916], 
            [-124.088221094528, 48.1094586845707], 
            [-124.098842087892, 48.2338798896453], 
            [-124.064658856921, 48.2230520522105], 
            [-123.974375916715, 48.1914139026295], 
            [-123.592460823408, 48.1762783125941], 
            [-123.54721593127, 48.1780679634658], 
            [-123.258794357873, 48.140458315499], 
            [-123.10433579646, 48.2221976962667], 
            [-123.074388372325, 48.2005510146177], 
            [-123.042777202406, 48.1335605154055], 
            [-122.985994008417, 48.1313122102903], 
            [-122.938581750148, 48.1563943021554], 
            [-122.859693220266, 48.1532736546555], 
            [-122.758564456185, 48.1773574990494], 
            [-122.814394368805, 48.2290865031397], 
            [-122.760165249427, 48.3130741890227], 
            [-122.697590421461, 48.4040136343219], 
            [-122.759868473151, 48.471237957266], 
            [-122.802649222883, 48.380595288242], 
            [-122.917699492238, 48.4022419698911], 
            [-122.984366235513, 48.4256063566481], 
            [-123.139373383375, 48.46253251986], 
            [-123.229485452392, 48.5597852059226], 
            [-123.279164002217, 48.5143874290367], 
            [-123.165390770168, 48.4089688987957], 
            [-123.288885673535, 48.3766112915779], 
            [-123.436905089099, 48.3824748713183], 
            [-123.54291717189, 48.2680631206166], 
            [-123.660404603989, 48.2897098022656], 
            [-123.749572384858, 48.3130741890227], 
            [-123.885891620602, 48.3455487081065], 
            [-124.094444403087, 48.400191515626], 
            [-124.166363187111, 48.4139241632696], 
            [-124.183666143278, 48.5110149713639], 
            [-124.335507677537, 48.6938201636697], 
            [-124.493383662726, 48.7842380021821], 
            [-124.718016323395, 48.7551809068734], 
            [-124.919275604086, 48.6942068721495], 
            [-124.976580404862, 48.6839995669266], 
            [-125.132639759517, 48.6970397365947], 
            [-125.236241659225, 48.7619348154395], 
            [-125.312872890771, 48.8162718534634], 
            [-125.414613193844, 48.8536296912573], 
            [-125.529366686923, 48.8745659084899], 
            [-125.708862374099, 48.9869901574698], 
            [-125.729699665907, 49.0111729272888], 
            [-125.864067372811, 49.0417049107531], 
            [-125.887242901938, 49.1687161633204], 
            [-125.911416678537, 49.189553455128], 
            [-125.921839821051, 49.2466514118333], 
            [-125.734223255799, 49.3060516329766], 
            [-125.32222584005, 49.4954038897778], 
            [-124.932900333084, 49.7142718961312], 
            [-124.88655826805, 49.7642921883339], 
            [-124.82410934517, 49.7160885266642], 
            [-124.833489274111, 49.6526413563136], 
            [-124.726469950628, 49.5700386263816], 
            [-124.664911356574, 49.5791397654879], 
            [-124.556776873754, 49.5476095345525], 
            [-124.516658117278, 49.5120503408506], 
            [-124.639442556229, 49.4617962249159], 
            [-124.576364107917, 49.4131069293414], 
            [-124.333709033445, 49.3718820067493], 
            [-124.278895354737, 49.3591835794587], 
            [-124.301360419448, 49.222423675912], 
            [-124.263427015544, 49.0923367419472], 
            [-124.136020061277, 49.0342944970935], 
            [-123.999413042478, 49.0879930164646], 
            [-123.930605912733, 49.1771338176716], 
            [-123.918797814268, 49.2466514118333], 
            [-123.908185814124, 49.259898425572], 
            [-123.72873509305, 49.1891397669867], 
            [-123.643920030885, 49.1648940446245], 
            [-123.616211918645, 49.0991176301746], 
            [-123.591210765764, 49.0790987214289], 
            [-123.571191857019, 49.0541065617685], 
            [-123.478174977793, 48.9796157166921], 
            [-123.321135362107, 48.9215554853974], 
            [-123.121072179737, 48.8290422265176], 
            [-123.013036622342, 48.8056688465401], 
            [-122.952251445248, 48.8132321449476], 
            [-122.763843476595, 48.7555136560305], 
            [-122.738473601675, 48.7840041784502], 
            [-122.855511372752, 48.9303418617875], 
            [-122.848217870958, 48.9889506795303], 
            [-122.896016837707, 49.0090954933624], 
            [-122.938536784045, 49.0340876530229], 
            [-122.991632757646, 49.0541065617685], 
            [-122.980553110038, 48.964974753782], 
            [-123.050979019466, 48.9440655162107], 
            [-123.213720336924, 48.9905334863314], 
            [-123.203441085937, 49.0731182298225], 
            [-123.323626484175, 49.0991176301746], 
            [-123.343645392921, 49.1119509557721], 
            [-123.251851591678, 49.1677089226288], 
            [-123.301907856762, 49.2077917062223], 
            [-123.298400500782, 49.2360304184691], 
            [-123.311134900955, 49.2691614426465], 
            [-123.288624870142, 49.2691614426465], 
            [-123.288624870142, 49.2916624802394], 
            [-123.266114839328, 49.2916624802394], 
            [-123.215240191182, 49.3355044299855], 
            [-123.184879078906, 49.5019509542732], 
            [-122.950425821494, 49.5552088058418], 
            [-122.885189000272, 49.6309317221214], 
            [-122.828091043567, 49.6801246380417], 
            [-122.853173135432, 49.7960472497808], 
            [-123.052292029653, 49.9071405021326], 
            [-123.29287866342, 49.995489899939], 
            [-123.55521090426, 50.0672827788772], 
            [-123.67525241097, 49.9721704792843], 
            [-123.740291381342, 49.7950490023097], 
            [-123.75450066967, 49.6182692677126], 
            [-123.726657659124, 49.4387915669773], 
            [-123.71624350983, 49.4041946478648], 
            [-123.749410506889, 49.4178193768628], 
            [-123.896287783454, 49.4468494925102], 
            [-123.962702716557, 49.4337193906375], 
            [-124.049082599083, 49.4838026353834], 
            [-124.040008439638, 49.529722019056], 
            [-124.098842087892, 49.539227853083], 
            [-124.072024304478, 49.485277523539], 
            [-124.113788820298, 49.4641524486767], 
            [-124.121352118705, 49.4492057162708], 
            [-124.193189963746, 49.4401495432669], 
            [-124.211374255517, 49.4041946478648], 
            [-124.243686896633, 49.4168930751554], 
            [-124.380248949329, 49.4457163467321], 
            [-124.446241201071, 49.4966539474218], 
            [-124.426626987246, 49.5294252427808], 
            [-124.394952864783, 49.5538778092136], 
            [-124.53834976503, 49.6601866682802], 
            [-124.670019505795, 49.714074045281], 
            [-124.693806573914, 49.7995006464378], 
            [-124.750248025526, 49.8430638063497], 
            [-124.706505001205, 49.8768243559593], 
            [-124.651970112331, 49.9238049396463], 
            [-124.541731215923, 50.0998202505042], 
            [-124.516046578287, 50.404186803778], 
            [-124.569924962067, 50.7013497874628], 
            [-124.661493932799, 50.9346069465534], 
            [-124.571471795987, 50.9346069465534], 
            [-124.571471795987, 50.8895958781474], 
            [-123.896287783454, 50.8895958781474], 
            [-123.896287783454, 50.9346069465534], 
            [-123.761254578236, 50.9346069465534], 
            [-123.761254578236, 50.9796180149595], 
            [-123.626212379797, 50.9796180149595], 
            [-123.626212379797, 51.0246290833656], 
            [-123.536190242985, 51.0246290833656], 
            [-123.536190242985, 51.0696401517717], 
            [-123.491179174579, 51.0696401517717], 
            [-123.491179174579, 51.1146602133982], 
            [-123.401157037767, 51.1146602133982], 
            [-123.401157037767, 51.1596712818043], 
            [-123.311134900955, 51.1596712818043], 
            [-123.311134900955, 51.2046823502104], 
            [-123.266114839328, 51.2046823502104], 
            [-123.266114839328, 51.2496934186165], 
            [-123.221103770922, 51.2496934186165], 
            [-123.221103770922, 51.2947044870225], 
            [-123.176092702516, 51.2947044870225], 
            [-123.176092702516, 51.3847266238347], 
            [-123.13108163411, 51.3847266238347], 
            [-123.13108163411, 51.9248774311486], 
            [-123.176092702516, 51.9248774311486], 
            [-123.176092702516, 52.1274317355862], 
            [-123.074181528255, 52.1380527289504], 
            [-122.952791038476, 52.1639891767592], 
            [-122.704578153759, 52.3174315042606], 
            [-122.42119278382, 52.4758201030155], 
            [-122.120333586526, 52.5914729181408], 
            [-121.663594898985, 52.7172970656072], 
            [-121.553562846648, 52.7770839952303], 
            [-121.510647198609, 52.8251167857112], 
            [-121.465636130203, 52.8251167857112], 
            [-121.465636130203, 52.7801057173051], 
            [-121.420616068577, 52.7801057173051], 
            [-121.420616068577, 52.6900835804929], 
            [-121.375605000171, 52.6900835804929], 
            [-121.375605000171, 52.6000614436808], 
            [-121.330593931764, 52.6000614436808], 
            [-121.330593931764, 52.5100303136481], 
            [-121.285582863358, 52.5100303136481], 
            [-121.285582863358, 52.4200081768359], 
            [-121.240571794952, 52.4200081768359], 
            [-121.240571794952, 52.3299860400238], 
            [-121.195560726546, 52.3299860400238], 
            [-121.195560726546, 52.149932773179], 
            [-121.15054965814, 52.149932773179], 
            [-121.15054965814, 52.0148995679607], 
            [-121.105538589734, 52.0148995679607], 
            [-121.105538589734, 51.8798663627425], 
            [-121.206379570761, 51.7331419709253], 
            [-121.445824065528, 51.4282628040852], 
            [-121.792998348195, 51.1065843014244], 
            [-122.155083390386, 50.9077981563599], 
            [-122.123706044199, 50.8182796398935], 
            [-122.21351234372, 50.687770024567], 
            [-122.24533035771, 50.5211256494293], 
            [-122.240887706802, 50.409007169945], 
            [-122.265025510519, 50.2936151582131], 
            [-122.289603982038, 50.1648951937582], 
            [-122.285044419264, 50.0498449244038], 
            [-122.332042989392, 49.915756007334], 
            [-122.356450589723, 49.6863839194824], 
            [-122.331692253794, 49.663442214087], 
            [-122.291699402405, 49.4124414310273], 
            [-122.173285668599, 49.1241547559373], 
            [-122.072912335036, 48.8071077618138], 
            [-121.898515803861, 48.645517576575], 
            [-121.769535036013, 48.5846514604966], 
            [-121.543976073637, 48.5606485550869], 
            [-121.404158475133, 48.5362949140791], 
            [-121.271022839432, 48.4446809772454], 
            [-121.228134171055, 48.3538134777099], 
            [-121.234888079621, 48.1833919499786], 
            [-121.304126883948, 48.0525405922746], 
            [-121.387287193549, 47.9754866793668], 
            [-121.408942868419, 47.9521222926098], 
            [-121.6123515288, 47.9304756109607], 
            [-121.764498832555, 47.9039815834834], 
            [-121.940738973924, 47.7605487103548], 
            [-122.031750364987, 47.4730894115472], 
            [-122.101762586274, 47.4353448652734], 
            [-122.219160086169, 47.5253670020855], 
            [-122.259845415533, 47.5470136837346], 
            [-122.3767033222, 47.512218913772], 
            [-122.309182222981, 47.4803559336795], 
            [-122.287535541332, 47.4391849704102], 
            [-122.539849334579, 47.4123312141143], 
            [-122.762737310478, 47.3342071079717], 
            [-122.849324037075, 47.1869161432655], 
            [-122.959868702978, 47.0510915346467], 
            [-122.98487884908, 46.8680435253885], 
            [-123.11917461022, 46.7436133270934], 
            [-123.141909471545, 46.6185086372639], 
            [-123.045457182103, 46.5291430055453], 
            [-122.890728824076, 46.5352763818996], 
            [-122.760165249427, 46.6251186543025], 
            [-122.688435323032, 46.6467653359516], 
            [-122.555902233102, 46.5555740804795], 
            [-122.55761993821, 46.5121638053154], 
            [-122.553572989002, 46.4100367937631], 
            [-122.612370664375, 46.2092181808744], 
            [-122.740227279665, 45.9675793403144], 
            [-122.9481865096, 45.8150543213], 
            [-123.307159897511, 45.7885692870431], 
            [-123.369545867847, 45.7212460386738], 
            [-123.414754787104, 45.4844365575012], 
            [-123.495738737353, 45.2533647509825], 
            [-123.657310936151, 44.9894856762231], 
            [-123.56556210101, 44.6760809363862], 
            [-123.572280036694, 44.5066486629055], 
            [-123.705415672395, 44.2169680386442], 
            [-123.727062354044, 43.8469509760068], 
            [-123.68033358053, 43.6236133390844], 
            [-123.63464802059, 43.5372604362203], 
            [-123.344463775982, 43.4742719201131], 
            [-123.213675370822, 43.4284334754246], 
            [-122.962719553864, 43.2033421605124], 
            [-122.88007185783, 43.1499673970778], 
            [-122.616660430534, 43.1604085260327], 
            [-122.169733346517, 43.3554534913856], 
            [-122.050474249987, 43.43751662809], 
            [-122.003223869686, 43.5867681148567], 
            [-122.025239273374, 44.1422703494971], 
            [-121.991074028843, 44.2726630529576], 
            [-121.811137673864, 44.5213076122566], 
            [-121.677201641542, 44.6454050613946], 
            [-121.614168159333, 44.6429049461064], 
            [-121.357888355863, 44.446385092598], 
            [-121.161368502354, 44.4195223430817], 
            [-121.077614640203, 44.3901684714978], 
            [-121.02718965308, 44.1260915458882], 
            [-120.99830342896, 44.0436686803654], 
            [-120.824095755415, 43.8296120469585], 
            [-120.633214651135, 43.6679229362945], 
            [-120.411621698982, 43.5376381514796], 
            [-120.268431642806, 43.5433128735903], 
            [-120.112579132221, 43.5107124494201], 
            [-120.059429199298, 43.4283975025428], 
            [-119.590747514986, 42.9381051094633], 
            [-119.243879001814, 42.6653407328886], 
            [-118.986412093243, 42.4477677502815], 
            [-118.967454384512, 42.4273081737333], 
            [-118.989964415325, 42.4273081737333], 
            [-118.989964415325, 42.3822971053272], 
            [-119.034975483732, 42.3822971053272], 
            [-119.034975483732, 42.3372860369212], 
            [-119.079986552138, 42.3372860369212], 
            [-119.079986552138, 42.2022438384824], 
            [-119.124997620544, 42.2022438384824], 
            [-119.124997620544, 41.8871663596399], 
            [-119.079986552138, 41.8871663596399], 
            [-119.079986552138, 41.7521241612012], 
            [-119.034975483732, 41.7521241612012], 
            [-119.034975483732, 41.707113092795], 
            [-118.989964415325, 41.707113092795], 
            [-118.989964415325, 41.6170909559829], 
            [-118.944953346919, 41.6170909559829], 
            [-118.944953346919, 41.5720798875768], 
            [-118.899942278513, 41.5720798875768], 
            [-118.899942278513, 41.4820487575442], 
            [-118.854931210107, 41.4820487575442], 
            [-118.854931210107, 41.4370376891382], 
            [-118.809911148481, 41.4370376891382], 
            [-118.809911148481, 41.392026620732], 
            [-118.764900080075, 41.392026620732], 
            [-118.764900080075, 41.3020044839199], 
            [-118.719889011668, 41.3020044839199], 
            [-118.719889011668, 41.2569934155138], 
            [-118.674877943262, 41.2569934155138], 
            [-118.674877943262, 41.1669712787016], 
            [-118.629866874856, 41.1669712787016], 
            [-118.629866874856, 41.1219512170751], 
            [-118.790512771947, 41.154857410741], 
            [-118.92662516362, 41.1576363158634], 
            [-119.386052824079, 41.0507428974668], 
            [-119.799687005951, 40.9801910829522], 
            [-120.175495702565, 40.9277246347842], 
            [-120.438178679003, 40.8002907008552], 
            [-120.486840994916, 40.705816919915], 
            [-120.508901364706, 40.6603561904858], 
            [-120.53201394129, 40.6154890136072], 
            [-120.50253416462, 40.5871693623762], 
            [-120.614229962743, 40.2608413647373], 
            [-120.76992958858, 39.65328637007], 
            [-120.721177340462, 39.552787131421], 
            [-120.517858612285, 39.4020697497193], 
            [-120.44182992651, 39.1974559977962], 
            [-120.329297758884, 38.9460864926976], 
            [-120.359146257594, 38.494419981497], 
            [-120.435102997605, 38.415369573647], 
            [-120.520376714014, 38.3987231225742]
          ], 
          [
            [-124.278463680155, 49.7290837302301], 
            [-124.311819534844, 49.6752233328906], 
            [-124.233884286331, 49.6517600207085], 
            [-124.278463680155, 49.7290837302301]
          ], 
          [
            [-124.112206013497, 49.6178735660124], 
            [-124.233884286331, 49.6517600207085], 
            [-124.213820411483, 49.6257786067973], 
            [-124.098842087892, 49.539227853083], 
            [-124.112206013497, 49.6178735660124]
          ], 
          [
            [-122.815995162047, 49.22414138102], 
            [-122.777288341184, 49.3106111957501], 
            [-122.784132181955, 49.3777186068283], 
            [-122.837030304705, 49.4216594819996], 
            [-122.917492648167, 49.3914242748105], 
            [-122.996048428892, 49.4364173567757], 
            [-123.065287233219, 49.324172972205], 
            [-123.041922846462, 49.2364351133899], 
            [-122.985832130448, 49.3039562126092], 
            [-122.961244665709, 49.3243798162756], 
            [-122.931081404283, 49.3606944404961], 
            [-122.890243190171, 49.266535422272], 
            [-122.815995162047, 49.22414138102]
          ]
        ]
      }, 
      "properties" : {
        "OBJECTID" : 138, 
        "Id" : 138, 
        "gridcode" : 2, 
        "Timestamp" : 1786053600000, 
        "Unixtime" : 1786053600, 
        "Shape__Area" : 541142240597.57031, 
        "Shape__Length" : 9076172.5684841573
      }
    }, 
    {
      "type" : "Feature", 
      "id" : 139, 
      "geometry" : 
      {
        "type" : "Polygon", 
        "coordinates" : 
        [
          [
            [-120.520376714014, 38.3762130917609], 
            [-120.492758533979, 38.3680922136848], 
            [-120.5126785173, 38.3500248337791], 
            [-120.520376714014, 38.3762130917609]
          ]
        ]
      }, 
      "properties" : {
        "OBJECTID" : 139, 
        "Id" : 139, 
        "gridcode" : 2, 
        "Timestamp" : 1786053600000, 
        "Unixtime" : 1786053600, 
        "Shape__Area" : 5221324.85546875, 
        "Shape__Length" : 10489.636873966327
      }
    }, 
    {
      "type" : "Feature", 
      "id" : 140, 
      "geometry" : 
      {
        "type" : "Polygon", 
        "coordinates" : 
        [
          [
            [-102.605530820591, 39.5240268123875], 
            [-102.605530820591, 39.6140489491997], 
            [-102.583029782998, 39.6140489491997], 
            [-102.583029782998, 39.6590600176058], 
            [-102.569719816716, 39.6682510889167], 
            [-102.551328680874, 39.7398910831071], 
            [-102.52469975509, 39.7582732257289], 
            [-102.506317612468, 39.8299132199192], 
            [-102.479688686684, 39.8483043557615], 
            [-102.461306544062, 39.8749242883253], 
            [-102.434677618277, 39.8933154241676], 
            [-102.416295475656, 39.9199443499519], 
            [-102.389666549871, 39.9383264925737], 
            [-102.362093335939, 39.9782653846399], 
            [-102.254633344653, 40.005847591793], 
            [-102.236242208811, 40.0324675243568], 
            [-102.209622276247, 40.0508586601991], 
            [-102.191231140405, 40.0774875859834], 
            [-102.119591146214, 40.0958697286052], 
            [-102.101209003593, 40.1224986543895], 
            [-101.984557940996, 40.1408807970113], 
            [-101.966175798374, 40.1675097227955], 
            [-101.502116629379, 40.1858918654173], 
            [-101.471036059467, 40.1408807970113], 
            [-101.35438499687, 40.1224986543895], 
            [-101.336002854248, 40.0958697286052], 
            [-101.219351791652, 40.0774875859834], 
            [-101.20096964903, 40.0508586601991], 
            [-101.174340723246, 40.0324675243568], 
            [-101.155949587403, 40.005847591793], 
            [-100.994287456401, 39.9649554183579], 
            [-100.975905313779, 39.9383264925737], 
            [-100.949276387995, 39.9199443499519], 
            [-100.930894245373, 39.8933154241676], 
            [-100.904265319589, 39.8749242883253], 
            [-100.885883176967, 39.8483043557615], 
            [-100.814243182777, 39.8299132199192], 
            [-100.795852046934, 39.8032932873554], 
            [-100.769232114371, 39.7849021515132], 
            [-100.750840978528, 39.7582732257289], 
            [-100.724221045964, 39.7398910831071], 
            [-100.705829910122, 39.7132621573228], 
            [-100.589178847526, 39.694880014701], 
            [-100.570796704904, 39.6682510889167], 
            [-100.399943502591, 39.6590600176058], 
            [-100.567676057404, 39.2317201677516], 
            [-100.786939765458, 38.5560325348737], 
            [-100.881359587075, 38.4120151024151], 
            [-100.983252774896, 38.3429471692765], 
            [-101.227337771421, 38.3379739183617], 
            [-101.434325733546, 38.4051352887627], 
            [-101.69967070324, 38.5177753750336], 
            [-102.000934595455, 38.6966145571162], 
            [-102.313673836978, 38.9386221197151], 
            [-102.543900280773, 39.2003338283435], 
            [-102.594208356031, 39.396637844561], 
            [-102.605530820591, 39.5240268123875]
          ]
        ]
      }, 
      "properties" : {
        "OBJECTID" : 140, 
        "Id" : 140, 
        "gridcode" : 1, 
        "Timestamp" : 1786053600000, 
        "Unixtime" : 1786053600, 
        "Shape__Area" : 44757059046.882813, 
        "Shape__Length" : 812801.20671620173
      }
    }, 
    {
      "type" : "Feature", 
      "id" : 141, 
      "geometry" : 
      {
        "type" : "Polygon", 
        "coordinates" : 
        [
          [
            [-85.6359533365772, 38.1736587873232], 
            [-85.6609454962376, 38.1936776960689], 
            [-85.6909648661356, 38.2311704321698], 
            [-85.7981730472483, 38.2618193275], 
            [-85.7528382229056, 38.4713523710152], 
            [-85.676665645603, 38.4808222321604], 
            [-85.6271759534075, 38.4411891095898], 
            [-85.6041802886893, 38.2563064833576], 
            [-85.6359533365772, 38.1736587873232]
          ]
        ]
      }, 
      "properties" : {
        "OBJECTID" : 141, 
        "Id" : 141, 
        "gridcode" : 1, 
        "Timestamp" : 1786053600000, 
        "Unixtime" : 1786053600, 
        "Shape__Area" : 624013881.671875, 
        "Shape__Length" : 108188.42515499401
      }
    }, 
    {
      "type" : "Feature", 
      "id" : 142, 
      "geometry" : 
      {
        "type" : "Polygon", 
        "coordinates" : 
        [
          [
            [-122.365875484766, 37.8810823460735], 
            [-122.452489191023, 37.8961549835657], 
            [-122.413917268467, 38.1611582108828], 
            [-122.360389620285, 38.1329914443997], 
            [-122.290836053241, 38.0461439144102], 
            [-122.220832825175, 37.9900801780578], 
            [-122.285862802326, 37.9361028688524], 
            [-122.355866030393, 37.8935739292935], 
            [-122.365875484766, 37.8810823460735]
          ]
        ]
      }, 
      "properties" : {
        "OBJECTID" : 142, 
        "Id" : 142, 
        "gridcode" : 2, 
        "Timestamp" : 1786053600000, 
        "Unixtime" : 1786053600, 
        "Shape__Area" : 560110448.63671875, 
        "Shape__Length" : 102803.22931046168
      }
    }, 
    {
      "type" : "Feature", 
      "id" : 143, 
      "geometry" : 
      {
        "type" : "Polygon", 
        "coordinates" : 
        [
          [
            [-83.9704988394498, 45.3756006034852], 
            [-83.9704988394498, 45.3080884974863], 
            [-84.0155099078559, 45.3080884974863], 
            [-84.0155099078559, 45.1730462990475], 
            [-83.9704988394498, 45.1730462990475], 
            [-83.9704988394498, 45.0380130938293], 
            [-83.9254877710437, 45.0380130938293], 
            [-83.9254877710437, 44.9930020254232], 
            [-83.8804767026377, 44.9930020254232], 
            [-83.8804767026377, 44.9029798886111], 
            [-83.8354656342316, 44.9029798886111], 
            [-83.8354656342316, 44.857968820205], 
            [-83.7904545658255, 44.857968820205], 
            [-83.7904545658255, 44.8129487585784], 
            [-83.745434504199, 44.8129487585784], 
            [-83.745434504199, 44.7679376901723], 
            [-83.7004234357929, 44.7679376901723], 
            [-83.7004234357929, 44.7229266217662], 
            [-83.6104012989807, 44.7229266217662], 
            [-83.6104012989807, 44.6779155533602], 
            [-83.5653902305746, 44.6779155533602], 
            [-83.5653902305746, 44.6329044849541], 
            [-83.4753680937625, 44.6329044849541], 
            [-83.4753680937625, 44.587893416548], 
            [-83.4303570253564, 44.587893416548], 
            [-83.4303570253564, 44.5428823481419], 
            [-83.3403258953238, 44.5428823481419], 
            [-83.3403258953238, 44.4978712797359], 
            [-83.2052926901055, 44.4978712797359], 
            [-83.2052926901055, 44.4528512181093], 
            [-82.8001840812303, 44.4528512181093], 
            [-82.8001840812303, 44.4978712797359], 
            [-82.7101619444181, 44.4978712797359], 
            [-82.7101619444181, 44.5428823481419], 
            [-82.6651418827916, 44.5428823481419], 
            [-82.6651418827916, 44.587893416548], 
            [-82.6201308143855, 44.587893416548], 
            [-82.6201308143855, 44.6329044849541], 
            [-82.5751197459794, 44.6329044849541], 
            [-82.5751197459794, 44.6779155533602], 
            [-82.5301086775734, 44.6779155533602], 
            [-82.5301086775734, 44.7229266217662], 
            [-82.4850976091673, 44.7229266217662], 
            [-82.4850976091673, 44.7679376901723], 
            [-82.4400865407612, 44.7679376901723], 
            [-82.4400865407612, 44.857968820205], 
            [-82.3950754723551, 44.857968820205], 
            [-82.3950754723551, 44.9029798886111], 
            [-82.350064403949, 44.9029798886111], 
            [-82.350064403949, 44.9479909570171], 
            [-82.3275543731357, 44.9479909570171], 
            [-82.3385800614207, 44.8689945084898], 
            [-82.3813608111524, 44.6181735898394], 
            [-82.3866847976652, 44.3573072439343], 
            [-82.3341823766153, 43.7920473650939], 
            [-82.4539720731526, 43.6769521296371], 
            [-82.3523846548279, 43.643982983428], 
            [-82.2753577215815, 43.5699867654769], 
            [-82.0750787019205, 43.2397107440557], 
            [-81.973203500541, 43.0121552867372], 
            [-81.8844584010343, 42.7871359175886], 
            [-81.7979885863041, 42.619286450909], 
            [-81.6997916120932, 42.4168940244398], 
            [-81.5958839428896, 42.3487613862291], 
            [-81.4802221345438, 42.2609965477525], 
            [-81.1920343848789, 42.147331234349], 
            [-81.159712750543, 42.0845855351944], 
            [-81.3475991124091, 41.9452985366982], 
            [-81.4074939606777, 41.7702994597523], 
            [-81.3284795257095, 41.6074412304285], 
            [-81.1947413442376, 41.5385441684787], 
            [-81.0248773961748, 41.5654968501996], 
            [-80.9342976796941, 41.6848728585956], 
            [-80.8896193604451, 41.8681277119244], 
            [-80.8533317158859, 41.8303561859893], 
            [-80.8095167458011, 41.9206661058562], 
            [-80.7654049994411, 41.9215654279022], 
            [-80.6782516999559, 41.8792882985163], 
            [-80.6166391465793, 41.8200949214436], 
            [-80.5718798883461, 41.7735100394568], 
            [-80.1802970830439, 41.5717831113016], 
            [-79.9663933343848, 41.47923387954], 
            [-79.7647023791114, 41.430067943281], 
            [-79.4997621043376, 41.3440927556762], 
            [-79.2177167242473, 41.2072519131453], 
            [-79.1218669805766, 41.1151613356272], 
            [-79.0850127631285, 40.9713777269006], 
            [-79.140806702867, 40.7994453381319], 
            [-79.2309457515452, 40.6619659769484], 
            [-79.3606279905893, 40.5951553421454], 
            [-79.4697337412191, 40.5597490331914], 
            [-79.6925857442366, 40.4246079093276], 
            [-79.9009856419738, 40.5928350912665], 
            [-79.991556365234, 40.5158171512406], 
            [-80.0247593351751, 40.3457193794459], 
            [-80.119439960186, 40.3964591292855], 
            [-80.2402099177534, 40.5460703448706], 
            [-80.1339550180096, 40.7028221775015], 
            [-80.1307444383051, 40.8601136033602], 
            [-80.1766818084187, 40.9079215633296], 
            [-80.2009545104422, 40.8858701867598], 
            [-80.2445356567951, 40.7515654323989], 
            [-80.333343708845, 40.705816919915], 
            [-80.4477734459877, 40.7587779952084], 
            [-80.4494012188911, 40.8382960505224], 
            [-80.4122502251677, 40.9468172418223], 
            [-80.624148485664, 41.2455180662059], 
            [-80.7308710328718, 41.1581039633273], 
            [-80.8712192313824, 40.9510620418798], 
            [-80.9078666047599, 40.8007043889964], 
            [-81.0445815422044, 40.5189198122996], 
            [-81.1867373780275, 40.3271573724149], 
            [-81.482002792195, 40.0061623545091], 
            [-81.4839633142555, 39.9100428142246], 
            [-81.3268157799242, 39.4947898526697], 
            [-81.3258085392326, 39.4452551943718], 
            [-81.3262671934762, 39.4227451635585], 
            [-81.3231375527558, 39.2696355852142], 
            [-81.4162083913042, 39.1440812343616], 
            [-81.5789407155415, 39.0453986262457], 
            [-81.8296357291056, 38.9728503167888], 
            [-82.061094244104, 39.0025639171911], 
            [-82.4481174866327, 39.2649051512518], 
            [-82.6874900356366, 39.2697974631824], 
            [-82.9012948588706, 39.2424670662022], 
            [-82.9624037919014, 39.2437081306258], 
            [-83.0817348341952, 39.2204156896324], 
            [-83.2160935478789, 39.1859806484882], 
            [-83.3595893735507, 39.1509970208959], 
            [-83.4193313370715, 39.0628634603805], 
            [-83.4188636896075, 39.0399217549851], 
            [-83.4643334122571, 39.0178613851949], 
            [-83.5133554569887, 38.8935840716477], 
            [-83.5998252717188, 38.7257346049681], 
            [-83.6439370180789, 38.6348041528894], 
            [-83.6668877166947, 38.5902427455064], 
            [-83.7036520019383, 38.5144748631245], 
            [-83.7794198843201, 38.4777195711014], 
            [-83.8226323086341, 38.4327444755772], 
            [-83.9029777402305, 38.4310987162328], 
            [-83.9817493582462, 38.4327085026953], 
            [-84.0044482466892, 38.4322408552314], 
            [-84.2634709823998, 38.4986288086727], 
            [-84.6003300411984, 38.5054996291047], 
            [-84.9046066622676, 38.4772339371965], 
            [-84.9943320228045, 38.5002296019147], 
            [-85.0393251047697, 38.4993122934277], 
            [-85.0723931764039, 38.5337383413515], 
            [-85.1536918893692, 38.4556322216498], 
            [-85.1511378147583, 38.3307793419931], 
            [-85.1820744931433, 38.046080961867], 
            [-85.2899751522314, 37.7556808799687], 
            [-85.3963289774003, 37.6449923225377], 
            [-85.4845524701203, 37.6850751061313], 
            [-85.6766206795007, 37.8463145557722], 
            [-85.9686125614205, 37.8522680677172], 
            [-86.0865226748815, 37.8140109078772], 
            [-86.2513414262658, 37.7575964359269], 
            [-86.3393670681356, 37.7557977918347], 
            [-86.4746430903063, 37.7997026941241], 
            [-86.6896080389798, 37.8927105801292], 
            [-87.1981566695946, 38.0008000968471], 
            [-87.2599940534827, 38.1532621633183], 
            [-87.357435597175, 38.5720584537347], 
            [-87.3310045222408, 38.7017316995584], 
            [-86.8360176680808, 38.7302312151985], 
            [-86.7502223448852, 38.8126630739418], 
            [-86.7803586266492, 39.0622339349482], 
            [-86.9268941608368, 39.2857424430594], 
            [-87.1048070412119, 39.377392352775], 
            [-87.2338777412647, 39.3800273663699], 
            [-87.423095099759, 39.3761692747923], 
            [-87.5234504468806, 39.472585591352], 
            [-87.4929274566368, 39.5355021616955], 
            [-87.4699677648004, 39.5800635690785], 
            [-87.3971316722888, 39.7647303580197], 
            [-87.3163725525512, 39.8487899896664], 
            [-87.1819508863243, 39.8947993055436], 
            [-87.0027429822028, 39.9297829331359], 
            [-86.801942355755, 40.0089862257338], 
            [-86.5948194953234, 40.1625184854398], 
            [-86.4599571612939, 40.3614755016931], 
            [-86.3901248044161, 40.5654867078454], 
            [-86.4201082014323, 40.756232913818], 
            [-86.4868019243693, 41.0298336598956], 
            [-86.5922294478307, 41.0659144603841], 
            [-86.6602002080731, 41.0879748301744], 
            [-86.6822605778633, 41.1109255287902], 
            [-86.8140292440543, 41.1536882920811], 
            [-86.9050676147785, 41.2411563542824], 
            [-87.0314853147954, 41.6104989253852], 
            [-87.1316697907282, 41.9656861674827], 
            [-87.2422864023955, 41.9679434658184], 
            [-87.4439503780075, 41.796154968577], 
            [-87.4924777956137, 41.6731277126739], 
            [-87.5172091518808, 41.6251219018543], 
            [-87.514286355231, 41.4820487575442], 
            [-87.5185761213908, 41.2717422970694], 
            [-87.4929274566368, 41.0879748301744], 
            [-87.4473048492393, 41.020669568246], 
            [-87.5155723857569, 40.9306923975362], 
            [-87.4354787643334, 40.7752265954311], 
            [-87.5604395626356, 40.7508279883211], 
            [-87.5855216545007, 40.5711884096175], 
            [-87.7504123516486, 40.5678249451652], 
            [-87.8530249971059, 40.5928350912665], 
            [-87.9200874420818, 40.6157947831028], 
            [-88.1473191434636, 40.6527838988579], 
            [-88.3422741766119, 40.7296759337974], 
            [-88.7769435011416, 41.0987127354045], 
            [-89.2727217587021, 41.3721605967343], 
            [-89.4598706764905, 41.4480723706434], 
            [-89.6815895337299, 41.3903358952854], 
            [-89.8497627563461, 41.2905021549506], 
            [-89.9911002091073, 41.1784466280096], 
            [-90.3063665455796, 40.893505430931], 
            [-90.4601955815608, 40.8408501251333], 
            [-90.5829890137319, 40.8966440648718], 
            [-90.7223569512122, 41.2079533843413], 
            [-90.8147083321238, 41.5270778123912], 
            [-90.8625702514159, 41.8211111553556], 
            [-90.9426189067371, 41.9432031163308], 
            [-91.036930809709, 41.909244715871], 
            [-91.0908811392531, 41.8574077931352], 
            [-91.195400347448, 41.6850617162253], 
            [-91.4206895132104, 41.3055478127814], 
            [-91.5479975420529, 41.1338132748628], 
            [-91.6944881101381, 41.1308185324494], 
            [-91.8140979422662, 41.1779969669865], 
            [-92.1282760990626, 41.3139294942508], 
            [-92.4107261740736, 41.4253375093187], 
            [-92.688715611736, 41.5380945074556], 
            [-92.783360263865, 41.4783795235962], 
            [-92.849370502047, 41.3810009324471], 
            [-92.9772091308966, 41.1656582685143], 
            [-93.1838103845416, 40.8869493732151], 
            [-93.2540564295605, 40.862901501703], 
            [-93.2769531688536, 40.863369149167], 
            [-93.452626737334, 40.8183490875404], 
            [-93.6868731506753, 40.8730548476032], 
            [-93.8817922109417, 41.0175489207462], 
            [-93.9966176497846, 41.240445889866], 
            [-93.9989738735454, 41.3557119965115], 
            [-93.9457340084177, 41.4111192277702], 
            [-93.7056509949974, 41.4696471065288], 
            [-93.6366370211815, 41.5605955450484], 
            [-93.6145766513913, 41.6285663052909], 
            [-93.4559542289045, 41.6595299633372], 
            [-93.3325762374034, 41.7404239813817], 
            [-93.1663095775249, 41.8531270201959], 
            [-93.0123726228982, 41.8562746473572], 
            [-92.7550945719569, 41.7410984729163], 
            [-92.6347922618534, 41.7904083007026], 
            [-92.2530300532943, 42.0011824086413], 
            [-92.0146827314229, 42.2301767812335], 
            [-91.8475077562779, 42.4626245504827], 
            [-91.7792132400989, 42.5952026065151], 
            [-91.681564852336, 42.7964798736473], 
            [-91.6561050452116, 42.8209414333005], 
            [-91.5508034268366, 42.9305328178353], 
            [-91.3217910678035, 43.0234237919745], 
            [-91.296232335254, 43.0239453987612], 
            [-91.250969456675, 43.0230280902742], 
            [-91.2516529414301, 43.0562400534358], 
            [-90.8524978444999, 43.1585289429564], 
            [-90.58021910183, 43.1263601933683], 
            [-90.4292948760576, 43.0531373923768], 
            [-90.195588055944, 42.9114132311358], 
            [-90.0180528908282, 42.9537892859469], 
            [-89.8024764031634, 43.081753819883], 
            [-89.3403867494489, 43.4036571530552], 
            [-89.2484040905763, 43.5393558565876], 
            [-89.270455467146, 43.7891515481056], 
            [-89.3154665355521, 44.008918876505], 
            [-89.2841161690259, 44.1124218507879], 
            [-89.1187668176345, 44.5955016810578], 
            [-89.068692566109, 44.8399823792835], 
            [-89.0429179962684, 45.7872292971944], 
            [-88.9312851506891, 45.9378207738097], 
            [-88.7779687282741, 46.0167992358961], 
            [-88.5745151017904, 45.9602048995366], 
            [-88.006988931394, 45.7300054354026], 
            [-87.6770906252321, 45.6392638409536], 
            [-87.3992001129948, 45.5918695691254], 
            [-87.2344353209332, 45.5885061046731], 
            [-86.9973380567059, 45.6116906270209], 
            [-86.7067491171779, 45.6541566140366], 
            [-86.1973910967217, 45.5236200190487], 
            [-85.8790940449542, 45.4771070828257], 
            [-85.6207098278962, 45.5016585746836], 
            [-85.1449324926404, 45.5891895894281], 
            [-84.9818584260255, 45.5611127551496], 
            [-84.3630079464595, 45.4171312955729], 
            [-84.0945063563832, 45.3866352849905], 
            [-83.9704988394498, 45.3756006034852]
          ], 
          [
            [-82.6839736864364, 43.4252768550429], 
            [-82.7020410663421, 43.4451968383635], 
            [-82.7101619444181, 43.4175786583285], 
            [-82.6839736864364, 43.4252768550429]
          ], 
          [
            [-82.7101619444181, 43.4175786583285], 
            [-82.7886547725996, 43.4295126618799], 
            [-82.8229189425551, 43.4274712008353], 
            [-82.9831151786225, 43.3404258199957], 
            [-83.1365035468012, 43.1687452413998], 
            [-83.2101130562725, 43.1029778201703], 
            [-83.2609247518757, 43.023082049597], 
            [-83.3250194340995, 42.9313242212359], 
            [-83.4219843371074, 42.8446925285374], 
            [-83.5893931359844, 42.7472240051838], 
            [-83.7467025482839, 42.6986426282548], 
            [-83.8835973501376, 42.6495306513186], 
            [-84.0671399865211, 42.414205051522], 
            [-84.3107033762598, 42.1965871028126], 
            [-84.3972001706513, 42.0605826297846], 
            [-84.3856258959183, 41.8664100068165], 
            [-84.2835528436887, 41.7752187513444], 
            [-84.1297417941484, 41.7394257339106], 
            [-84.0029283924313, 41.7469890323181], 
            [-83.8034587626117, 41.8553753253111], 
            [-83.6898024424287, 42.0340886023072], 
            [-83.6079011836926, 42.0778316266283], 
            [-83.2262379005586, 41.9962900967107], 
            [-83.0631638339437, 41.8823729731343], 
            [-82.6082507701569, 41.6289710002115], 
            [-82.5700835425214, 41.5862621962435], 
            [-82.5194876842092, 41.6964920994309], 
            [-82.4605551105299, 41.7808575005733], 
            [-82.384454478991, 41.9499840045582], 
            [-82.4413545848462, 42.0546920703828], 
            [-82.4881103380216, 42.1565762649827], 
            [-82.5182196401242, 42.424043634706], 
            [-82.428197503312, 42.640483471535], 
            [-82.3942480960727, 42.8943530919217], 
            [-82.4559865545358, 43.0079644460025], 
            [-82.5870087834285, 43.0681021112235], 
            [-82.6356710993417, 43.0945421793782], 
            [-82.6798188185836, 43.1907246722059], 
            [-82.7101619444181, 43.4175786583285]
          ], 
          [
            [-86.1310840822645, 41.2119823471077], 
            [-86.1210746278917, 41.2244739303277], 
            [-86.0487511489463, 41.2549519544692], 
            [-85.8487059530173, 41.3743099764243], 
            [-85.5704107458592, 41.5807583453214], 
            [-85.5066937788947, 41.6856552687757], 
            [-85.5171259146292, 41.7695080563518], 
            [-85.7105251206377, 41.9243803059065], 
            [-85.9175400624239, 42.0501145211683], 
            [-86.064516264414, 42.0997211252298], 
            [-86.1523080825519, 42.048118026226], 
            [-86.1185835058241, 41.8996579428598], 
            [-86.0985645970785, 41.6702049160241], 
            [-86.168918560743, 41.4871838864273], 
            [-86.3076839524524, 41.2972200906348], 
            [-86.2984928811415, 41.2233317913292], 
            [-86.1310840822645, 41.2119823471077]
          ], 
          [
            [-81.449816056166, 40.9193969126375], 
            [-81.439608750943, 40.9316906450073], 
            [-81.265580941807, 41.0071707443345], 
            [-81.2370544465055, 41.1302789392217], 
            [-81.3716289974802, 41.2132863640745], 
            [-81.5294780030074, 41.1971974926702], 
            [-81.6547445708052, 41.0980562303109], 
            [-81.6376844315912, 40.9306923975362], 
            [-81.449816056166, 40.9193969126375]
          ], 
          [
            [-83.0702594848872, 40.0191575580749], 
            [-83.0604478813646, 40.0318559853655], 
            [-83.0350510267834, 40.0514701991904], 
            [-83.002252751763, 40.1315997934958], 
            [-83.04064480991, 40.2632965139231], 
            [-83.1536356317789, 40.3095396535323], 
            [-83.2750081351173, 40.2618216257675], 
            [-83.3051174372199, 40.118721501796], 
            [-83.191074408557, 40.0306868667056], 
            [-83.0702594848872, 40.0191575580749]
          ], 
          [
            [-84.4206185167311, 38.9613749674808], 
            [-84.431059645686, 39.0330599277735], 
            [-84.4880406905254, 39.0599766366126], 
            [-84.5192291790833, 38.971762137113], 
            [-84.4206185167311, 38.9613749674808]
          ], 
          [
            [-85.6359533365772, 38.1736587873232], 
            [-85.6041802886893, 38.2563064833576], 
            [-85.6271759534075, 38.4411891095898], 
            [-85.676665645603, 38.4808222321604], 
            [-85.7528382229056, 38.4713523710152], 
            [-85.7981730472483, 38.2618193275], 
            [-85.6909648661356, 38.2311704321698], 
            [-85.6609454962376, 38.1936776960689], 
            [-85.6359533365772, 38.1736587873232]
          ]
        ]
      }, 
      "properties" : {
        "OBJECTID" : 143, 
        "Id" : 143, 
        "gridcode" : 2, 
        "Timestamp" : 1786053600000, 
        "Unixtime" : 1786053600, 
        "Shape__Area" : 848259458846.17969, 
        "Shape__Length" : 8440519.5878682137
      }
    }, 
    {
      "type" : "Feature", 
      "id" : 144, 
      "geometry" : 
      {
        "type" : "Polygon", 
        "coordinates" : 
        [
          [
            [-92.3427644070517, 37.5659958740105], 
            [-92.3652654446445, 37.5659958740105], 
            [-92.3652654446445, 37.5884969116033], 
            [-92.3427644070517, 37.5884969116033], 
            [-92.3427644070517, 37.5659958740105]
          ]
        ]
      }, 
      "properties" : {
        "OBJECTID" : 144, 
        "Id" : 144, 
        "gridcode" : 1, 
        "Timestamp" : 1786053600000, 
        "Unixtime" : 1786053600, 
        "Shape__Area" : 7916455.5078125, 
        "Shape__Length" : 11330.625910084695
      }
    }, 
    {
      "type" : "Feature", 
      "id" : 145, 
      "geometry" : 
      {
        "type" : "Polygon", 
        "coordinates" : 
        [
          [
            [-92.2977533386456, 37.4309536755717], 
            [-92.3202543762385, 37.4309536755717], 
            [-92.3202543762385, 37.453463706385], 
            [-92.2977533386456, 37.453463706385], 
            [-92.2977533386456, 37.4309536755717]
          ]
        ]
      }, 
      "properties" : {
        "OBJECTID" : 145, 
        "Id" : 145, 
        "gridcode" : 1, 
        "Timestamp" : 1786053600000, 
        "Unixtime" : 1786053600, 
        "Shape__Area" : 7905305.015625, 
        "Shape__Length" : 11321.722627233714
      }
    }, 
    {
      "type" : "Feature", 
      "id" : 146, 
      "geometry" : 
      {
        "type" : "Polygon", 
        "coordinates" : 
        [
          [
            [-121.758212571453, 37.0708561351026], 
            [-121.854314125297, 37.0834376505272], 
            [-121.973690133693, 37.1367044953163], 
            [-122.102724860864, 37.2086952251046], 
            [-122.353788596467, 37.2415474594478], 
            [-122.313471989141, 37.370177491698], 
            [-122.159508054853, 37.4907495984153], 
            [-121.954435648686, 37.6361609800452], 
            [-121.728741788003, 37.7368670627648], 
            [-121.608097735522, 37.8224105757875], 
            [-121.518840022449, 37.8295781724947], 
            [-121.397737315724, 37.7931196567469], 
            [-121.321744602831, 37.685947448516], 
            [-121.312184809481, 37.5668772096156], 
            [-121.382331929075, 37.3338628674774], 
            [-121.49855131709, 37.261323551241], 
            [-121.688434173898, 37.1518490785722], 
            [-121.758212571453, 37.0708561351026]
          ]
        ]
      }, 
      "properties" : {
        "OBJECTID" : 146, 
        "Id" : 146, 
        "gridcode" : 2, 
        "Timestamp" : 1786053600000, 
        "Unixtime" : 1786053600, 
        "Shape__Area" : 7254531102.2265625, 
        "Shape__Length" : 340395.87209961284
      }
    }, 
    {
      "type" : "Feature", 
      "id" : 147, 
      "geometry" : 
      {
        "type" : "Polygon", 
        "coordinates" : 
        [
          [
            [-97.5866752848365, 36.3956811157909], 
            [-97.9787617104845, 36.4098993973394], 
            [-98.217891442536, 36.5114058766799], 
            [-98.3629161156861, 36.6097107695365], 
            [-98.4511665880675, 36.6525274921501], 
            [-98.5434100503335, 36.766804344545], 
            [-98.6104814885299, 36.8797861731934], 
            [-98.6772831301123, 36.9121887465136], 
            [-98.6862044048094, 37.349196308363], 
            [-98.5965240103747, 37.6255309934606], 
            [-98.4817435376341, 37.8621246373422], 
            [-98.3283911423373, 38.0217453073002], 
            [-98.186837852285, 38.094662338796], 
            [-97.9972157988699, 38.0645710231343], 
            [-97.8664273937092, 37.9389177468566], 
            [-97.7425188022009, 37.8099459722289], 
            [-97.5571775217252, 37.6693189838841], 
            [-97.3333002915751, 37.5785054436713], 
            [-97.1478061263516, 37.5747192978574], 
            [-96.8371533119757, 37.5810595182823], 
            [-96.7897410537066, 37.5355088566485], 
            [-96.7434619412156, 37.445675577466], 
            [-96.739118215733, 37.2329859135691], 
            [-96.7850106197442, 37.0447308296642], 
            [-96.8503103935098, 36.910129299028], 
            [-96.9407911845655, 36.7721373242782], 
            [-97.065329301506, 36.6425090445568], 
            [-97.2763192467358, 36.4994898595694], 
            [-97.4729110460079, 36.4322025840821], 
            [-97.5756495965516, 36.4071564650989], 
            [-97.5866752848365, 36.3956811157909]
          ]
        ]
      }, 
      "properties" : {
        "OBJECTID" : 147, 
        "Id" : 147, 
        "gridcode" : 1, 
        "Timestamp" : 1786053600000, 
        "Unixtime" : 1786053600, 
        "Shape__Area" : 35660249007.957031, 
        "Shape__Length" : 725839.97116799257
      }
    }, 
    {
      "type" : "Feature", 
      "id" : 148, 
      "geometry" : 
      {
        "type" : "Polygon", 
        "coordinates" : 
        [
          [
            [-121.645680403827, 36.1030956813207], 
            [-121.63420505452, 36.1141303628261], 
            [-121.508362920612, 36.2915216364145], 
            [-121.331205470756, 36.4617273268547], 
            [-121.000956428996, 36.5642500401074], 
            [-120.862352915255, 36.5168108021768], 
            [-120.749595917118, 36.3268649928252], 
            [-120.711905330167, 36.2491635680443], 
            [-120.688945638331, 36.2046021606612], 
            [-120.666894261761, 36.1075203457874], 
            [-120.875267179836, 35.9073132718901], 
            [-121.199247946935, 35.7236357371996], 
            [-121.330593931764, 35.6979870724455], 
            [-121.343912891267, 35.7071781437564], 
            [-121.372835088269, 35.7844928600575], 
            [-121.497103408595, 35.8702971764736], 
            [-121.523831259805, 35.9744476626296], 
            [-121.622100179779, 36.0112209410936], 
            [-121.645680403827, 36.1030956813207]
          ]
        ]
      }, 
      "properties" : {
        "OBJECTID" : 148, 
        "Id" : 148, 
        "gridcode" : 2, 
        "Timestamp" : 1786053600000, 
        "Unixtime" : 1786053600, 
        "Shape__Area" : 8214564117.4296875, 
        "Shape__Length" : 343832.75074227562
      }
    }, 
    {
      "type" : "Feature", 
      "id" : 149, 
      "geometry" : 
      {
        "type" : "Polygon", 
        "coordinates" : 
        [
          [
            [-84.2405742431068, 35.4504216996019], 
            [-84.3710119126696, 35.4674908320363], 
            [-84.5435648336501, 35.66899292968], 
            [-84.4570590460381, 35.795941229704], 
            [-84.327610630726, 35.8877260377266], 
            [-84.2108246698226, 35.8971059666671], 
            [-84.1422333773684, 35.7103257709177], 
            [-84.183467293181, 35.5733680165208], 
            [-84.2405742431068, 35.4504216996019]
          ]
        ]
      }, 
      "properties" : {
        "OBJECTID" : 149, 
        "Id" : 149, 
        "gridcode" : 2, 
        "Timestamp" : 1786053600000, 
        "Unixtime" : 1786053600, 
        "Shape__Area" : 1801145871.4648438, 
        "Shape__Length" : 164456.14819687293
      }
    }, 
    {
      "type" : "Feature", 
      "id" : 150, 
      "geometry" : 
      {
        "type" : "Polygon", 
        "coordinates" : 
        [
          [
            [-116.60431483726, 35.1803462959449], 
            [-116.680217617949, 35.191102187616], 
            [-116.616401725559, 35.2331814661518], 
            [-116.60431483726, 35.1803462959449]
          ]
        ]
      }, 
      "properties" : {
        "OBJECTID" : 150, 
        "Id" : 150, 
        "gridcode" : 2, 
        "Timestamp" : 1786053600000, 
        "Unixtime" : 1786053600, 
        "Shape__Area" : 29425381.7265625, 
        "Shape__Length" : 25027.429808015888
      }
    }, 
    {
      "type" : "Feature", 
      "id" : 151, 
      "geometry" : 
      {
        "type" : "Polygon", 
        "coordinates" : 
        [
          [
            [-120.902984285296, 35.2253573643509], 
            [-120.840094694614, 35.306826948505], 
            [-120.662874292215, 35.3702021730919], 
            [-120.50623937145, 35.3470536236259], 
            [-120.443053004493, 35.2901804974321], 
            [-120.491058815312, 35.2105994895749], 
            [-120.677919950046, 35.1353352275388], 
            [-120.783383446389, 35.1429344988281], 
            [-120.8878217156, 35.1954009469962], 
            [-120.902984285296, 35.2253573643509]
          ]
        ]
      }, 
      "properties" : {
        "OBJECTID" : 151, 
        "Id" : 151, 
        "gridcode" : 2, 
        "Timestamp" : 1786053600000, 
        "Unixtime" : 1786053600, 
        "Shape__Area" : 1110191704.7148438, 
        "Shape__Length" : 127994.26470565898
      }
    }, 
    {
      "type" : "Feature", 
      "id" : 152, 
      "geometry" : 
      {
        "type" : "Polygon", 
        "coordinates" : 
        [
          [
            [-116.671835936479, 35.0453130907266], 
            [-116.88439969529, 35.0718970504086], 
            [-116.753611290129, 35.1354071733025], 
            [-116.729221676239, 35.0775357996375], 
            [-116.700497330088, 35.0811061081604], 
            [-116.671835936479, 35.0453130907266]
          ]
        ]
      }, 
      "properties" : {
        "OBJECTID" : 152, 
        "Id" : 152, 
        "gridcode" : 2, 
        "Timestamp" : 1786053600000, 
        "Unixtime" : 1786053600, 
        "Shape__Area" : 117914106.4375, 
        "Shape__Length" : 58252.117360417993
      }
    }, 
    {
      "type" : "Feature", 
      "id" : 153, 
      "geometry" : 
      {
        "type" : "Polygon", 
        "coordinates" : 
        [
          [
            [-79.6718383846337, 34.8202487554757], 
            [-79.7045557206699, 34.8325424878456], 
            [-79.877998970476, 34.8834441156535], 
            [-80.0640956814705, 34.9896990153973], 
            [-80.1836605474962, 35.0746399826491], 
            [-80.224273931097, 35.1455515259822], 
            [-80.2787458674278, 35.2711328564962], 
            [-80.4322151745906, 35.3376916811263], 
            [-80.5493788507533, 35.4350163129525], 
            [-80.6047950752325, 35.582505128509], 
            [-80.570180169679, 35.6846321400613], 
            [-80.4156856353837, 35.7003792690881], 
            [-80.334728664796, 35.6652697364093], 
            [-80.125042736533, 35.5302365311911], 
            [-80.064653261139, 35.5506601348574], 
            [-79.9124250183998, 35.6378494072245], 
            [-79.6856969373637, 35.6609529905881], 
            [-79.4916052533797, 35.6039989254102], 
            [-79.4265482965666, 35.5499586636615], 
            [-79.3465356141272, 35.4102669702445], 
            [-79.3784075874402, 35.1377184309609], 
            [-79.4589328834458, 34.922744489067], 
            [-79.5116511417867, 34.859270339055], 
            [-79.6616220861903, 34.8325424878456], 
            [-79.6718383846337, 34.8202487554757]
          ]
        ]
      }, 
      "properties" : {
        "OBJECTID" : 153, 
        "Id" : 153, 
        "gridcode" : 2, 
        "Timestamp" : 1786053600000, 
        "Unixtime" : 1786053600, 
        "Shape__Area" : 10633829288.675781, 
        "Shape__Length" : 432343.81937113643
      }
    }, 
    {
      "type" : "Feature", 
      "id" : 154, 
      "geometry" : 
      {
        "type" : "Polygon", 
        "coordinates" : 
        [
          [
            [-120.407844546389, 34.7977477178829], 
            [-120.507264598582, 34.8239719487465], 
            [-120.479196757524, 34.9388333604713], 
            [-120.357527477911, 34.9628722387629], 
            [-120.336294484403, 34.8554032542569], 
            [-120.398446631007, 34.8108598333147], 
            [-120.407844546389, 34.7977477178829]
          ]
        ]
      }, 
      "properties" : {
        "OBJECTID" : 154, 
        "Id" : 154, 
        "gridcode" : 2, 
        "Timestamp" : 1786053600000, 
        "Unixtime" : 1786053600, 
        "Shape__Area" : 298753711.3515625, 
        "Shape__Length" : 67479.5628450947
      }
    }, 
    {
      "type" : "Feature", 
      "id" : 155, 
      "geometry" : 
      {
        "type" : "Polygon", 
        "coordinates" : 
        [
          [
            [-106.544102728158, 34.5726833826321], 
            [-106.732384791725, 34.5837630302397], 
            [-106.818593803062, 34.652803983717], 
            [-106.834745627009, 34.7826750803907], 
            [-106.784149768697, 34.9027615532032], 
            [-106.734156456155, 34.9878014458801], 
            [-106.702653204881, 35.0625710807908], 
            [-106.549363762128, 35.029413076952], 
            [-106.42156110616, 34.8696035493644], 
            [-106.444242008162, 34.6975272690683], 
            [-106.544102728158, 34.5726833826321]
          ]
        ]
      }, 
      "properties" : {
        "OBJECTID" : 155, 
        "Id" : 155, 
        "gridcode" : 1, 
        "Timestamp" : 1786053600000, 
        "Unixtime" : 1786053600, 
        "Shape__Area" : 2247472898.5351563, 
        "Shape__Length" : 180171.09641567772
      }
    }, 
    {
      "type" : "Feature", 
      "id" : 156, 
      "geometry" : 
      {
        "type" : "Polygon", 
        "coordinates" : 
        [
          [
            [-81.8774346958545, 34.3701290781945], 
            [-82.0223964164614, 34.3849139326319], 
            [-82.0881728309113, 34.4415802147552], 
            [-82.1145859194046, 34.5380864635196], 
            [-82.1687610794602, 34.8496385999415], 
            [-82.2479463856171, 35.1903737367586], 
            [-82.1680865879256, 35.3185990740881], 
            [-82.0735768341036, 35.3856075597412], 
            [-81.8809240653932, 35.4383348113026], 
            [-81.7018240799173, 35.4030004481123], 
            [-81.4933432431961, 35.22338784907], 
            [-81.4437366391345, 35.0421294906835], 
            [-81.4288168863901, 34.8564374746098], 
            [-81.4718854191767, 34.6668334076357], 
            [-81.6380351671892, 34.4739827880753], 
            [-81.7978267083359, 34.4030532583013], 
            [-81.8670205465609, 34.3822249597142], 
            [-81.8774346958545, 34.3701290781945]
          ]
        ]
      }, 
      "properties" : {
        "OBJECTID" : 156, 
        "Id" : 156, 
        "gridcode" : 2, 
        "Timestamp" : 1786053600000, 
        "Unixtime" : 1786053600, 
        "Shape__Area" : 9923932128.8007813, 
        "Shape__Length" : 379461.28771873179
      }
    }, 
    {
      "type" : "Feature", 
      "id" : 157, 
      "geometry" : 
      {
        "type" : "Polygon", 
        "coordinates" : 
        [
          [
            [-86.5136826603265, 34.3026079789751], 
            [-86.6107824616412, 34.331844938693], 
            [-86.7413910023928, 34.5411081855944], 
            [-86.8389404647306, 34.8067319451233], 
            [-86.8520345937214, 34.9696890998721], 
            [-86.7836681317788, 35.0490362839974], 
            [-86.6134624413385, 35.1439956988425], 
            [-86.3641793633868, 35.1640325940291], 
            [-86.2367903955603, 35.1071864474966], 
            [-86.1911767813833, 35.0254200870675], 
            [-86.1816079948131, 34.9063228685056], 
            [-86.2262413479598, 34.7098389878791], 
            [-86.3452666207579, 34.4953506798901], 
            [-86.4485357713087, 34.3618553153706], 
            [-86.5032685110329, 34.3147038604948], 
            [-86.5136826603265, 34.3026079789751]
          ]
        ]
      }, 
      "properties" : {
        "OBJECTID" : 157, 
        "Id" : 157, 
        "gridcode" : 1, 
        "Timestamp" : 1786053600000, 
        "Unixtime" : 1786053600, 
        "Shape__Area" : 6139467221.9140625, 
        "Shape__Length" : 302769.43239165412
      }
    }, 
    {
      "type" : "Feature", 
      "id" : 158, 
      "geometry" : 
      {
        "type" : "Polygon", 
        "coordinates" : 
        [
          [
            [-119.350061955795, 34.2801069413823], 
            [-119.380935681636, 34.4276856891433], 
            [-119.419876326231, 34.6721034348257], 
            [-119.380638905361, 34.7462615307451], 
            [-119.237826564444, 34.7406047950753], 
            [-119.075750745301, 34.6163094950872], 
            [-119.04665767711, 34.403457953222], 
            [-119.017843398754, 34.2935068398688], 
            [-118.80892189423, 34.260231924164], 
            [-118.68128111623, 34.3581051424384], 
            [-118.617366298416, 34.289118148284], 
            [-118.619380779799, 34.2381985340352], 
            [-118.754935591804, 34.1125992170803], 
            [-118.809056792537, 34.0541882501877], 
            [-118.844103372672, 34.0217137311039], 
            [-118.854931210107, 34.0100315377254], 
            [-118.971213550665, 34.021129171774], 
            [-119.08978916244, 34.0677500266425], 
            [-119.174604224605, 34.0913662235724], 
            [-119.261334842729, 34.1583027634618], 
            [-119.314853497691, 34.2477943002668], 
            [-119.340259345492, 34.2674085140917], 
            [-119.350061955795, 34.2801069413823]
          ]
        ]
      }, 
      "properties" : {
        "OBJECTID" : 158, 
        "Id" : 158, 
        "gridcode" : 1, 
        "Timestamp" : 1786053600000, 
        "Unixtime" : 1786053600, 
        "Shape__Area" : 4193589334.8789063, 
        "Shape__Length" : 321319.0658939947
      }
    }, 
    {
      "type" : "Feature", 
      "id" : 159, 
      "geometry" : 
      {
        "type" : "Polygon", 
        "coordinates" : 
        [
          [
            [-119.845192701482, 34.1000536745375], 
            [-119.8318827352, 34.0458515348205], 
            [-119.822691663889, 33.9200094009132], 
            [-119.90136435648, 33.9594626590745], 
            [-119.920277099109, 34.0249782701312], 
            [-119.965288167515, 34.0477491043378], 
            [-119.9501615707, 34.0924993693505], 
            [-119.845192701482, 34.1000536745375]
          ]
        ]
      }, 
      "properties" : {
        "OBJECTID" : 159, 
        "Id" : 159, 
        "gridcode" : 1, 
        "Timestamp" : 1786053600000, 
        "Unixtime" : 1786053600, 
        "Shape__Area" : 227754020.9765625, 
        "Shape__Length" : 67481.572001336724
      }
    }, 
    {
      "type" : "Feature", 
      "id" : 160, 
      "geometry" : 
      {
        "type" : "Polygon", 
        "coordinates" : 
        [
          [
            [-119.822691663889, 33.9200094009132], 
            [-119.8318827352, 34.0458515348205], 
            [-119.845192701482, 34.1000536745375], 
            [-119.832494274191, 34.0902510642353], 
            [-119.655156959926, 34.0611220231629], 
            [-119.563866779029, 34.074611853854], 
            [-119.488449632245, 34.0634692537032], 
            [-119.500563500205, 33.9815140356443], 
            [-119.713055313252, 33.9454152487148], 
            [-119.822691663889, 33.9200094009132]
          ]
        ]
      }, 
      "properties" : {
        "OBJECTID" : 160, 
        "Id" : 160, 
        "gridcode" : 2, 
        "Timestamp" : 1786053600000, 
        "Unixtime" : 1786053600, 
        "Shape__Area" : 599280581.19140625, 
        "Shape__Length" : 113174.38854037986
      }
    }, 
    {
      "type" : "Feature", 
      "id" : 161, 
      "geometry" : 
      {
        "type" : "Polygon", 
        "coordinates" : 
        [
          [
            [-120.04774700592, 33.8749983325071], 
            [-120.181368275525, 33.8886230615051], 
            [-120.238214422058, 33.9546063200257], 
            [-120.262397191877, 33.9754346186128], 
            [-120.28333340911, 33.9997432935182], 
            [-120.427467753434, 33.9881600255648], 
            [-120.485779794902, 34.0383961550586], 
            [-120.451803408001, 34.0852688201001], 
            [-120.352536240555, 34.0932458066487], 
            [-120.250849896805, 34.0365165719823], 
            [-120.022008408961, 34.0548987146041], 
            [-119.99232178822, 34.0204456870189], 
            [-119.947850313041, 33.9821345678561], 
            [-119.943758397732, 33.9312599197096], 
            [-120.033942412512, 33.8910152581477], 
            [-120.04774700592, 33.8749983325071]
          ]
        ]
      }, 
      "properties" : {
        "OBJECTID" : 161, 
        "Id" : 161, 
        "gridcode" : 1, 
        "Timestamp" : 1786053600000, 
        "Unixtime" : 1786053600, 
        "Shape__Area" : 898198303.94921875, 
        "Shape__Length" : 150640.42077548828
      }
    }, 
    {
      "type" : "Feature", 
      "id" : 162, 
      "geometry" : 
      {
        "type" : "Polygon", 
        "coordinates" : 
        [
          [
            [-112.035587972007, 33.514900792038], 
            [-112.108460037401, 33.5335976973759], 
            [-112.119215929072, 33.5815855217545], 
            [-112.065679287669, 33.6591250685672], 
            [-111.986368076426, 33.5893736506735], 
            [-112.035587972007, 33.514900792038]
          ]
        ]
      }, 
      "properties" : {
        "OBJECTID" : 162, 
        "Id" : 162, 
        "gridcode" : 1, 
        "Timestamp" : 1786053600000, 
        "Unixtime" : 1786053600, 
        "Shape__Area" : 168756226.53515625, 
        "Shape__Length" : 51163.842275850962
      }
    }, 
    {
      "type" : "Feature", 
      "id" : 163, 
      "geometry" : 
      {
        "type" : "Polygon", 
        "coordinates" : 
        [
          [
            [-112.170621177225, 33.4248786552258], 
            [-112.246514964694, 33.4356255536765], 
            [-112.226990683073, 33.4920130459654], 
            [-112.13596130557, 33.5232734802869], 
            [-112.128371027501, 33.4590798726381], 
            [-112.162239495756, 33.4390070045697], 
            [-112.170621177225, 33.4248786552258]
          ]
        ]
      }, 
      "properties" : {
        "OBJECTID" : 163, 
        "Id" : 163, 
        "gridcode" : 1, 
        "Timestamp" : 1786053600000, 
        "Unixtime" : 1786053600, 
        "Shape__Area" : 111597364.47265625, 
        "Shape__Length" : 42697.924709678722
      }
    }, 
    {
      "type" : "Feature", 
      "id" : 164, 
      "geometry" : 
      {
        "type" : "Polygon", 
        "coordinates" : 
        [
          [
            [-86.7387469955774, 33.3348475251932], 
            [-86.9074867910825, 33.3797776546152], 
            [-87.2369893955441, 33.5596510570507], 
            [-87.3570309022543, 33.7538236800189], 
            [-87.3291788984873, 33.8987943938463], 
            [-87.2338417683828, 33.9506043369207], 
            [-87.1107335734956, 33.9769095067684], 
            [-86.6891583779567, 33.9989428968972], 
            [-86.4738966530081, 34.1556857363078], 
            [-86.0133898060946, 34.1336973122812], 
            [-85.6790938151274, 34.1023199660937], 
            [-85.581103684987, 33.9438234486933], 
            [-85.5712920814643, 33.7792565074819], 
            [-85.732000931098, 33.6919233435875], 
            [-86.0728619730016, 33.6006331626904], 
            [-86.3669043091865, 33.561530640127], 
            [-86.4448035848175, 33.597287684679], 
            [-86.5885242410009, 33.7953183992248], 
            [-86.7639819721902, 33.8057775146207], 
            [-86.8844011941597, 33.6503836582793], 
            [-86.8549843700326, 33.5086235241564], 
            [-86.7009664764217, 33.3710092646659], 
            [-86.7281260022132, 33.3467365626423], 
            [-86.7387469955774, 33.3348475251932]
          ]
        ]
      }, 
      "properties" : {
        "OBJECTID" : 164, 
        "Id" : 164, 
        "gridcode" : 1, 
        "Timestamp" : 1786053600000, 
        "Unixtime" : 1786053600, 
        "Shape__Area" : 11674050704.28125, 
        "Shape__Length" : 583308.55853840348
      }
    }, 
    {
      "type" : "Feature", 
      "id" : 165, 
      "geometry" : 
      {
        "type" : "Polygon", 
        "coordinates" : 
        [
          [
            [-112.080599040413, 33.2898364567872], 
            [-112.135008024201, 33.3288310607049], 
            [-112.077253562402, 33.4567776082001], 
            [-112.03037190414, 33.3665576205378], 
            [-112.080599040413, 33.2898364567872]
          ]
        ]
      }, 
      "properties" : {
        "OBJECTID" : 165, 
        "Id" : 165, 
        "gridcode" : 1, 
        "Timestamp" : 1786053600000, 
        "Unixtime" : 1786053600, 
        "Shape__Area" : 128667440.6015625, 
        "Shape__Length" : 50975.076247256889
      }
    }, 
    {
      "type" : "Feature", 
      "id" : 166, 
      "geometry" : 
      {
        "type" : "Polygon", 
        "coordinates" : 
        [
          [
            [-119.440084092607, 33.2673354191943], 
            [-119.491840076358, 33.2764545447415], 
            [-119.452314872433, 33.2959068805981], 
            [-119.440084092607, 33.2673354191943]
          ]
        ]
      }, 
      "properties" : {
        "OBJECTID" : 166, 
        "Id" : 166, 
        "gridcode" : 2, 
        "Timestamp" : 1786053600000, 
        "Unixtime" : 1786053600, 
        "Shape__Area" : 10133371.4765625, 
        "Shape__Length" : 15034.689341618548
      }
    }, 
    {
      "type" : "Feature", 
      "id" : 167, 
      "geometry" : 
      {
        "type" : "Polygon", 
        "coordinates" : 
        [
          [
            [-118.2922793652, 33.2673354191943], 
            [-118.488079761072, 33.303047497644], 
            [-118.527748856524, 33.391954475119], 
            [-118.617375291636, 33.431947326508], 
            [-118.623382762904, 33.5067439410801], 
            [-118.562345775637, 33.5018336427085], 
            [-118.527964693816, 33.5046035546104], 
            [-118.449552804618, 33.4608515370688], 
            [-118.366005786538, 33.4356974994402], 
            [-118.326867291093, 33.3902817361133], 
            [-118.266288958069, 33.3380850845591], 
            [-118.2922793652, 33.2673354191943]
          ]
        ]
      }, 
      "properties" : {
        "OBJECTID" : 167, 
        "Id" : 167, 
        "gridcode" : 2, 
        "Timestamp" : 1786053600000, 
        "Unixtime" : 1786053600, 
        "Shape__Area" : 658588055.16796875, 
        "Shape__Length" : 114338.21290197145
      }
    }, 
    {
      "type" : "Feature", 
      "id" : 168, 
      "geometry" : 
      {
        "type" : "Polygon", 
        "coordinates" : 
        [
          [
            [-117.527064222636, 33.3123464876004], 
            [-117.49766538495, 33.3464667660285], 
            [-117.338683233644, 33.3677717053], 
            [-117.224073632092, 33.225696808461], 
            [-117.324509918198, 33.0647811147567], 
            [-117.337217338709, 33.074583725059], 
            [-117.40183362772, 33.1675016788595], 
            [-117.427239475521, 33.1871158926844], 
            [-117.514365795345, 33.3025438772982], 
            [-117.527064222636, 33.3123464876004]
          ]
        ]
      }, 
      "properties" : {
        "OBJECTID" : 168, 
        "Id" : 168, 
        "gridcode" : 1, 
        "Timestamp" : 1786053600000, 
        "Unixtime" : 1786053600, 
        "Shape__Area" : 702797188.2265625, 
        "Shape__Length" : 110642.42563430395
      }
    }, 
    {
      "type" : "Feature", 
      "id" : 169, 
      "geometry" : 
      {
        "type" : "Polygon", 
        "coordinates" : 
        [
          [
            [-118.404802539605, 32.7721956802865], 
            [-118.467764076051, 32.792133650048], 
            [-118.545519460155, 32.8641783391591], 
            [-118.640685719071, 33.0440337551537], 
            [-118.582841325067, 33.0705367758516], 
            [-118.304150416209, 32.8123234299824], 
            [-118.393983695391, 32.783877873665], 
            [-118.404802539605, 32.7721956802865]
          ]
        ]
      }, 
      "properties" : {
        "OBJECTID" : 169, 
        "Id" : 169, 
        "gridcode" : 2, 
        "Timestamp" : 1786053600000, 
        "Unixtime" : 1786053600, 
        "Shape__Area" : 575474050.07421875, 
        "Shape__Length" : 112678.16009731099
      }
    }, 
    {
      "type" : "Feature", 
      "id" : 170, 
      "geometry" : 
      {
        "type" : "Polygon", 
        "coordinates" : 
        [
          [
            [-112.170621177225, 32.4571092082235], 
            [-112.205622791259, 32.4671186625963], 
            [-112.225641700004, 32.4921198154772], 
            [-112.352383155958, 32.5455215585732], 
            [-112.428196004442, 32.6744933332009], 
            [-112.40297901427, 32.8700149392382], 
            [-112.313010836781, 32.9823672424544], 
            [-112.197690770812, 33.0501581382875], 
            [-112.007457178406, 33.0738193013198], 
            [-111.936788452025, 33.0172249649602], 
            [-111.913046350009, 32.8263258742398], 
            [-111.968264723638, 32.6425044480219], 
            [-112.055687819737, 32.5333447380693], 
            [-112.160611722853, 32.4696097846639], 
            [-112.170621177225, 32.4571092082235]
          ]
        ]
      }, 
      "properties" : {
        "OBJECTID" : 170, 
        "Id" : 170, 
        "gridcode" : 1, 
        "Timestamp" : 1786053600000, 
        "Unixtime" : 1786053600, 
        "Shape__Area" : 3401946551.2578125, 
        "Shape__Length" : 219171.64748314419
      }
    }, 
    {
      "type" : "Feature", 
      "id" : 171, 
      "geometry" : 
      {
        "type" : "Polygon", 
        "coordinates" : 
        [
          [
            [-90.0246359282054, 31.8944573633168], 
            [-90.1598579910534, 31.9117603194832], 
            [-90.2324872394944, 32.0385647279799], 
            [-90.2451137210214, 32.1624733194882], 
            [-90.2081246052663, 32.3292885658147], 
            [-90.114469207388, 32.4811211068537], 
            [-89.9789233886034, 32.5786705691915], 
            [-89.7887707351812, 32.5980599525049], 
            [-89.711824740919, 32.5341451346903], 
            [-89.6543220892929, 32.4337448214664], 
            [-89.6827676456103, 32.1984192216698], 
            [-89.813574037212, 32.0279437346157], 
            [-89.932752194758, 31.9421753910815], 
            [-90.0144196297621, 31.9067510956866], 
            [-90.0246359282054, 31.8944573633168]
          ]
        ]
      }, 
      "properties" : {
        "OBJECTID" : 171, 
        "Id" : 171, 
        "gridcode" : 1, 
        "Timestamp" : 1786053600000, 
        "Unixtime" : 1786053600, 
        "Shape__Area" : 4409752202.3007813, 
        "Shape__Length" : 250340.87117764459
      }
    }, 
    {
      "type" : "Feature", 
      "id" : 172, 
      "geometry" : 
      {
        "type" : "Polygon", 
        "coordinates" : 
        [
          [
            [-114.713804998102, 31.7819341889117], 
            [-114.7473407172, 31.8384206066258], 
            [-114.834700860756, 31.9672934558284], 
            [-114.947089136854, 32.2270446423964], 
            [-114.994762198517, 32.5065899071985], 
            [-114.999474646038, 32.7373289645602], 
            [-114.959050120067, 32.9444068588895], 
            [-114.831328403083, 33.2076654014372], 
            [-114.56815979274, 33.5735905487649], 
            [-114.564229755399, 33.7662433174752], 
            [-114.671662767023, 33.9876923781009], 
            [-114.812811362155, 34.165722170342], 
            [-114.968717832062, 34.246040622277], 
            [-115.217803059164, 34.2511217918373], 
            [-115.287941185537, 34.0890279862526], 
            [-115.373214901946, 33.872830966376], 
            [-115.574546128401, 33.4972740799349], 
            [-115.79528472461, 33.1994995572588], 
            [-115.901818414188, 33.0886131489777], 
            [-116.058813063772, 32.9694889507546], 
            [-116.235358974637, 32.9090635024787], 
            [-116.356803423739, 32.9679870829376], 
            [-116.637562773303, 33.3097474468872], 
            [-116.641807573361, 33.517769629365], 
            [-116.594620145603, 33.615031308648], 
            [-116.545688033076, 33.6402393055995], 
            [-116.199970652124, 33.6331886207583], 
            [-116.055809328138, 33.7031288962816], 
            [-115.918842580521, 33.8727949934942], 
            [-115.912736183828, 34.1720983636487], 
            [-116.026590354861, 34.2905930364396], 
            [-116.182298973918, 34.2937676432622], 
            [-116.275351826026, 34.2486306697697], 
            [-116.497079676486, 34.0891538913391], 
            [-116.593064318463, 34.0871933692786], 
            [-116.739357035699, 34.0901791184716], 
            [-117.041673134707, 34.0840097692355], 
            [-117.06591885707, 34.1786004620417], 
            [-117.096100104936, 34.425590268776], 
            [-117.420719390687, 34.3591033899096], 
            [-117.567452775725, 34.4890824052289], 
            [-117.648868400556, 34.7399662764226], 
            [-117.943998916417, 34.5017268731967], 
            [-118.097441243918, 34.4492064657059], 
            [-118.187157611235, 34.4473718487319], 
            [-118.321588270682, 34.5125906835133], 
            [-118.477054072787, 34.661959082146], 
            [-118.524007676813, 34.7530963782953], 
            [-118.533648409147, 35.2255012558783], 
            [-118.453977469085, 35.3897174614917], 
            [-118.306920328111, 35.5835303556415], 
            [-118.169162177093, 35.8674643120285], 
            [-118.038814439735, 36.1204885696918], 
            [-118.168262855047, 36.4196750279802], 
            [-118.146211478477, 36.6322208003497], 
            [-118.097144467643, 36.8017519992554], 
            [-118.123701447664, 36.8793365121704], 
            [-118.14881051919, 37.1616606820949], 
            [-118.299779711065, 37.2394340526395], 
            [-118.419290617768, 37.1649342143426], 
            [-118.475309388018, 36.9923183408189], 
            [-118.561788195968, 37.0279674667253], 
            [-118.77340766663, 37.1714093330743], 
            [-118.910967966798, 37.1948726452565], 
            [-119.121553217107, 37.2291458084324], 
            [-119.308935958628, 37.3680550916692], 
            [-119.368552017062, 37.4253329127838], 
            [-119.583579918279, 37.6697686449071], 
            [-119.763471307155, 37.9124506990406], 
            [-119.789155944791, 37.9371191027645], 
            [-119.849077772721, 37.9994870866598], 
            [-119.937022475607, 38.0591031450941], 
            [-120.083459084369, 38.1185033662375], 
            [-120.167087041434, 38.1167946543499], 
            [-120.284286690478, 38.1396734072021], 
            [-120.327535087674, 38.1846844756082], 
            [-120.374623590007, 38.1624802142905], 
            [-120.329360711428, 38.1189979933628], 
            [-120.419104058406, 38.1171633763888], 
            [-120.4611653505, 38.1180177323326], 
            [-120.564623358681, 38.0186246598003], 
            [-120.697848926587, 37.7941808567612], 
            [-121.116249515303, 37.3449335218646], 
            [-121.118704664489, 37.2243973880291], 
            [-120.985398157599, 37.0592548807082], 
            [-120.852208562575, 36.8348920166533], 
            [-120.783095663334, 36.833480081041], 
            [-120.449321279154, 36.9018375497632], 
            [-120.270625988598, 36.8023635382468], 
            [-120.171808482176, 36.6565744413575], 
            [-120.166880197363, 36.4154212347023], 
            [-120.396099400467, 36.1496535836461], 
            [-120.398248780157, 36.0444508906961], 
            [-120.09889145068, 35.7568297139202], 
            [-120.036271656612, 35.6644513533474], 
            [-119.990145428868, 35.5941063829033], 
            [-119.884304217266, 35.4924110459331], 
            [-119.80787083657, 35.3663620679552], 
            [-119.766645913978, 35.2814031142624], 
            [-119.743695215362, 35.2368417068794], 
            [-119.721634845572, 35.1913809774503], 
            [-119.633150549458, 35.0608443824623], 
            [-119.564244494288, 34.8595131560074], 
            [-119.740430676335, 34.5689691825818], 
            [-119.789155944791, 34.4266244891289], 
            [-119.800181633076, 34.3926391090077], 
            [-119.856443220278, 34.3724493290733], 
            [-120.063925809528, 34.4468952080475], 
            [-120.484736581328, 34.4218131161824], 
            [-120.537805575267, 34.5052612088378], 
            [-120.687272899325, 34.5514144162424], 
            [-120.639267088505, 34.6852155502575], 
            [-120.667361909225, 34.7635375072502], 
            [-120.662334698987, 34.8478489490698], 
            [-120.696904638438, 34.9114490041683], 
            [-120.659834583699, 35.0849372200767], 
            [-120.677919950046, 35.1353352275388], 
            [-120.491058815312, 35.2105994895749], 
            [-120.443053004493, 35.2901804974321], 
            [-120.50623937145, 35.3470536236259], 
            [-120.662874292215, 35.3702021730919], 
            [-120.840094694614, 35.306826948505], 
            [-120.902984285296, 35.2253573643509], 
            [-120.922040919453, 35.2400702730248], 
            [-120.896239369951, 35.4146196889476], 
            [-121.018376297028, 35.4403942587881], 
            [-121.111330223711, 35.512142171624], 
            [-121.186117845062, 35.6090441220886], 
            [-121.315890016311, 35.6451788818999], 
            [-121.330593931764, 35.6979870724455], 
            [-121.199247946935, 35.7236357371996], 
            [-120.875267179836, 35.9073132718901], 
            [-120.666894261761, 36.1075203457874], 
            [-120.688945638331, 36.2046021606612], 
            [-120.711905330167, 36.2491635680443], 
            [-120.749595917118, 36.3268649928252], 
            [-120.862352915255, 36.5168108021768], 
            [-121.000956428996, 36.5642500401074], 
            [-121.331205470756, 36.4617273268547], 
            [-121.508362920612, 36.2915216364145], 
            [-121.63420505452, 36.1141303628261], 
            [-121.645680403827, 36.1030956813207], 
            [-121.893542552946, 36.2625634665308], 
            [-121.927438000863, 36.2939677923798], 
            [-121.949084682512, 36.3848532783562], 
            [-122.004806676487, 36.5974979761507], 
            [-121.949912058794, 36.6567453125462], 
            [-121.860285623683, 36.6531929904642], 
            [-121.826093399491, 36.8165908130157], 
            [-121.898569763184, 36.9288172111455], 
            [-122.09797644046, 36.9209121703604], 
            [-122.191092245111, 36.9648620387522], 
            [-122.255061022248, 37.024136354809], 
            [-122.309209202643, 37.082574301363], 
            [-122.33570323012, 37.0815220945691], 
            [-122.399204359793, 37.1500594277005], 
            [-122.443154228185, 37.1907807299468], 
            [-122.445537431607, 37.2509094019474], 
            [-122.4410947807, 37.3631447932976], 
            [-122.489226496605, 37.4651458997636], 
            [-122.538635249817, 37.5109213919088], 
            [-122.531170876834, 37.6994282859867], 
            [-122.568843477345, 37.8184175859029], 
            [-122.667031458335, 37.8703804137252], 
            [-122.732349218542, 37.8677903662325], 
            [-122.794348480398, 37.9252300653153], 
            [-122.846751976023, 37.981788428793], 
            [-122.894766780063, 37.9836949915307], 
            [-123.067796341728, 37.9768331643191], 
            [-122.985220591457, 38.1328925189746], 
            [-123.02938629714, 38.2753990903958], 
            [-123.090144494573, 38.2729889073123], 
            [-123.128509573058, 38.3941545665801], 
            [-123.164410509138, 38.4329063535454], 
            [-123.349014345536, 38.5414365380659], 
            [-123.48982119829, 38.6934039774117], 
            [-123.771560808884, 38.9149519634624], 
            [-123.77382710044, 38.972229784577], 
            [-123.727925703209, 39.0147587241359], 
            [-123.749572384858, 39.1080903660776], 
            [-123.810987087384, 39.1973480791506], 
            [-123.862104552483, 39.392402037724], 
            [-123.840448877614, 39.4681879065467], 
            [-123.808028317853, 39.560710158647], 
            [-123.83959452167, 39.6932522417976], 
            [-123.862958908427, 39.7148989234466], 
            [-123.884605590076, 39.8057754162025], 
            [-123.924184753324, 39.8424497692415], 
            [-124.053831019486, 39.9966475272616], 
            [-124.042805331201, 40.00813186979], 
            [-123.581803857162, 40.2317842694286], 
            [-123.387901030808, 40.2552475816107], 
            [-123.246707469574, 40.1595417294673], 
            [-122.894991610574, 39.8501389727355], 
            [-122.771280869916, 39.7520589103905], 
            [-122.628945169684, 39.7155464353198], 
            [-122.191577879016, 39.8358487454233], 
            [-121.836777345398, 40.1644070617366], 
            [-121.708614960612, 40.2327375507974], 
            [-121.612144684729, 40.1603780989702], 
            [-121.700035428292, 39.9035946751542], 
            [-121.724227191332, 39.5575535382653], 
            [-121.924344333025, 39.4440950689324], 
            [-122.15886054298, 39.0738531757835], 
            [-122.103354386296, 38.9660964082228], 
            [-121.943886601086, 38.9031978243202], 
            [-121.713615191188, 38.8582497084574], 
            [-121.61000429826, 38.8603631152656], 
            [-121.430319753454, 38.9967093306711], 
            [-121.325611687629, 38.9945689442015], 
            [-121.228484906653, 38.846432616772], 
            [-120.91944187874, 38.6964976452502], 
            [-120.578472918191, 38.4102704176457], 
            [-120.542886744827, 38.3987231225742], 
            [-120.542886744827, 38.3762130917609], 
            [-120.520376714014, 38.3762130917609], 
            [-120.520376714014, 38.3987231225742], 
            [-120.435102997605, 38.415369573647], 
            [-120.359146257594, 38.494419981497], 
            [-120.329297758884, 38.9460864926976], 
            [-120.44182992651, 39.1974559977962], 
            [-120.517858612285, 39.4020697497193], 
            [-120.721177340462, 39.552787131421], 
            [-120.76992958858, 39.65328637007], 
            [-120.614229962743, 40.2608413647373], 
            [-120.50253416462, 40.5871693623762], 
            [-120.53201394129, 40.6154890136072], 
            [-120.508901364706, 40.6603561904858], 
            [-120.486840994916, 40.705816919915], 
            [-120.438178679003, 40.8002907008552], 
            [-120.175495702565, 40.9277246347842], 
            [-119.799687005951, 40.9801910829522], 
            [-119.386052824079, 41.0507428974668], 
            [-118.92662516362, 41.1576363158634], 
            [-118.790512771947, 41.154857410741], 
            [-118.629866874856, 41.1219512170751], 
            [-118.629866874856, 41.076940148669], 
            [-118.58485580645, 41.076940148669], 
            [-118.58485580645, 40.9419069434508], 
            [-118.539844738044, 40.9419069434508], 
            [-118.539844738044, 40.7168426081999], 
            [-118.494833669638, 40.7168426081999], 
            [-118.494833669638, 40.3567450677308], 
            [-118.539844738044, 40.3567450677308], 
            [-118.539844738044, 40.0866786572943], 
            [-118.58485580645, 40.0866786572943], 
            [-118.58485580645, 39.8391042912301], 
            [-118.629866874856, 39.8391042912301], 
            [-118.629866874856, 39.5690378807936], 
            [-118.58485580645, 39.5690378807936], 
            [-118.58485580645, 39.2989624771367], 
            [-118.539844738044, 39.2989624771367], 
            [-118.539844738044, 39.1639292719184], 
            [-118.494833669638, 39.1639292719184], 
            [-118.494833669638, 39.0738981418858], 
            [-118.449813608012, 39.0738981418858], 
            [-118.449813608012, 38.9838760050737], 
            [-118.404802539605, 38.9838760050737], 
            [-118.404802539605, 38.8938538682615], 
            [-118.359791471199, 38.8938538682615], 
            [-118.359791471199, 38.8038317314493], 
            [-118.314780402793, 38.8038317314493], 
            [-118.314780402793, 38.7588206630432], 
            [-118.269769334387, 38.7588206630432], 
            [-118.269769334387, 38.6687895330106], 
            [-118.224758265981, 38.6687895330106], 
            [-118.224758265981, 38.6237784646045], 
            [-118.179747197575, 38.6237784646045], 
            [-118.179747197575, 38.5337563277924], 
            [-118.134736129169, 38.5337563277924], 
            [-118.134736129169, 38.4887452593863], 
            [-118.089716067542, 38.4887452593863], 
            [-118.089716067542, 38.4437341909802], 
            [-118.044704999136, 38.4437341909802], 
            [-118.044704999136, 38.3987231225742], 
            [-117.99969393073, 38.3987231225742], 
            [-117.99969393073, 38.3537030609476], 
            [-117.954682862324, 38.3537030609476], 
            [-117.954682862324, 38.3086919925415], 
            [-117.909671793918, 38.3086919925415], 
            [-117.909671793918, 38.2186698557293], 
            [-117.864660725512, 38.2186698557293], 
            [-117.864660725512, 38.1736587873232], 
            [-117.819649657106, 38.1736587873232], 
            [-117.819649657106, 38.1286477189172], 
            [-117.7746385887, 38.1286477189172], 
            [-117.7746385887, 38.0836366505111], 
            [-117.729618527073, 38.0836366505111], 
            [-117.729618527073, 38.038625582105], 
            [-117.684607458667, 38.038625582105], 
            [-117.684607458667, 37.9936055204785], 
            [-117.639596390261, 37.9936055204785], 
            [-117.639596390261, 37.9485944520724], 
            [-117.594585321855, 37.9485944520724], 
            [-117.594585321855, 37.9035833836663], 
            [-117.549574253449, 37.9035833836663], 
            [-117.549574253449, 37.8135612468541], 
            [-117.504563185043, 37.8135612468541], 
            [-117.504563185043, 37.768550178448], 
            [-117.459552116637, 37.768550178448], 
            [-117.459552116637, 37.723539110042], 
            [-117.414541048231, 37.723539110042], 
            [-117.414541048231, 37.6335169732298], 
            [-117.369529979825, 37.6335169732298], 
            [-117.369529979825, 37.5884969116033], 
            [-117.324509918198, 37.5884969116033], 
            [-117.324509918198, 37.4984747747911], 
            [-117.279498849792, 37.4984747747911], 
            [-117.279498849792, 37.453463706385], 
            [-117.234487781386, 37.453463706385], 
            [-117.234487781386, 37.3634415695728], 
            [-117.18947671298, 37.3634415695728], 
            [-117.18947671298, 37.3184305011668], 
            [-117.144465644574, 37.3184305011668], 
            [-117.144465644574, 37.2283993711342], 
            [-117.099454576168, 37.2283993711342], 
            [-117.099454576168, 37.1833883027281], 
            [-117.054443507762, 37.1833883027281], 
            [-117.054443507762, 37.0933661659159], 
            [-117.009432439356, 37.0933661659159], 
            [-117.009432439356, 37.0483550975099], 
            [-116.964412377729, 37.0483550975099], 
            [-116.964412377729, 37.0033440291037], 
            [-116.919401309323, 37.0033440291037], 
            [-116.919401309323, 36.9133218922916], 
            [-116.874390240917, 36.9133218922916], 
            [-116.874390240917, 36.868301830665], 
            [-116.829379172511, 36.868301830665], 
            [-116.829379172511, 36.823290762259], 
            [-116.784368104105, 36.823290762259], 
            [-116.784368104105, 36.7782796938529], 
            [-116.739357035699, 36.7782796938529], 
            [-116.739357035699, 36.7332686254468], 
            [-116.694345967293, 36.7332686254468], 
            [-116.694345967293, 36.6882575570407], 
            [-116.469281632042, 36.6882575570407], 
            [-116.469281632042, 36.7332686254468], 
            [-116.424270563636, 36.7332686254468], 
            [-116.424270563636, 36.7782796938529], 
            [-116.334248426823, 36.7782796938529], 
            [-116.334248426823, 36.823290762259], 
            [-116.289237358417, 36.823290762259], 
            [-116.289237358417, 36.868301830665], 
            [-116.244217296791, 36.868301830665], 
            [-116.244217296791, 36.9133218922916], 
            [-116.154195159979, 36.9133218922916], 
            [-116.154195159979, 36.9583329606976], 
            [-116.109184091573, 36.9583329606976], 
            [-116.109184091573, 37.0033440291037], 
            [-116.01916195476, 37.0033440291037], 
            [-116.01916195476, 37.0483550975099], 
            [-115.974150886354, 37.0483550975099], 
            [-115.974150886354, 37.0933661659159], 
            [-115.884119756322, 37.0933661659159], 
            [-115.884119756322, 37.138377234322], 
            [-115.79409761951, 37.138377234322], 
            [-115.79409761951, 37.1833883027281], 
            [-115.704075482697, 37.1833883027281], 
            [-115.704075482697, 37.2283993711342], 
            [-115.614053345885, 37.2283993711342], 
            [-115.614053345885, 37.2734194327607], 
            [-115.479011147446, 37.2734194327607], 
            [-115.479011147446, 37.3184305011668], 
            [-115.343977942228, 37.3184305011668], 
            [-115.343977942228, 37.3634415695728], 
            [-115.163933668604, 37.3634415695728], 
            [-115.163933668604, 37.4084526379789], 
            [-115.028891470165, 37.4084526379789], 
            [-115.028891470165, 37.453463706385], 
            [-114.938869333353, 37.453463706385], 
            [-114.938869333353, 37.4984747747911], 
            [-114.848847196541, 37.4984747747911], 
            [-114.848847196541, 37.5434858431972], 
            [-114.758816066508, 37.5434858431972], 
            [-114.758816066508, 37.5884969116033], 
            [-114.668793929696, 37.5884969116033], 
            [-114.668793929696, 37.6335169732298], 
            [-114.62378286129, 37.6335169732298], 
            [-114.62378286129, 37.6785280416359], 
            [-114.533760724478, 37.6785280416359], 
            [-114.533760724478, 37.723539110042], 
            [-114.443738587666, 37.723539110042], 
            [-114.443738587666, 37.768550178448], 
            [-114.398718526039, 37.768550178448], 
            [-114.398718526039, 37.8135612468541], 
            [-114.353707457633, 37.8135612468541], 
            [-114.353707457633, 37.8585723152602], 
            [-114.263685320821, 37.8585723152602], 
            [-114.263685320821, 37.9035833836663], 
            [-114.218674252415, 37.9035833836663], 
            [-114.218674252415, 37.9485944520724], 
            [-114.173663184009, 37.9485944520724], 
            [-114.173663184009, 37.9936055204785], 
            [-114.128652115603, 37.9936055204785], 
            [-114.128652115603, 38.038625582105], 
            [-114.083641047197, 38.038625582105], 
            [-114.083641047197, 38.0836366505111], 
            [-114.03862098557, 38.0836366505111], 
            [-114.03862098557, 38.1286477189172], 
            [-113.993609917164, 38.1286477189172], 
            [-113.993609917164, 38.1736587873232], 
            [-113.948598848758, 38.1736587873232], 
            [-113.948598848758, 38.2186698557293], 
            [-113.903587780352, 38.2186698557293], 
            [-113.903587780352, 38.2636809241354], 
            [-113.81356564354, 38.2636809241354], 
            [-113.81356564354, 38.3086919925415], 
            [-113.768554575133, 38.3086919925415], 
            [-113.768554575133, 38.3537030609476], 
            [-113.723543506727, 38.3537030609476], 
            [-113.723543506727, 38.3987231225742], 
            [-113.678532438321, 38.3987231225742], 
            [-113.678532438321, 38.4437341909802], 
            [-113.633512376695, 38.4437341909802], 
            [-113.633512376695, 38.4887452593863], 
            [-113.543490239883, 38.4887452593863], 
            [-113.543490239883, 38.5337563277924], 
            [-113.498479171476, 38.5337563277924], 
            [-113.498479171476, 38.5787673961984], 
            [-113.408457034664, 38.5787673961984], 
            [-113.408457034664, 38.6237784646045], 
            [-113.273414836226, 38.6237784646045], 
            [-113.273414836226, 38.6687895330106], 
            [-113.138381631007, 38.6687895330106], 
            [-113.138381631007, 38.7138006014167], 
            [-112.845805189758, 38.7138006014167], 
            [-112.824563203029, 38.6900315197389], 
            [-112.671417651803, 38.6427451665563], 
            [-112.407565556705, 38.4993662527505], 
            [-112.373175481663, 38.4887452593863], 
            [-112.358057878069, 38.4588517945747], 
            [-112.328164413257, 38.4437341909802], 
            [-112.305654382444, 38.4437341909802], 
            [-112.305654382444, 38.421224160167], 
            [-112.283153344851, 38.421224160167], 
            [-112.283153344851, 38.3537030609476], 
            [-112.238142276445, 38.3537030609476], 
            [-112.238142276445, 38.2636809241354], 
            [-112.193122214818, 38.2636809241354], 
            [-112.193122214818, 38.1286477189172], 
            [-112.148111146412, 38.1286477189172], 
            [-112.148111146412, 37.8585723152602], 
            [-112.103100078006, 37.8585723152602], 
            [-112.103100078006, 37.6335169732298], 
            [-112.148111146412, 37.6335169732298], 
            [-112.148111146412, 37.3184305011668], 
            [-112.193122214818, 37.3184305011668], 
            [-112.193122214818, 37.0933661659159], 
            [-112.238142276445, 37.0933661659159], 
            [-112.238142276445, 36.9583329606976], 
            [-112.283153344851, 36.9583329606976], 
            [-112.283153344851, 36.7782796938529], 
            [-112.328164413257, 36.7782796938529], 
            [-112.328164413257, 36.6432464886346], 
            [-112.373175481663, 36.6432464886346], 
            [-112.373175481663, 36.3731710849777], 
            [-112.440417791048, 36.3336368878322], 
            [-112.677434116291, 36.1597889431053], 
            [-112.789111927973, 36.0689124503494], 
            [-112.992295757843, 35.9091299024232], 
            [-113.114999257809, 35.7954376093582], 
            [-113.238431208633, 35.5938455795099], 
            [-113.249726693532, 35.3090033078565], 
            [-113.195074892792, 35.1686641025664], 
            [-112.977528889846, 34.7816948193605], 
            [-112.885429319108, 34.5189039242767], 
            [-112.829959135306, 34.2003460691159], 
            [-112.856624033972, 34.088371481159], 
            [-112.880024393611, 33.9990957816451], 
            [-112.877524278323, 33.9360802858766], 
            [-113.039132450003, 33.6489807158874], 
            [-113.170424475509, 33.4456619877106], 
            [-113.327185301361, 33.2178547202192], 
            [-113.262595992011, 32.971332560949], 
            [-113.28424267366, 32.7830235177212], 
            [-113.337059857426, 32.6544294583529], 
            [-113.306752704474, 32.6263346376335], 
            [-113.295924867039, 32.5471403382561], 
            [-113.408457034664, 32.5471403382561], 
            [-113.408457034664, 32.50212926985], 
            [-113.498479171476, 32.50212926985], 
            [-113.498479171476, 32.4571092082235], 
            [-113.588501308289, 32.4571092082235], 
            [-113.588501308289, 32.4120981398174], 
            [-113.633512376695, 32.4120981398174], 
            [-113.633512376695, 32.3670870714113], 
            [-113.678532438321, 32.3670870714113], 
            [-113.678532438321, 32.3220760030052], 
            [-113.723543506727, 32.3220760030052], 
            [-113.723543506727, 32.2770649345991], 
            [-113.768554575133, 32.2770649345991], 
            [-113.768554575133, 32.232053866193], 
            [-113.81356564354, 32.232053866193], 
            [-113.81356564354, 32.1870427977869], 
            [-113.858576711946, 32.1870427977869], 
            [-113.858576711946, 32.1420317293809], 
            [-113.903587780352, 32.1420317293809], 
            [-113.903587780352, 32.0970206609748], 
            [-113.948598848758, 32.0970206609748], 
            [-113.948598848758, 32.0520005993483], 
            [-114.03862098557, 32.0520005993483], 
            [-114.03862098557, 32.0069895309422], 
            [-114.083641047197, 32.0069895309422], 
            [-114.083641047197, 31.9619784625361], 
            [-114.173663184009, 31.9619784625361], 
            [-114.173663184009, 31.91696739413], 
            [-114.263685320821, 31.91696739413], 
            [-114.263685320821, 31.8719563257239], 
            [-114.353707457633, 31.8719563257239], 
            [-114.353707457633, 31.8269452573179], 
            [-114.533760724478, 31.8269452573179], 
            [-114.533760724478, 31.7819341889117], 
            [-114.713804998102, 31.7819341889117]
          ], 
          [
            [-119.980234899921, 39.32147250795], 
            [-119.970225445548, 39.3339640911699], 
            [-119.932732709447, 39.3639924542884], 
            [-119.898423573389, 39.406827163343], 
            [-119.76180756137, 39.4643927675123], 
            [-119.771124537767, 39.5393332736118], 
            [-119.880194315515, 39.6690694719786], 
            [-119.945224292667, 39.7840927616717], 
            [-120.002034466318, 39.8491137456029], 
            [-120.139666712249, 39.7485785340722], 
            [-120.236730540682, 39.5887690064845], 
            [-120.177851926325, 39.4886025169927], 
            [-120.112776983071, 39.4364868044225], 
            [-120.070221063851, 39.3833458647199], 
            [-119.980234899921, 39.32147250795]
          ], 
          [
            [-121.533148236202, 38.5562663586056], 
            [-121.524568703883, 38.5701878638789], 
            [-121.464673855614, 38.6070870474294], 
            [-121.486221611838, 38.6762449127726], 
            [-121.556989263644, 38.7198530387868], 
            [-121.631758898554, 38.6424483902811], 
            [-121.608322566034, 38.5672021146859], 
            [-121.533148236202, 38.5562663586056]
          ], 
          [
            [-120.5126785173, 38.3500248337791], 
            [-120.492758533979, 38.3680922136848], 
            [-120.520376714014, 38.3762130917609], 
            [-120.5126785173, 38.3500248337791]
          ], 
          [
            [-122.365875484766, 37.8810823460735], 
            [-122.355866030393, 37.8935739292935], 
            [-122.285862802326, 37.9361028688524], 
            [-122.220832825175, 37.9900801780578], 
            [-122.290836053241, 38.0461439144102], 
            [-122.360389620285, 38.1329914443997], 
            [-122.413917268467, 38.1611582108828], 
            [-122.452489191023, 37.8961549835657], 
            [-122.365875484766, 37.8810823460735]
          ], 
          [
            [-121.758212571453, 37.0708561351026], 
            [-121.688434173898, 37.1518490785722], 
            [-121.49855131709, 37.261323551241], 
            [-121.382331929075, 37.3338628674774], 
            [-121.312184809481, 37.5668772096156], 
            [-121.321744602831, 37.685947448516], 
            [-121.397737315724, 37.7931196567469], 
            [-121.518840022449, 37.8295781724947], 
            [-121.608097735522, 37.8224105757875], 
            [-121.728741788003, 37.7368670627648], 
            [-121.954435648686, 37.6361609800452], 
            [-122.159508054853, 37.4907495984153], 
            [-122.313471989141, 37.370177491698], 
            [-122.353788596467, 37.2415474594478], 
            [-122.102724860864, 37.2086952251046], 
            [-121.973690133693, 37.1367044953163], 
            [-121.854314125297, 37.0834376505272], 
            [-121.758212571453, 37.0708561351026]
          ], 
          [
            [-116.60431483726, 35.1803462959449], 
            [-116.616401725559, 35.2331814661518], 
            [-116.680217617949, 35.191102187616], 
            [-116.60431483726, 35.1803462959449]
          ], 
          [
            [-116.671835936479, 35.0453130907266], 
            [-116.700497330088, 35.0811061081604], 
            [-116.729221676239, 35.0775357996375], 
            [-116.753611290129, 35.1354071733025], 
            [-116.88439969529, 35.0718970504086], 
            [-116.671835936479, 35.0453130907266]
          ], 
          [
            [-120.407844546389, 34.7977477178829], 
            [-120.398446631007, 34.8108598333147], 
            [-120.336294484403, 34.8554032542569], 
            [-120.357527477911, 34.9628722387629], 
            [-120.479196757524, 34.9388333604713], 
            [-120.507264598582, 34.8239719487465], 
            [-120.407844546389, 34.7977477178829]
          ]
        ]
      }, 
      "properties" : {
        "OBJECTID" : 172, 
        "Id" : 172, 
        "gridcode" : 1, 
        "Timestamp" : 1786053600000, 
        "Unixtime" : 1786053600, 
        "Shape__Area" : 608973956288.62109, 
        "Shape__Length" : 9084919.7542314
      }
    }, 
    {
      "type" : "Feature", 
      "id" : 173, 
      "geometry" : 
      {
        "type" : "Polygon", 
        "coordinates" : 
        [
          [
            [-117.324509918198, 33.0647811147567], 
            [-117.224073632092, 33.225696808461], 
            [-117.338683233644, 33.3677717053], 
            [-117.49766538495, 33.3464667660285], 
            [-117.527064222636, 33.3123464876004], 
            [-117.672727414439, 33.4142576618617], 
            [-117.71900652693, 33.4354906553695], 
            [-117.83027065047, 33.5267898294871], 
            [-118.034084005772, 33.6380539530276], 
            [-118.074031891059, 33.682759251938], 
            [-118.168487685558, 33.6883890079465], 
            [-118.313485379047, 33.6797465230837], 
            [-118.443203590973, 33.7296139305386], 
            [-118.434237350174, 33.880070508847], 
            [-118.559854653569, 34.0206525310895], 
            [-118.731778049118, 33.9994105443612], 
            [-118.817843168927, 33.9685278252989], 
            [-118.854931210107, 34.0100315377254], 
            [-118.844103372672, 34.0217137311039], 
            [-118.809056792537, 34.0541882501877], 
            [-118.754935591804, 34.1125992170803], 
            [-118.619380779799, 34.2381985340352], 
            [-118.617366298416, 34.289118148284], 
            [-118.68128111623, 34.3581051424384], 
            [-118.80892189423, 34.260231924164], 
            [-119.017843398754, 34.2935068398688], 
            [-119.04665767711, 34.403457953222], 
            [-119.075750745301, 34.6163094950872], 
            [-119.237826564444, 34.7406047950753], 
            [-119.380638905361, 34.7462615307451], 
            [-119.419876326231, 34.6721034348257], 
            [-119.380935681636, 34.4276856891433], 
            [-119.350061955795, 34.2801069413823], 
            [-119.38588195289, 34.2892980126932], 
            [-119.48153384571, 34.3515850576044], 
            [-119.614381698357, 34.3927650140942], 
            [-119.735718228813, 34.3655605222004], 
            [-119.800181633076, 34.3926391090077], 
            [-119.789155944791, 34.4266244891289], 
            [-119.740430676335, 34.5689691825818], 
            [-119.564244494288, 34.8595131560074], 
            [-119.633150549458, 35.0608443824623], 
            [-119.721634845572, 35.1913809774503], 
            [-119.743695215362, 35.2368417068794], 
            [-119.766645913978, 35.2814031142624], 
            [-119.80787083657, 35.3663620679552], 
            [-119.884304217266, 35.4924110459331], 
            [-119.990145428868, 35.5941063829033], 
            [-120.036271656612, 35.6644513533474], 
            [-120.09889145068, 35.7568297139202], 
            [-120.398248780157, 36.0444508906961], 
            [-120.396099400467, 36.1496535836461], 
            [-120.166880197363, 36.4154212347023], 
            [-120.171808482176, 36.6565744413575], 
            [-120.270625988598, 36.8023635382468], 
            [-120.449321279154, 36.9018375497632], 
            [-120.783095663334, 36.833480081041], 
            [-120.852208562575, 36.8348920166533], 
            [-120.985398157599, 37.0592548807082], 
            [-121.118704664489, 37.2243973880291], 
            [-121.116249515303, 37.3449335218646], 
            [-120.697848926587, 37.7941808567612], 
            [-120.564623358681, 38.0186246598003], 
            [-120.4611653505, 38.1180177323326], 
            [-120.419104058406, 38.1171633763888], 
            [-120.329360711428, 38.1189979933628], 
            [-120.374623590007, 38.1624802142905], 
            [-120.327535087674, 38.1846844756082], 
            [-120.284286690478, 38.1396734072021], 
            [-120.167087041434, 38.1167946543499], 
            [-120.083459084369, 38.1185033662375], 
            [-119.937022475607, 38.0591031450941], 
            [-119.849077772721, 37.9994870866598], 
            [-119.789155944791, 37.9371191027645], 
            [-119.763471307155, 37.9124506990406], 
            [-119.583579918279, 37.6697686449071], 
            [-119.368552017062, 37.4253329127838], 
            [-119.308935958628, 37.3680550916692], 
            [-119.121553217107, 37.2291458084324], 
            [-118.910967966798, 37.1948726452565], 
            [-118.77340766663, 37.1714093330743], 
            [-118.561788195968, 37.0279674667253], 
            [-118.475309388018, 36.9923183408189], 
            [-118.419290617768, 37.1649342143426], 
            [-118.299779711065, 37.2394340526395], 
            [-118.14881051919, 37.1616606820949], 
            [-118.123701447664, 36.8793365121704], 
            [-118.097144467643, 36.8017519992554], 
            [-118.146211478477, 36.6322208003497], 
            [-118.168262855047, 36.4196750279802], 
            [-118.038814439735, 36.1204885696918], 
            [-118.169162177093, 35.8674643120285], 
            [-118.306920328111, 35.5835303556415], 
            [-118.453977469085, 35.3897174614917], 
            [-118.533648409147, 35.2255012558783], 
            [-118.524007676813, 34.7530963782953], 
            [-118.477054072787, 34.661959082146], 
            [-118.321588270682, 34.5125906835133], 
            [-118.187157611235, 34.4473718487319], 
            [-118.097441243918, 34.4492064657059], 
            [-117.943998916417, 34.5017268731967], 
            [-117.648868400556, 34.7399662764226], 
            [-117.567452775725, 34.4890824052289], 
            [-117.420719390687, 34.3591033899096], 
            [-117.096100104936, 34.425590268776], 
            [-117.06591885707, 34.1786004620417], 
            [-117.041673134707, 34.0840097692355], 
            [-116.739357035699, 34.0901791184716], 
            [-116.593064318463, 34.0871933692786], 
            [-116.497079676486, 34.0891538913391], 
            [-116.275351826026, 34.2486306697697], 
            [-116.182298973918, 34.2937676432622], 
            [-116.026590354861, 34.2905930364396], 
            [-115.912736183828, 34.1720983636487], 
            [-115.918842580521, 33.8727949934942], 
            [-116.055809328138, 33.7031288962816], 
            [-116.199970652124, 33.6331886207583], 
            [-116.545688033076, 33.6402393055995], 
            [-116.594620145603, 33.615031308648], 
            [-116.641807573361, 33.517769629365], 
            [-116.637562773303, 33.3097474468872], 
            [-116.356803423739, 32.9679870829376], 
            [-116.235358974637, 32.9090635024787], 
            [-116.058813063772, 32.9694889507546], 
            [-115.901818414188, 33.0886131489777], 
            [-115.79528472461, 33.1994995572588], 
            [-115.574546128401, 33.4972740799349], 
            [-115.373214901946, 33.872830966376], 
            [-115.287941185537, 34.0890279862526], 
            [-115.217803059164, 34.2511217918373], 
            [-114.968717832062, 34.246040622277], 
            [-114.812811362155, 34.165722170342], 
            [-114.671662767023, 33.9876923781009], 
            [-114.564229755399, 33.7662433174752], 
            [-114.56815979274, 33.5735905487649], 
            [-114.831328403083, 33.2076654014372], 
            [-114.959050120067, 32.9444068588895], 
            [-114.999474646038, 32.7373289645602], 
            [-114.994762198517, 32.5065899071985], 
            [-114.947089136854, 32.2270446423964], 
            [-114.834700860756, 31.9672934558284], 
            [-114.7473407172, 31.8384206066258], 
            [-114.713804998102, 31.7819341889117], 
            [-114.748608761285, 31.7717178904683], 
            [-114.769032364952, 31.7471304257286], 
            [-115.15371737016, 31.7267068220623], 
            [-115.191111180836, 31.6816957536562], 
            [-115.648848115848, 31.7021193573226], 
            [-115.686241926524, 31.7471304257286], 
            [-116.414054265192, 31.7267068220623], 
            [-116.451448075868, 31.6816957536562], 
            [-116.749222598544, 31.7035942454781], 
            [-116.78622070752, 31.7681925480477], 
            [-116.739357035699, 31.7729679481124], 
            [-116.639118600443, 31.762751649669], 
            [-116.659542204109, 31.8167289588744], 
            [-116.760949758025, 31.8887736479855], 
            [-116.794575409328, 31.9292611264998], 
            [-116.905740607443, 31.9978254392927], 
            [-116.943233343544, 32.208221831972], 
            [-117.061530165485, 32.2595281547007], 
            [-117.155167576922, 32.4791246119114], 
            [-117.180852214558, 32.6515876006873], 
            [-117.268581080153, 32.6426483395493], 
            [-117.289715148235, 32.7844894126563], 
            [-117.314770260439, 32.8282504234184], 
            [-117.28941837196, 32.895717563315], 
            [-117.314302612975, 33.0074673207603], 
            [-117.324509918198, 33.0647811147567]
          ]
        ]
      }, 
      "properties" : {
        "OBJECTID" : 173, 
        "Id" : 173, 
        "gridcode" : 2, 
        "Timestamp" : 1786053600000, 
        "Unixtime" : 1786053600, 
        "Shape__Area" : 186538897512.86719, 
        "Shape__Length" : 3691112.9697603467
      }
    }, 
    {
      "type" : "Feature", 
      "id" : 174, 
      "geometry" : 
      {
        "type" : "Polygon", 
        "coordinates" : 
        [
          [
            [-102.245442273342, 30.8816858411287], 
            [-102.695561950623, 30.8816858411287], 
            [-102.695561950623, 30.9266969095348], 
            [-102.785584087436, 30.9266969095348], 
            [-102.785584087436, 30.9717079779409], 
            [-102.875606224248, 30.9717079779409], 
            [-102.875606224248, 31.0167280395674], 
            [-102.920617292654, 31.0167280395674], 
            [-102.920617292654, 31.0617391079736], 
            [-102.96562836106, 31.0617391079736], 
            [-102.96562836106, 31.1067501763796], 
            [-103.010648422687, 31.1067501763796], 
            [-103.010648422687, 31.1517612447857], 
            [-103.055659491093, 31.1517612447857], 
            [-103.055659491093, 31.1967723131918], 
            [-103.100670559499, 31.1967723131918], 
            [-103.100670559499, 31.2417833815979], 
            [-103.145681627905, 31.2417833815979], 
            [-103.145681627905, 31.2867944500039], 
            [-103.190692696311, 31.2867944500039], 
            [-103.190692696311, 31.33180551841], 
            [-103.235703764717, 31.33180551841], 
            [-103.235703764717, 31.3768255800365], 
            [-103.280714833123, 31.3768255800365], 
            [-103.280714833123, 31.4668477168487], 
            [-103.325725901529, 31.4668477168487], 
            [-103.325725901529, 31.5118587852548], 
            [-103.370745963156, 31.5118587852548], 
            [-103.370745963156, 31.5568698536609], 
            [-103.415757031562, 31.5568698536609], 
            [-103.415757031562, 31.601880922067], 
            [-103.460768099968, 31.601880922067], 
            [-103.460768099968, 31.6468919904731], 
            [-103.505779168374, 31.6468919904731], 
            [-103.505779168374, 31.7369231205057], 
            [-103.55079023678, 31.7369231205057], 
            [-103.55079023678, 31.7819341889117], 
            [-103.595801305186, 31.7819341889117], 
            [-103.595801305186, 31.8269452573179], 
            [-103.640812373592, 31.8269452573179], 
            [-103.640812373592, 31.8719563257239], 
            [-103.685823441998, 31.8719563257239], 
            [-103.685823441998, 31.91696739413], 
            [-103.730843503625, 31.91696739413], 
            [-103.730843503625, 32.0069895309422], 
            [-103.775854572031, 32.0069895309422], 
            [-103.775854572031, 32.0520005993483], 
            [-103.820865640437, 32.0520005993483], 
            [-103.820865640437, 32.0970206609748], 
            [-103.865876708843, 32.0970206609748], 
            [-103.865876708843, 32.1870427977869], 
            [-103.910887777249, 32.1870427977869], 
            [-103.910887777249, 32.2770649345991], 
            [-103.955898845655, 32.2770649345991], 
            [-103.955898845655, 32.3670870714113], 
            [-104.000909914061, 32.3670870714113], 
            [-104.000909914061, 32.5921514066622], 
            [-104.045920982467, 32.5921514066622], 
            [-104.045920982467, 32.8172067486926], 
            [-104.000909914061, 32.8172067486926], 
            [-104.000909914061, 32.9972600155374], 
            [-103.955898845655, 32.9972600155374], 
            [-103.955898845655, 33.1322932207556], 
            [-103.910887777249, 33.1322932207556], 
            [-103.910887777249, 33.1773042891617], 
            [-103.865876708843, 33.1773042891617], 
            [-103.865876708843, 33.2673354191943], 
            [-103.820865640437, 33.2673354191943], 
            [-103.820865640437, 33.3123464876004], 
            [-103.775854572031, 33.3123464876004], 
            [-103.775854572031, 33.3573575560065], 
            [-103.730843503625, 33.3573575560065], 
            [-103.730843503625, 33.4023686244126], 
            [-103.685823441998, 33.4023686244126], 
            [-103.685823441998, 33.4473796928186], 
            [-103.640812373592, 33.4473796928186], 
            [-103.640812373592, 33.4923907612247], 
            [-103.595801305186, 33.4923907612247], 
            [-103.595801305186, 33.5374018296308], 
            [-103.55079023678, 33.5374018296308], 
            [-103.55079023678, 33.5824218912574], 
            [-103.460768099968, 33.5824218912574], 
            [-103.460768099968, 33.6274329596634], 
            [-103.415757031562, 33.6274329596634], 
            [-103.415757031562, 33.6724440280695], 
            [-103.325725901529, 33.6724440280695], 
            [-103.325725901529, 33.7174550964756], 
            [-103.235703764717, 33.7174550964756], 
            [-103.235703764717, 33.7624661648817], 
            [-103.145681627905, 33.7624661648817], 
            [-103.145681627905, 33.8074772332878], 
            [-103.100670559499, 33.8074772332878], 
            [-103.100670559499, 33.8524883016938], 
            [-103.055659491093, 33.8524883016938], 
            [-103.055659491093, 33.8974993700999], 
            [-102.96562836106, 33.8974993700999], 
            [-102.96562836106, 33.9425194317265], 
            [-102.920617292654, 33.9425194317265], 
            [-102.920617292654, 33.9875305001325], 
            [-102.875606224248, 33.9875305001325], 
            [-102.875606224248, 34.0775526369447], 
            [-102.830595155842, 34.0775526369447], 
            [-102.830595155842, 34.1225637053508], 
            [-102.785584087436, 34.1225637053508], 
            [-102.785584087436, 34.212585842163], 
            [-102.74057301903, 34.212585842163], 
            [-102.74057301903, 34.3476280406016], 
            [-102.695561950623, 34.3476280406016], 
            [-102.695561950623, 35.3829006003825], 
            [-102.650550882217, 35.3829006003825], 
            [-102.650550882217, 35.5179427988212], 
            [-102.605530820591, 35.5179427988212], 
            [-102.605530820591, 35.6079649356333], 
            [-102.560519752185, 35.6079649356333], 
            [-102.560519752185, 35.6979870724455], 
            [-102.515508683779, 35.6979870724455], 
            [-102.515508683779, 35.7429981408516], 
            [-102.470497615373, 35.7429981408516], 
            [-102.470497615373, 35.7880182024782], 
            [-102.425486546967, 35.7880182024782], 
            [-102.425486546967, 35.8780403392903], 
            [-102.335464410154, 35.8780403392903], 
            [-102.335464410154, 35.9230514076964], 
            [-102.290453341748, 35.9230514076964], 
            [-102.290453341748, 35.9680624761025], 
            [-102.245442273342, 35.9680624761025], 
            [-102.245442273342, 36.0130735445085], 
            [-102.15541114331, 36.0130735445085], 
            [-102.15541114331, 36.0580846129146], 
            [-102.020377938091, 36.0580846129146], 
            [-102.020377938091, 36.1030956813207], 
            [-101.885344732873, 36.1030956813207], 
            [-101.885344732873, 36.1481067497268], 
            [-101.57025826081, 36.1481067497268], 
            [-101.57025826081, 36.1030956813207], 
            [-101.390204993965, 36.1030956813207], 
            [-101.390204993965, 36.0580846129146], 
            [-101.300182857153, 36.0580846129146], 
            [-101.300182857153, 36.0130735445085], 
            [-101.210160720341, 36.0130735445085], 
            [-101.210160720341, 35.9680624761025], 
            [-101.120129590308, 35.9680624761025], 
            [-101.120129590308, 35.9230514076964], 
            [-101.075118521902, 35.9230514076964], 
            [-101.075118521902, 35.8780403392903], 
            [-101.030107453496, 35.8780403392903], 
            [-101.030107453496, 35.8330292708842], 
            [-100.98509638509, 35.8330292708842], 
            [-100.98509638509, 35.7429981408516], 
            [-100.940085316684, 35.7429981408516], 
            [-100.940085316684, 35.6979870724455], 
            [-100.895074248278, 35.6979870724455], 
            [-100.895074248278, 35.6079649356333], 
            [-100.850063179872, 35.6079649356333], 
            [-100.850063179872, 35.427920662009], 
            [-100.805052111466, 35.427920662009], 
            [-100.805052111466, 34.9327809231012], 
            [-100.850063179872, 34.9327809231012], 
            [-100.850063179872, 34.7077255810708], 
            [-100.895074248278, 34.7077255810708], 
            [-100.895074248278, 34.3926391090077], 
            [-100.940085316684, 34.3926391090077], 
            [-100.940085316684, 34.3026079789751], 
            [-100.895074248278, 34.3026079789751], 
            [-100.895074248278, 33.8524883016938], 
            [-100.850063179872, 33.8524883016938], 
            [-100.850063179872, 33.6274329596634], 
            [-100.895074248278, 33.6274329596634], 
            [-100.895074248278, 33.3573575560065], 
            [-100.940085316684, 33.3573575560065], 
            [-100.940085316684, 33.2223243507882], 
            [-100.98509638509, 33.2223243507882], 
            [-100.98509638509, 33.0872821523495], 
            [-101.030107453496, 33.0872821523495], 
            [-101.030107453496, 33.0422710839434], 
            [-101.075118521902, 33.0422710839434], 
            [-101.075118521902, 32.9522489471313], 
            [-101.120129590308, 32.9522489471313], 
            [-101.120129590308, 32.8622268103191], 
            [-101.165149651935, 32.8622268103191], 
            [-101.165149651935, 32.7721956802865], 
            [-101.210160720341, 32.7721956802865], 
            [-101.210160720341, 32.7271846118804], 
            [-101.255171788747, 32.7271846118804], 
            [-101.255171788747, 32.6371624750682], 
            [-101.300182857153, 32.6371624750682], 
            [-101.300182857153, 32.5471403382561], 
            [-101.345193925559, 32.5471403382561], 
            [-101.345193925559, 32.3670870714113], 
            [-101.390204993965, 32.3670870714113], 
            [-101.390204993965, 31.91696739413], 
            [-101.435216062371, 31.91696739413], 
            [-101.435216062371, 31.6919030588791], 
            [-101.480227130777, 31.6919030588791], 
            [-101.480227130777, 31.5568698536609], 
            [-101.525247192404, 31.5568698536609], 
            [-101.525247192404, 31.4668477168487], 
            [-101.57025826081, 31.4668477168487], 
            [-101.57025826081, 31.3768255800365], 
            [-101.615269329216, 31.3768255800365], 
            [-101.615269329216, 31.33180551841], 
            [-101.660280397622, 31.33180551841], 
            [-101.660280397622, 31.2417833815979], 
            [-101.705291466028, 31.2417833815979], 
            [-101.705291466028, 31.1967723131918], 
            [-101.750302534434, 31.1967723131918], 
            [-101.750302534434, 31.1517612447857], 
            [-101.79531360284, 31.1517612447857], 
            [-101.79531360284, 31.1067501763796], 
            [-101.885344732873, 31.1067501763796], 
            [-101.885344732873, 31.0617391079736], 
            [-101.930355801279, 31.0617391079736], 
            [-101.930355801279, 31.0167280395674], 
            [-102.020377938091, 31.0167280395674], 
            [-102.020377938091, 30.9717079779409], 
            [-102.110400074903, 30.9717079779409], 
            [-102.110400074903, 30.9266969095348], 
            [-102.245442273342, 30.9266969095348], 
            [-102.245442273342, 30.8816858411287]
          ]
        ]
      }, 
      "properties" : {
        "OBJECTID" : 174, 
        "Id" : 174, 
        "gridcode" : 2, 
        "Timestamp" : 1786053600000, 
        "Unixtime" : 1786053600, 
        "Shape__Area" : 159653794119.03906, 
        "Shape__Length" : 2148839.1913886135
      }
    }, 
    {
      "type" : "Feature", 
      "id" : 175, 
      "geometry" : 
      {
        "type" : "Polygon", 
        "coordinates" : 
        [
          [
            [-108.727189008566, 31.91696739413], 
            [-108.738016846001, 32.2437360595716], 
            [-108.763134910747, 32.267010514124], 
            [-108.757586093723, 32.4069899905956], 
            [-108.786247487332, 32.5273372668015], 
            [-108.873904407163, 32.6930013809091], 
            [-108.896063702378, 32.7860002736937], 
            [-108.95310769976, 32.8388624235621], 
            [-109.008119229319, 32.8982266718235], 
            [-109.128853214005, 32.8934422785384], 
            [-109.661296831384, 33.0042477478354], 
            [-109.920868153542, 33.0864277964057], 
            [-110.358451281501, 33.2565075817596], 
            [-110.449336767478, 33.2781542634086], 
            [-110.575313799692, 33.3223109758709], 
            [-110.902316288866, 33.3532746339173], 
            [-111.011988612385, 33.3015186501656], 
            [-111.07864636244, 33.2556532258158], 
            [-111.170242312832, 33.2266500898299], 
            [-111.304565053634, 33.0314432465087], 
            [-111.444085875862, 32.7358091103023], 
            [-111.659419546575, 32.5034153003759], 
            [-111.89158852599, 32.402097678665], 
            [-111.934306323178, 32.4003979599979], 
            [-111.957131116708, 32.4013062752645], 
            [-112.083314992992, 32.3682382036303], 
            [-112.120223169763, 32.4080691770509], 
            [-112.187330580842, 32.3763950545881], 
            [-112.553219755287, 32.0520005993483], 
            [-112.598239816914, 32.0520005993483], 
            [-112.598239816914, 32.0970206609748], 
            [-112.688261953726, 32.0970206609748], 
            [-112.688261953726, 32.1420317293809], 
            [-112.733273022132, 32.1420317293809], 
            [-112.733273022132, 32.1870427977869], 
            [-112.778284090538, 32.1870427977869], 
            [-112.778284090538, 32.232053866193], 
            [-112.823295158944, 32.232053866193], 
            [-112.823295158944, 32.2770649345991], 
            [-112.86830622735, 32.2770649345991], 
            [-112.86830622735, 32.3220760030052], 
            [-112.958337357383, 32.3220760030052], 
            [-112.958337357383, 32.3670870714113], 
            [-113.003348425789, 32.3670870714113], 
            [-113.003348425789, 32.4120981398174], 
            [-113.048359494195, 32.4120981398174], 
            [-113.048359494195, 32.4571092082235], 
            [-113.138381631007, 32.4571092082235], 
            [-113.138381631007, 32.50212926985], 
            [-113.22840376782, 32.50212926985], 
            [-113.22840376782, 32.5471403382561], 
            [-113.295924867039, 32.5471403382561], 
            [-113.306752704474, 32.6263346376335], 
            [-113.337059857426, 32.6544294583529], 
            [-113.28424267366, 32.7830235177212], 
            [-113.262595992011, 32.971332560949], 
            [-113.327185301361, 33.2178547202192], 
            [-113.170424475509, 33.4456619877106], 
            [-113.039132450003, 33.6489807158874], 
            [-112.877524278323, 33.9360802858766], 
            [-112.880024393611, 33.9990957816451], 
            [-112.856624033972, 34.088371481159], 
            [-112.829959135306, 34.2003460691159], 
            [-112.885429319108, 34.5189039242767], 
            [-112.977528889846, 34.7816948193605], 
            [-113.195074892792, 35.1686641025664], 
            [-113.249726693532, 35.3090033078565], 
            [-113.238431208633, 35.5938455795099], 
            [-113.114999257809, 35.7954376093582], 
            [-112.992295757843, 35.9091299024232], 
            [-112.789111927973, 36.0689124503494], 
            [-112.677434116291, 36.1597889431053], 
            [-112.440417791048, 36.3336368878322], 
            [-112.373175481663, 36.3731710849777], 
            [-112.363777566282, 36.292546863547], 
            [-112.292551260232, 36.273751032784], 
            [-112.273755429469, 36.2475357951409], 
            [-112.112497993388, 36.2287399643779], 
            [-112.093702162625, 36.2025157335144], 
            [-111.707389384512, 36.1837288959719], 
            [-111.688593553749, 36.1575046651083], 
            [-111.527336117668, 36.1387178275658], 
            [-111.508549280125, 36.1124935967022], 
            [-111.392302912449, 36.0937067591597], 
            [-111.373507081686, 36.0674825282961], 
            [-111.302280775637, 36.0486866975331], 
            [-111.283484944874, 36.02247145989], 
            [-111.212258638825, 36.0036756291271], 
            [-111.193462808062, 35.977460391484], 
            [-111.122227508792, 35.958664560721], 
            [-111.10344067125, 35.9324493230779], 
            [-111.077216440386, 35.9136534923149], 
            [-111.058429602844, 35.8874382546718], 
            [-111.03220537198, 35.8686424239088], 
            [-111.013409541217, 35.8424181930453], 
            [-110.942183235168, 35.8236313555027], 
            [-110.923387404405, 35.7974071246392], 
            [-110.897172166762, 35.7786202870967], 
            [-110.878376335999, 35.7523960562331], 
            [-110.852161098356, 35.7336092186906], 
            [-110.833365267593, 35.707384987827], 
            [-110.80715002995, 35.688589157064], 
            [-110.788354199187, 35.6623739194209], 
            [-110.762129968323, 35.6435780886579], 
            [-110.743343130781, 35.6173628510148], 
            [-110.717118899917, 35.5985670202519], 
            [-110.698332062375, 35.5723517826087], 
            [-110.672107831511, 35.5535559518458], 
            [-110.653320993969, 35.5273407142027], 
            [-110.627096763105, 35.5085448834397], 
            [-110.608300932342, 35.4823206525762], 
            [-110.537074626293, 35.4635338150336], 
            [-110.51827879553, 35.4373095841701], 
            [-110.447052489481, 35.4185227466275], 
            [-110.428256658718, 35.392298515764], 
            [-110.357021359448, 35.3735116782215], 
            [-110.338234521906, 35.3472874473579], 
            [-110.22198815423, 35.3284916165949], 
            [-110.203192323467, 35.3022763789518], 
            [-109.951912750573, 35.2834805481888], 
            [-109.93312591303, 35.2572653105457], 
            [-109.456782004886, 35.2384694797827], 
            [-109.424514329872, 35.1934584113766], 
            [-109.006662327604, 35.2122542421396], 
            [-108.987866496841, 35.2384694797827], 
            [-108.601553718729, 35.2572653105457], 
            [-108.582757887966, 35.2834805481888], 
            [-108.421500451884, 35.3022763789518], 
            [-108.402704621121, 35.3284916165949], 
            [-108.331478315072, 35.3472874473579], 
            [-108.312682484309, 35.3735116782215], 
            [-108.24145617826, 35.392298515764], 
            [-108.222660347497, 35.4185227466275], 
            [-108.196436116633, 35.4373095841701], 
            [-108.177649279091, 35.4635338150336], 
            [-108.151425048227, 35.4823206525762], 
            [-108.132638210685, 35.5535559518458], 
            [-108.087627142279, 35.5858146336385], 
            [-108.106413979821, 35.7336092186906], 
            [-108.132638210685, 35.7523960562331], 
            [-108.151425048227, 35.8686424239088], 
            [-108.177649279091, 35.8874382546718], 
            [-108.196436116633, 35.958664560721], 
            [-108.222660347497, 35.977460391484], 
            [-108.24145617826, 36.0036756291271], 
            [-108.267671415903, 36.02247145989], 
            [-108.286467246666, 36.0937067591597], 
            [-108.312682484309, 36.1124935967022], 
            [-108.331478315072, 36.1387178275658], 
            [-108.357693552715, 36.1575046651083], 
            [-108.376489383478, 36.1837288959719], 
            [-108.402704621121, 36.2025157335144], 
            [-108.421500451884, 36.2287399643779], 
            [-108.447724682748, 36.2475357951409], 
            [-108.46651152029, 36.3187621011901], 
            [-108.492735751154, 36.3375579319531], 
            [-108.511522588696, 36.3637731695962], 
            [-108.53774681956, 36.3825690003592], 
            [-108.556533657103, 36.4538042996288], 
            [-108.582757887966, 36.4725911371713], 
            [-108.601553718729, 36.4988153680349], 
            [-108.627768956372, 36.5176022055774], 
            [-108.646564787135, 36.588837504847], 
            [-108.672780024778, 36.60763333561], 
            [-108.691575855541, 36.6788596416592], 
            [-108.717791093184, 36.6976554724222], 
            [-108.736586923947, 36.8138928468775], 
            [-108.76280216159, 36.8326886776404], 
            [-108.781597992353, 36.9939461137222], 
            [-108.807822223217, 37.0127419444852], 
            [-108.826609060759, 37.5340879278157], 
            [-108.852833291623, 37.5528837585787], 
            [-108.871620129166, 37.7591522630666], 
            [-108.897844360029, 37.7779480938295], 
            [-108.916631197572, 37.8491743998787], 
            [-108.942855428435, 37.8679702306417], 
            [-108.961651259198, 37.9392055299113], 
            [-108.987866496841, 37.9579923674539], 
            [-109.006662327604, 38.0292276667235], 
            [-109.032877565247, 38.0480145042661], 
            [-109.05167339601, 38.0742387351296], 
            [-109.077888633653, 38.0930345658926], 
            [-109.096684464416, 38.1192498035357], 
            [-109.12289970206, 38.1380456342987], 
            [-109.141695532823, 38.1642608719418], 
            [-109.167910770466, 38.1830567027047], 
            [-109.186706601229, 38.2542830087539], 
            [-109.212930832092, 38.2730788395169], 
            [-109.231717669635, 38.2993030703805], 
            [-109.257941900498, 38.318089907923], 
            [-109.276728738041, 38.3443141387866], 
            [-109.302952968904, 38.3631009763291], 
            [-109.321739806447, 38.3893252071927], 
            [-109.34796403731, 38.4081120447352], 
            [-109.366759868073, 38.4343362755987], 
            [-109.392975105717, 38.4531321063617], 
            [-109.411770936479, 38.4793473440048], 
            [-109.437986174123, 38.4981431747678], 
            [-109.456782004886, 38.5243584124109], 
            [-109.482997242529, 38.5431542431739], 
            [-109.501793073292, 38.569369480817], 
            [-109.528008310935, 38.5881653115799], 
            [-109.546804141698, 38.614380549223], 
            [-109.573028372561, 38.633176379986], 
            [-109.591815210104, 38.6593916176291], 
            [-109.618039440967, 38.6781874483921], 
            [-109.63682627851, 38.7044116792556], 
            [-109.70806157778, 38.7231985167982], 
            [-109.726857408543, 38.7494227476618], 
            [-109.843094782998, 38.7682095852043], 
            [-109.875362458011, 38.8132206536104], 
            [-110.068159118249, 38.7944338160679], 
            [-110.086954949012, 38.7682095852043], 
            [-110.2932234535, 38.7494227476618], 
            [-110.312010291042, 38.7231985167982], 
            [-110.51827879553, 38.7044116792556], 
            [-110.550546470543, 38.6593916176291], 
            [-111.013409541217, 38.6781874483921], 
            [-111.03220537198, 38.7044116792556], 
            [-111.238473876468, 38.7231985167982], 
            [-111.257269707231, 38.7494227476618], 
            [-111.373507081686, 38.7682095852043], 
            [-111.392302912449, 38.7944338160679], 
            [-111.508549280125, 38.8132206536104], 
            [-111.527336117668, 38.8394448844739], 
            [-111.643582485343, 38.8582407152369], 
            [-111.662378316106, 38.88445595288], 
            [-111.778624683782, 38.903251783643], 
            [-111.797411521325, 38.9294670212861], 
            [-111.913657889, 38.9482628520491], 
            [-111.932453719763, 38.9744780896922], 
            [-112.003680025813, 38.9932739204551], 
            [-112.022475856575, 39.0194891580982], 
            [-112.093702162625, 39.0382849888612], 
            [-112.112497993388, 39.0645092197248], 
            [-112.183733292657, 39.0832960572673], 
            [-112.2025201302, 39.1095202881309], 
            [-112.273755429469, 39.1283071256734], 
            [-112.292551260232, 39.1545313565369], 
            [-112.318766497876, 39.1733181940794], 
            [-112.337562328639, 39.199542424943], 
            [-112.408788634688, 39.218338255706], 
            [-112.427584465451, 39.2445534933491], 
            [-112.453799703094, 39.2633493241121], 
            [-112.472595533857, 39.2895645617552], 
            [-112.49881976472, 39.3083603925182], 
            [-112.517606602263, 39.3345756301613], 
            [-112.543830833126, 39.3533714609243], 
            [-112.562617670669, 39.3795866985674], 
            [-112.588841901532, 39.3983825293303], 
            [-112.607628739075, 39.4246067601939], 
            [-112.633852969939, 39.4433935977364], 
            [-112.652648800702, 39.4696178286], 
            [-112.678864038345, 39.4884046661425], 
            [-112.697659869108, 39.514628897006], 
            [-112.723875106751, 39.5334157345486], 
            [-112.742670937514, 39.5596399654121], 
            [-112.768886175157, 39.5784357961751], 
            [-112.78768200592, 39.6046510338182], 
            [-112.813897243563, 39.6234468645812], 
            [-112.832693074326, 39.6946731706304], 
            [-112.858908311969, 39.7134690013934], 
            [-112.877704142732, 39.7396842390365], 
            [-112.903928373596, 39.7584800697995], 
            [-112.922715211138, 39.784704300663], 
            [-112.948939442002, 39.8034911382056], 
            [-112.967726279544, 39.8297153690691], 
            [-112.993950510408, 39.8485022066116], 
            [-113.01273734795, 39.9197375058813], 
            [-113.038961578814, 39.9385333366442], 
            [-113.057757409577, 39.9647485742873], 
            [-113.08397264722, 39.9835444050503], 
            [-113.102768477983, 40.0322696735067], 
            [-113.128983715626, 40.0510565110492], 
            [-113.147779546389, 40.1222918103189], 
            [-113.173994784032, 40.1410876410819], 
            [-113.192790614795, 40.2573250155371], 
            [-113.219005852438, 40.2761208463001], 
            [-113.237801683201, 40.3923672139758], 
            [-113.264025914065, 40.4111540515183], 
            [-113.282812751607, 40.797475822851], 
            [-113.327823820013, 40.8297345046437], 
            [-113.309036982471, 41.067551226508], 
            [-113.26452054119, 41.0994501794823], 
            [-113.309036982471, 41.1313491324566], 
            [-113.327823820013, 41.4276397737566], 
            [-113.354048050877, 41.4464356045196], 
            [-113.372834888419, 41.5176709037893], 
            [-113.399059119283, 41.5364577413318], 
            [-113.417854950046, 41.5626819721953], 
            [-113.444070187689, 41.5814688097379], 
            [-113.462866018452, 41.6076930406014], 
            [-113.489081256095, 41.6264888713644], 
            [-113.521348931108, 41.6714999397705], 
            [-114.029232063409, 41.6527041090075], 
            [-114.061490745202, 41.6076930406014], 
            [-114.434340672284, 41.6264888713644], 
            [-114.453127509827, 41.6527041090075], 
            [-114.659396014315, 41.6714999397705], 
            [-114.678191845078, 41.6977151774136], 
            [-114.794438212753, 41.7165110081766], 
            [-114.813225050296, 41.7427262458196], 
            [-114.884460349565, 41.7615220765826], 
            [-114.903256180328, 41.7877373142257], 
            [-114.974482486378, 41.8065331449887], 
            [-114.993278317141, 41.8327573758523], 
            [-115.06450462319, 41.8515442133948], 
            [-115.083300453953, 41.8777684442584], 
            [-115.109524684816, 41.8965552818009], 
            [-115.128311522359, 41.9227795126645], 
            [-115.154535753222, 41.941566350207], 
            [-115.173322590765, 41.9677905810705], 
            [-115.199546821628, 41.9865864118335], 
            [-115.218333659171, 42.0128016494766], 
            [-115.244557890035, 42.0315974802396], 
            [-115.263353720798, 42.0578127178827], 
            [-115.289568958441, 42.0766085486457], 
            [-115.308364789204, 42.1028237862888], 
            [-115.334580026847, 42.1216196170517], 
            [-115.35337585761, 42.1478348546948], 
            [-115.379591095253, 42.1666306854578], 
            [-115.398386926016, 42.1928549163214], 
            [-115.424602163659, 42.2116417538639], 
            [-115.443397994422, 42.2378659847275], 
            [-115.469622225285, 42.25665282227], 
            [-115.488409062828, 42.2828770531336], 
            [-115.514633293691, 42.3016638906761], 
            [-115.533420131234, 42.3278881215397], 
            [-115.559644362098, 42.3466839523026], 
            [-115.57843119964, 42.3728991899457], 
            [-115.604655430504, 42.3916950207087], 
            [-115.623451261267, 42.4179102583518], 
            [-115.694677567316, 42.4367060891148], 
            [-115.713473398079, 42.4629213267579], 
            [-115.784699704128, 42.4817171575209], 
            [-115.803495534891, 42.507932395164], 
            [-115.874730834161, 42.5267282259269], 
            [-115.893517671703, 42.5529524567905], 
            [-116.054775107785, 42.571739294333], 
            [-116.073570938548, 42.5979635251966], 
            [-116.109184091573, 42.6073524473576], 
            [-116.132530491889, 42.7269532862653], 
            [-116.275153975176, 43.1038141896732], 
            [-116.345274115108, 43.3774239289712], 
            [-116.323213745318, 43.5415861752618], 
            [-116.239837598426, 43.8447386437735], 
            [-116.367784145922, 44.1305521832368], 
            [-116.331685358992, 44.3453102878396], 
            [-116.210411781079, 44.4275083228509], 
            [-116.01818169373, 44.4668806420281], 
            [-115.532997449872, 44.5458680973349], 
            [-115.31962430122, 44.6364478138157], 
            [-115.200527082659, 44.7508685577378], 
            [-115.111638091625, 44.9563186791638], 
            [-115.084937220077, 45.1390699121468], 
            [-115.062876850286, 45.3195638467942], 
            [-115.017416120857, 45.4316463533966], 
            [-114.95384304542, 45.6275546679137], 
            [-114.859845905164, 45.7858893073457], 
            [-114.747790378223, 45.927226760107], 
            [-114.612307511982, 46.0843203351155], 
            [-114.497365161273, 46.2870455107418], 
            [-114.332078762425, 46.478700031981], 
            [-114.214375493035, 46.7954592430497], 
            [-114.030787890549, 47.0270166834732], 
            [-113.72125922873, 47.1864754754629], 
            [-113.409221458404, 47.1928426755491], 
            [-113.272452561636, 47.1264906949897], 
            [-113.194868048721, 46.8998345597172], 
            [-113.224662588108, 46.6799053533495], 
            [-113.346457772808, 46.2046676113213], 
            [-113.286562924539, 46.0201177342461], 
            [-113.151943407462, 45.8385086402616], 
            [-112.893819993798, 45.7055348825289], 
            [-112.528101690541, 45.6204500237497], 
            [-111.99212373752, 45.5727859553077], 
            [-111.891120878526, 45.523781897017], 
            [-111.821549325041, 45.4320960144196], 
            [-111.587141033732, 44.9908976118354], 
            [-111.441945489393, 44.8924668138924], 
            [-111.2547066394, 44.8886446951966], 
            [-110.846891071166, 44.9521188452086], 
            [-110.340995440587, 45.0139292494354], 
            [-110.183272340146, 45.0904525623359], 
            [-110.014469592098, 45.2526363001252], 
            [-109.867673254517, 45.4506670146711], 
            [-109.692287469091, 45.5979040200545], 
            [-109.522297615942, 45.6414671799665], 
            [-109.361480847663, 45.5780379960568], 
            [-108.904868065209, 45.3011367380701], 
            [-108.546380311202, 45.1406527189479], 
            [-108.300505663805, 45.1356345019308], 
            [-108.099767989901, 45.200772397728], 
            [-107.940713892832, 45.3268753350288], 
            [-107.778701026231, 45.5275860292719], 
            [-107.621526512239, 45.8713518813843], 
            [-107.584960077845, 46.1216152203662], 
            [-107.628784041151, 46.3460949962872], 
            [-107.865962244362, 46.5929588979349], 
            [-108.038578117886, 46.6818838618508], 
            [-108.175562851944, 46.7374439778574], 
            [-108.396850034601, 46.8247321756494], 
            [-108.501809910599, 46.9255731566759], 
            [-108.734914184942, 47.3182531348743], 
            [-108.904733166902, 47.49500588981], 
            [-109.090847864337, 47.5908826131422], 
            [-109.362658959543, 47.6372426646173], 
            [-109.666809675526, 47.5897404741436], 
            [-109.858608088293, 47.5274983953348], 
            [-110.067457647053, 47.4090936547485], 
            [-110.175906892589, 47.3048892092697], 
            [-110.258950290324, 47.1436857325106], 
            [-110.439839926671, 46.7708358054281], 
            [-110.665704658543, 46.6935300823475], 
            [-110.905697739759, 46.6886287771964], 
            [-111.098638291524, 46.7356633202061], 
            [-111.292514138217, 46.8627824914189], 
            [-111.510518795406, 47.0484835007131], 
            [-112.008725222491, 47.5670235992597], 
            [-112.177950651901, 47.5958828437183], 
            [-112.362149793378, 47.5701712264211], 
            [-112.926501356952, 47.4351380212028], 
            [-113.084800023502, 47.4613262791845], 
            [-113.252964252898, 47.622889484762], 
            [-113.38573116656, 47.8418204436586], 
            [-113.419932383972, 48.0423512734926], 
            [-113.455941238697, 48.4105337191559], 
            [-113.507706215669, 48.6228726474548], 
            [-113.623341044354, 48.8612109761057], 
            [-113.753760727476, 49.0876782537485], 
            [-113.800957148454, 49.2718324291234], 
            [-113.825040992848, 49.4602314045558], 
            [-113.856166528862, 49.7466924558922], 
            [-113.954678265789, 49.9497413874552], 
            [-114.08156361327, 50.0818158231418], 
            [-114.528580629492, 50.4673461910739], 
            [-114.854081250849, 50.7014487128879], 
            [-115.479235977958, 51.0725539552009], 
            [-115.648407448045, 51.2066788451527], 
            [-115.720254286306, 51.3126729415031], 
            [-115.848155867699, 51.5763091993102], 
            [-115.895163431047, 51.5753469247209], 
            [-115.928690156925, 51.6102406201086], 
            [-115.983350950886, 51.6627610275994], 
            [-116.111360450924, 51.8354488468868], 
            [-116.335732308199, 51.9715072792376], 
            [-116.600456745682, 52.0481205243428], 
            [-117.104409840642, 52.0584087685499], 
            [-117.424109834801, 51.9959958185523], 
            [-117.674481092428, 51.9147510649098], 
            [-118.000620232438, 51.8031182193304], 
            [-118.153819742987, 51.7769839206715], 
            [-118.449813608012, 51.7448241643038], 
            [-118.494833669638, 51.7448241643038], 
            [-118.494833669638, 51.7898352327099], 
            [-118.539844738044, 51.7898352327099], 
            [-118.539844738044, 51.834846301116], 
            [-118.58485580645, 51.834846301116], 
            [-118.58485580645, 51.8798663627425], 
            [-118.629866874856, 51.8798663627425], 
            [-118.629866874856, 51.9248774311486], 
            [-118.674877943262, 51.9248774311486], 
            [-118.674877943262, 51.9698884995547], 
            [-118.719889011668, 51.9698884995547], 
            [-118.719889011668, 52.0599106363668], 
            [-118.764900080075, 52.0599106363668], 
            [-118.764900080075, 52.104921704773], 
            [-118.809911148481, 52.104921704773], 
            [-118.809911148481, 52.1274317355862], 
            [-118.747030551019, 52.1397074815151], 
            [-118.557984063714, 52.2370950658847], 
            [-118.297828182225, 52.3948631324277], 
            [-118.14003313602, 52.4310338651209], 
            [-117.87613607482, 52.3860227967148], 
            [-117.624847508705, 52.3553199420618], 
            [-117.106433315245, 52.3658959693236], 
            [-116.593289148975, 52.4314835261439], 
            [-116.226572598247, 52.4535438959342], 
            [-115.933690387501, 52.3784864779687], 
            [-115.729445357617, 52.2546228525627], 
            [-115.422812512787, 51.9807702963122], 
            [-115.333159098014, 52.0269504833782], 
            [-115.152377380312, 51.8679233659706], 
            [-115.040079036418, 51.8702166371881], 
            [-114.945623241919, 51.7261452454068], 
            [-114.860322545849, 51.4632734113389], 
            [-114.782917897343, 51.2587316051795], 
            [-114.675044217916, 51.0493334599713], 
            [-114.576073826746, 50.9033285257909], 
            [-114.394365807336, 50.7287521302067], 
            [-114.199464733511, 50.6130543489791], 
            [-113.480888432255, 50.569095487367], 
            [-113.391423875112, 50.538473571698], 
            [-113.352411284753, 50.4406633059669], 
            [-113.461678913351, 50.0434237649948], 
            [-113.49230082902, 49.8553035793968], 
            [-113.486401276398, 49.5661535551425], 
            [-113.416784756811, 49.3627718744225], 
            [-113.356772996676, 49.2462826897944], 
            [-113.149407319292, 49.0105613882975], 
            [-113.04863828403, 48.8834602035257], 
            [-112.98423783231, 48.4878304490161], 
            [-112.922805143343, 48.3083707347217], 
            [-112.832504216696, 48.1751541600365], 
            [-112.687236726594, 48.0799159553571], 
            [-112.469384954152, 48.0202909037023], 
            [-112.23862791035, 48.0675592704441], 
            [-112.010577825906, 48.1850377093229], 
            [-111.839814555797, 48.3627707252888], 
            [-111.721319883006, 48.5435074768886], 
            [-111.574433613221, 48.8980292206721], 
            [-111.523199236256, 48.9974852457475], 
            [-111.298008995918, 49.0326217580878], 
            [-110.752741046162, 48.9090639021774], 
            [-110.752741046162, 48.8640438405509], 
            [-110.887774251381, 48.8640438405509], 
            [-110.887774251381, 48.8190327721448], 
            [-110.977796388193, 48.8190327721448], 
            [-110.977796388193, 48.7740217037387], 
            [-111.022807456599, 48.7740217037387], 
            [-111.022807456599, 48.6839995669266], 
            [-110.977796388193, 48.6839995669266], 
            [-110.977796388193, 48.6389884985205], 
            [-110.932785319787, 48.6389884985205], 
            [-110.932785319787, 48.5939774301144], 
            [-110.887774251381, 48.5939774301144], 
            [-110.887774251381, 48.5489663617083], 
            [-110.842763182974, 48.5489663617083], 
            [-110.842763182974, 48.5039463000818], 
            [-110.752741046162, 48.5039463000818], 
            [-110.752741046162, 48.4589352316757], 
            [-110.707720984536, 48.4589352316757], 
            [-110.707720984536, 48.4139241632696], 
            [-110.66270991613, 48.4139241632696], 
            [-110.66270991613, 48.3689130948635], 
            [-110.617698847724, 48.3689130948635], 
            [-110.617698847724, 48.3239020264575], 
            [-110.527676710911, 48.3239020264575], 
            [-110.527676710911, 48.2788909580513], 
            [-110.482665642505, 48.2788909580513], 
            [-110.482665642505, 48.2338798896453], 
            [-110.437654574099, 48.2338798896453], 
            [-110.437654574099, 48.1888688212392], 
            [-110.347623444067, 48.1888688212392], 
            [-110.347623444067, 48.1438487596126], 
            [-110.257601307254, 48.1438487596126], 
            [-110.257601307254, 48.0988376912065], 
            [-110.122568102036, 48.0988376912065], 
            [-110.122568102036, 48.0538266228005], 
            [-109.852492698379, 48.0538266228005], 
            [-109.826304440398, 48.0223053850855], 
            [-109.580016104859, 48.0474054633915], 
            [-109.35946636628, 48.1142160981944], 
            [-109.334851921879, 48.1438487596126], 
            [-109.312350884286, 48.1438487596126], 
            [-109.252393083474, 48.1739220888334], 
            [-109.244829785066, 48.1888688212392], 
            [-109.222319754253, 48.1888688212392], 
            [-109.222319754253, 48.211369858832], 
            [-109.19981871666, 48.211369858832], 
            [-109.19981871666, 48.2338798896453], 
            [-109.132297617441, 48.2338798896453], 
            [-109.132297617441, 48.2788909580513], 
            [-109.087286549035, 48.2788909580513], 
            [-109.087286549035, 48.3239020264575], 
            [-109.042275480629, 48.3239020264575], 
            [-109.042275480629, 48.3689130948635], 
            [-108.997264412223, 48.3689130948635], 
            [-108.997264412223, 48.4589352316757], 
            [-108.952253343817, 48.4589352316757], 
            [-108.952253343817, 48.5489663617083], 
            [-108.907242275411, 48.5489663617083], 
            [-108.907242275411, 48.6389884985205], 
            [-108.862222213784, 48.6389884985205], 
            [-108.862222213784, 48.7290106353326], 
            [-108.817211145378, 48.7290106353326], 
            [-108.817211145378, 48.8190327721448], 
            [-108.772200076972, 48.8190327721448], 
            [-108.772200076972, 48.9090639021774], 
            [-108.727189008566, 48.9090639021774], 
            [-108.727189008566, 49.0440971073957], 
            [-108.68217794016, 49.0440971073957], 
            [-108.68217794016, 49.1791303126139], 
            [-108.637166871754, 49.1791303126139], 
            [-108.637166871754, 49.4266956854576], 
            [-108.490244629086, 49.4160836853139], 
            [-108.26644833792, 49.3923056104157], 
            [-107.687015143634, 49.3710636236873], 
            [-107.408495105964, 49.4205623091034], 
            [-107.161532278892, 49.5155756832713], 
            [-106.97021950003, 49.6195373117976], 
            [-106.881690237814, 49.6742700515217], 
            [-106.881690237814, 49.494216784677], 
            [-106.836679169408, 49.494216784677], 
            [-106.836679169408, 49.4041946478648], 
            [-106.791668101002, 49.4041946478648], 
            [-106.791668101002, 49.3591835794587], 
            [-106.746657032596, 49.3591835794587], 
            [-106.746657032596, 49.3141725110526], 
            [-106.70164596419, 49.3141725110526], 
            [-106.70164596419, 49.2691614426465], 
            [-106.611614834157, 49.2691614426465], 
            [-106.611614834157, 49.22414138102], 
            [-106.566603765751, 49.22414138102], 
            [-106.566603765751, 49.1791303126139], 
            [-106.476581628939, 49.1791303126139], 
            [-106.476581628939, 49.1341192442078], 
            [-106.386559492127, 49.1341192442078], 
            [-106.386559492127, 49.0891081758017], 
            [-106.341548423721, 49.0891081758017], 
            [-106.341548423721, 49.0440971073957], 
            [-106.251517293688, 49.0440971073957], 
            [-106.251517293688, 48.9990860389896], 
            [-106.206506225282, 48.9990860389896], 
            [-106.206506225282, 48.9540749705835], 
            [-106.161495156876, 48.9540749705835], 
            [-106.161495156876, 48.9090639021774], 
            [-106.071473020064, 48.9090639021774], 
            [-106.071473020064, 48.8640438405509], 
            [-106.026461951658, 48.8640438405509], 
            [-106.026461951658, 48.7740217037387], 
            [-105.981450883252, 48.7740217037387], 
            [-105.981450883252, 48.7290106353326], 
            [-105.936439814846, 48.7290106353326], 
            [-105.936439814846, 48.6839995669266], 
            [-105.891419753219, 48.6839995669266], 
            [-105.891419753219, 48.5939774301144], 
            [-105.846408684813, 48.5939774301144], 
            [-105.846408684813, 48.5039463000818], 
            [-105.801397616407, 48.5039463000818], 
            [-105.801397616407, 48.3689130948635], 
            [-105.756386548001, 48.3689130948635], 
            [-105.756386548001, 47.8737823491762], 
            [-105.801397616407, 47.8737823491762], 
            [-105.801397616407, 47.7387401507374], 
            [-105.846408684813, 47.7387401507374], 
            [-105.846408684813, 47.6487180139253], 
            [-105.891419753219, 47.6487180139253], 
            [-105.891419753219, 47.6037069455192], 
            [-105.936439814846, 47.6037069455192], 
            [-105.936439814846, 47.5586958771131], 
            [-105.981450883252, 47.5586958771131], 
            [-105.981450883252, 47.468673740301], 
            [-106.026461951658, 47.468673740301], 
            [-106.026461951658, 47.4236626718949], 
            [-106.11648408847, 47.4236626718949], 
            [-106.11648408847, 47.3786426102683], 
            [-106.161495156876, 47.3786426102683], 
            [-106.161495156876, 47.3336315418622], 
            [-106.206506225282, 47.3336315418622], 
            [-106.206506225282, 47.2886204734561], 
            [-106.296528362094, 47.2886204734561], 
            [-106.296528362094, 47.2436094050501], 
            [-106.431570560533, 47.2436094050501], 
            [-106.431570560533, 47.198598336644], 
            [-106.611614834157, 47.198598336644], 
            [-106.611614834157, 47.1535872682379], 
            [-107.241787778283, 47.1535872682379], 
            [-107.241787778283, 47.1085761998318], 
            [-107.466852113534, 47.1085761998318], 
            [-107.466852113534, 47.0635651314258], 
            [-107.556874250346, 47.0635651314258], 
            [-107.556874250346, 47.0185450697992], 
            [-107.646896387159, 47.0185450697992], 
            [-107.646896387159, 46.9735340013931], 
            [-107.691907455565, 46.9735340013931], 
            [-107.691907455565, 46.7034675909566], 
            [-107.646896387159, 46.7034675909566], 
            [-107.646896387159, 46.613436460924], 
            [-107.601885318752, 46.613436460924], 
            [-107.601885318752, 46.5234143241119], 
            [-107.556874250346, 46.5234143241119], 
            [-107.556874250346, 46.4784032557058], 
            [-107.51186318194, 46.4784032557058], 
            [-107.51186318194, 46.3883811188936], 
            [-107.466852113534, 46.3883811188936], 
            [-107.466852113534, 46.3433700504875], 
            [-107.421841045128, 46.3433700504875], 
            [-107.421841045128, 46.2533389204549], 
            [-107.376820983502, 46.2533389204549], 
            [-107.376820983502, 46.2083278520488], 
            [-107.331809915095, 46.2083278520488], 
            [-107.331809915095, 46.1633167836428], 
            [-107.286798846689, 46.1633167836428], 
            [-107.286798846689, 46.1183057152367], 
            [-107.196776709877, 46.1183057152367], 
            [-107.196776709877, 46.0732946468306], 
            [-107.151765641471, 46.0732946468306], 
            [-107.151765641471, 46.0282835784245], 
            [-107.016723443032, 46.0282835784245], 
            [-107.016723443032, 45.9832725100184], 
            [-106.791668101002, 45.9832725100184], 
            [-106.791668101002, 45.9382614416123], 
            [-106.656625902563, 45.9382614416123], 
            [-106.656625902563, 45.9832725100184], 
            [-106.431570560533, 45.9832725100184], 
            [-106.431570560533, 46.0282835784245], 
            [-106.341548423721, 46.0282835784245], 
            [-106.341548423721, 46.0732946468306], 
            [-106.251517293688, 46.0732946468306], 
            [-106.251517293688, 46.1183057152367], 
            [-106.161495156876, 46.1183057152367], 
            [-106.161495156876, 46.1633167836428], 
            [-106.11648408847, 46.1633167836428], 
            [-106.11648408847, 46.2083278520488], 
            [-106.026461951658, 46.2083278520488], 
            [-106.026461951658, 46.2533389204549], 
            [-105.936439814846, 46.2533389204549], 
            [-105.936439814846, 46.298349988861], 
            [-105.801397616407, 46.298349988861], 
            [-105.801397616407, 46.3433700504875], 
            [-105.666364411189, 46.3433700504875], 
            [-105.666364411189, 46.3883811188936], 
            [-105.486311144344, 46.3883811188936], 
            [-105.486311144344, 46.4333921872997], 
            [-104.721104994999, 46.4333921872997], 
            [-104.721104994999, 46.4784032557058], 
            [-104.676093926593, 46.4784032557058], 
            [-104.676093926593, 46.5234143241119], 
            [-104.631082858187, 46.5234143241119], 
            [-104.631082858187, 46.6584475293301], 
            [-104.586071789781, 46.6584475293301], 
            [-104.586071789781, 46.8835118645809], 
            [-104.541060721375, 46.8835118645809], 
            [-104.541060721375, 47.1085761998318], 
            [-104.496049652969, 47.1085761998318], 
            [-104.496049652969, 47.2436094050501], 
            [-104.451029591343, 47.2436094050501], 
            [-104.451029591343, 47.3786426102683], 
            [-104.406018522936, 47.3786426102683], 
            [-104.406018522936, 47.513684808707], 
            [-104.36100745453, 47.513684808707], 
            [-104.36100745453, 47.6037069455192], 
            [-104.315996386124, 47.6037069455192], 
            [-104.315996386124, 47.6937290823313], 
            [-104.270985317718, 47.6937290823313], 
            [-104.270985317718, 47.783760212364], 
            [-104.225974249312, 47.783760212364], 
            [-104.225974249312, 47.8737823491762], 
            [-104.180963180906, 47.8737823491762], 
            [-104.180963180906, 47.9638044859883], 
            [-104.1359521125, 47.9638044859883], 
            [-104.1359521125, 48.0088155543944], 
            [-104.090941044094, 48.0088155543944], 
            [-104.090941044094, 48.0538266228005], 
            [-104.045920982467, 48.0538266228005], 
            [-104.045920982467, 48.1438487596126], 
            [-104.000909914061, 48.1438487596126], 
            [-104.000909914061, 48.1888688212392], 
            [-103.955898845655, 48.1888688212392], 
            [-103.955898845655, 48.2338798896453], 
            [-103.910887777249, 48.2338798896453], 
            [-103.910887777249, 48.2788909580513], 
            [-103.865876708843, 48.2788909580513], 
            [-103.865876708843, 48.3239020264575], 
            [-103.820865640437, 48.3239020264575], 
            [-103.820865640437, 48.3689130948635], 
            [-103.775854572031, 48.3689130948635], 
            [-103.775854572031, 48.4139241632696], 
            [-103.730843503625, 48.4139241632696], 
            [-103.730843503625, 48.4589352316757], 
            [-103.685823441998, 48.4589352316757], 
            [-103.685823441998, 48.5039463000818], 
            [-103.640812373592, 48.5039463000818], 
            [-103.640812373592, 48.5489663617083], 
            [-103.595801305186, 48.5489663617083], 
            [-103.595801305186, 48.5939774301144], 
            [-103.55079023678, 48.5939774301144], 
            [-103.55079023678, 48.6389884985205], 
            [-103.505779168374, 48.6389884985205], 
            [-103.505779168374, 48.6839995669266], 
            [-103.460768099968, 48.6839995669266], 
            [-103.460768099968, 48.7740217037387], 
            [-103.415757031562, 48.7740217037387], 
            [-103.415757031562, 48.8190327721448], 
            [-103.370745963156, 48.8190327721448], 
            [-103.370745963156, 48.8640438405509], 
            [-103.325725901529, 48.8640438405509], 
            [-103.325725901529, 48.9090639021774], 
            [-103.280714833123, 48.9090639021774], 
            [-103.280714833123, 48.9990860389896], 
            [-103.235703764717, 48.9990860389896], 
            [-103.235703764717, 49.0440971073957], 
            [-103.190692696311, 49.0440971073957], 
            [-103.190692696311, 49.0891081758017], 
            [-103.145681627905, 49.0891081758017], 
            [-103.145681627905, 49.1341192442078], 
            [-103.100670559499, 49.1341192442078], 
            [-103.100670559499, 49.1791303126139], 
            [-103.055659491093, 49.1791303126139], 
            [-103.055659491093, 49.22414138102], 
            [-103.010648422687, 49.22414138102], 
            [-103.010648422687, 49.2691614426465], 
            [-102.920617292654, 49.2691614426465], 
            [-102.920617292654, 49.3141725110526], 
            [-102.830595155842, 49.3141725110526], 
            [-102.830595155842, 49.3591835794587], 
            [-102.74057301903, 49.3591835794587], 
            [-102.74057301903, 49.4041946478648], 
            [-102.650550882217, 49.4041946478648], 
            [-102.650550882217, 49.4492057162708], 
            [-101.975366869685, 49.4492057162708], 
            [-101.975366869685, 49.4041946478648], 
            [-101.840324671247, 49.4041946478648], 
            [-101.840324671247, 49.3591835794587], 
            [-101.705291466028, 49.3591835794587], 
            [-101.705291466028, 49.3141725110526], 
            [-101.615269329216, 49.3141725110526], 
            [-101.615269329216, 49.2691614426465], 
            [-101.480227130777, 49.2691614426465], 
            [-101.480227130777, 49.22414138102], 
            [-101.390204993965, 49.22414138102], 
            [-101.390204993965, 49.1791303126139], 
            [-101.255171788747, 49.1791303126139], 
            [-101.255171788747, 49.1341192442078], 
            [-100.98509638509, 49.1341192442078], 
            [-100.98509638509, 49.1791303126139], 
            [-100.940085316684, 49.1791303126139], 
            [-100.940085316684, 49.4492057162708], 
            [-100.895074248278, 49.4492057162708], 
            [-100.895074248278, 49.7642921883339], 
            [-100.850063179872, 49.7642921883339], 
            [-100.850063179872, 49.9443364619582], 
            [-100.805052111466, 49.9443364619582], 
            [-100.805052111466, 50.0343675919909], 
            [-100.760032049839, 50.0343675919909], 
            [-100.760032049839, 50.124389728803], 
            [-100.715020981433, 50.124389728803], 
            [-100.715020981433, 50.2144118656152], 
            [-100.670009913027, 50.2144118656152], 
            [-100.670009913027, 50.2594229340212], 
            [-100.624998844621, 50.2594229340212], 
            [-100.624998844621, 50.3044340024273], 
            [-100.579987776215, 50.3044340024273], 
            [-100.579987776215, 50.3494450708334], 
            [-100.534976707809, 50.3494450708334], 
            [-100.534976707809, 50.39446513246], 
            [-100.489965639403, 50.39446513246], 
            [-100.489965639403, 50.4394762008661], 
            [-100.444954570997, 50.4394762008661], 
            [-100.444954570997, 50.4844872692722], 
            [-100.354923440964, 50.4844872692722], 
            [-100.354923440964, 50.5294983376782], 
            [-100.264901304152, 50.5294983376782], 
            [-100.264901304152, 50.5745094060843], 
            [-100.17487916734, 50.5745094060843], 
            [-100.17487916734, 50.6195204744904], 
            [-99.6347283600257, 50.6195204744904], 
            [-99.6347283600257, 50.5745094060843], 
            [-99.4996951548075, 50.5745094060843], 
            [-99.4996951548075, 50.5294983376782], 
            [-99.4096730179953, 50.5294983376782], 
            [-99.4096730179953, 50.4844872692722], 
            [-99.3196508811832, 50.4844872692722], 
            [-99.3196508811832, 50.4394762008661], 
            [-99.2746308195566, 50.4394762008661], 
            [-99.2746308195566, 50.39446513246], 
            [-99.1846086827445, 50.39446513246], 
            [-99.1846086827445, 50.3494450708334], 
            [-99.1395976143384, 50.3494450708334], 
            [-99.1395976143384, 50.3044340024273], 
            [-99.0945865459323, 50.3044340024273], 
            [-99.0945865459323, 50.2594229340212], 
            [-99.0495754775262, 50.2594229340212], 
            [-99.0495754775262, 50.2144118656152], 
            [-99.0045644091201, 50.2144118656152], 
            [-99.0045644091201, 50.124389728803], 
            [-98.959553340714, 50.124389728803], 
            [-98.959553340714, 50.079378660397], 
            [-98.9145332790875, 50.079378660397], 
            [-98.9145332790875, 49.9893475303643], 
            [-98.8695222106814, 49.9893475303643], 
            [-98.8695222106814, 49.8993253935521], 
            [-98.8245111422754, 49.8993253935521], 
            [-98.8245111422754, 49.7642921883339], 
            [-98.8695222106814, 49.7642921883339], 
            [-98.8695222106814, 49.6292589831157], 
            [-98.9145332790875, 49.6292589831157], 
            [-98.9145332790875, 49.539227853083], 
            [-98.959553340714, 49.539227853083], 
            [-98.959553340714, 49.4492057162708], 
            [-99.0045644091201, 49.4492057162708], 
            [-99.0045644091201, 49.4041946478648], 
            [-99.0495754775262, 49.4041946478648], 
            [-99.0495754775262, 49.3591835794587], 
            [-99.0945865459323, 49.3591835794587], 
            [-99.0945865459323, 49.2691614426465], 
            [-99.1395976143384, 49.2691614426465], 
            [-99.1395976143384, 49.22414138102], 
            [-99.1846086827445, 49.22414138102], 
            [-99.1846086827445, 49.1791303126139], 
            [-99.2746308195566, 49.1791303126139], 
            [-99.2746308195566, 49.1341192442078], 
            [-99.3196508811832, 49.1341192442078], 
            [-99.3196508811832, 49.0891081758017], 
            [-99.3646619495892, 49.0891081758017], 
            [-99.3646619495892, 49.0440971073957], 
            [-99.4546840864014, 49.0440971073957], 
            [-99.4546840864014, 48.9990860389896], 
            [-99.5447062232136, 48.9990860389896], 
            [-99.5447062232136, 48.9540749705835], 
            [-99.6347283600257, 48.9540749705835], 
            [-99.6347283600257, 48.9090639021774], 
            [-99.7697705584645, 48.9090639021774], 
            [-99.7697705584645, 48.8640438405509], 
            [-99.9048037636827, 48.8640438405509], 
            [-99.9048037636827, 48.8190327721448], 
            [-100.309912372558, 48.8190327721448], 
            [-100.309912372558, 48.7740217037387], 
            [-100.534976707809, 48.7740217037387], 
            [-100.534976707809, 48.7290106353326], 
            [-100.579987776215, 48.7290106353326], 
            [-100.579987776215, 48.5039463000818], 
            [-100.534976707809, 48.5039463000818], 
            [-100.534976707809, 48.3239020264575], 
            [-100.489965639403, 48.3239020264575], 
            [-100.489965639403, 48.1888688212392], 
            [-100.444954570997, 48.1888688212392], 
            [-100.444954570997, 48.0538266228005], 
            [-100.399943502591, 48.0538266228005], 
            [-100.399943502591, 47.9638044859883], 
            [-100.354923440964, 47.9638044859883], 
            [-100.354923440964, 47.9412944551751], 
            [-100.57286514561, 47.9273549634609], 
            [-101.152415251762, 47.6893044178647], 
            [-101.428282289396, 47.6170169118011], 
            [-101.524608673751, 47.6132037863257], 
            [-101.709509286424, 47.6485021766342], 
            [-102.167147296011, 47.8170890873915], 
            [-102.255982327722, 47.7314466489438], 
            [-102.280282009407, 47.1747123431002], 
            [-102.368793285182, 46.7516712526263], 
            [-102.347146603533, 46.4667210623272], 
            [-102.301272185963, 46.2650211138334], 
            [-102.290453341748, 46.2083278520488], 
            [-102.551130830024, 46.1989299366673], 
            [-102.569917667566, 46.1727146990242], 
            [-102.686164035242, 46.1539188682612], 
            [-102.704959866005, 46.1277036306182], 
            [-102.776186172054, 46.1089077998552], 
            [-102.794982002817, 46.0826925622121], 
            [-102.911228370493, 46.063896731449], 
            [-102.930015208035, 46.037681493806], 
            [-103.001250507305, 46.018885663043], 
            [-103.020037344848, 45.9926614321794], 
            [-103.091272644117, 45.9738745946369], 
            [-103.11006847488, 45.9476503637733], 
            [-103.181294780929, 45.9288635262308], 
            [-103.200090611692, 45.9026392953673], 
            [-103.316336979368, 45.8838524578247], 
            [-103.335123816911, 45.8576282269612], 
            [-103.541392321398, 45.8388323961982], 
            [-103.560188152161, 45.8126171585551], 
            [-103.856478793462, 45.7938213277921], 
            [-103.875274624224, 45.767606090149], 
            [-103.99151199868, 45.7488102593861], 
            [-104.010307829443, 45.722595021743], 
            [-104.036532060306, 45.70379919098], 
            [-104.055318897849, 45.4209803939301], 
            [-104.010307829443, 45.3887127189169], 
            [-103.99151199868, 45.3624974812738], 
            [-103.965296761037, 45.3437016505109], 
            [-103.946500930274, 45.3174864128678], 
            [-103.875274624224, 45.2986905821048], 
            [-103.856478793462, 45.2724753444617], 
            [-103.785243494192, 45.2536795136987], 
            [-103.766456656649, 45.2274552828351], 
            [-103.560188152161, 45.2086684452926], 
            [-103.541392321398, 45.182444214429], 
            [-103.290112748504, 45.1636573768865], 
            [-103.271325910962, 45.1374331460229], 
            [-103.065057406474, 45.11863731526], 
            [-103.046261575711, 45.0924220776169], 
            [-102.930015208035, 45.0736262468539], 
            [-102.911228370493, 45.0474110092108], 
            [-102.794982002817, 45.0286151784478], 
            [-102.776186172054, 45.0023999408047], 
            [-102.659939804378, 44.9836041100417], 
            [-102.641152966836, 44.9573888723986], 
            [-102.52490659916, 44.9385930416357], 
            [-102.506110768397, 44.9123778039926], 
            [-102.389873393942, 44.8935819732296], 
            [-102.371077563179, 44.867357742366], 
            [-101.548107958815, 44.8485709048235], 
            [-101.515849277022, 44.8935819732296], 
            [-101.399602909347, 44.9123778039926], 
            [-101.380807078584, 44.9385930416357], 
            [-101.354591840941, 44.9573888723986], 
            [-101.335796010178, 44.9836041100417], 
            [-101.264569704128, 45.0023999408047], 
            [-101.245773873366, 45.0286151784478], 
            [-101.219558635722, 45.0474110092108], 
            [-101.200762804959, 45.0736262468539], 
            [-101.174538574096, 45.0924220776169], 
            [-101.155751736553, 45.11863731526], 
            [-101.12952750569, 45.1374331460229], 
            [-101.110740668147, 45.1636573768865], 
            [-101.084516437284, 45.182444214429], 
            [-101.065729599741, 45.2086684452926], 
            [-101.039505368878, 45.2274552828351], 
            [-101.020709538115, 45.2536795136987], 
            [-100.994494300472, 45.2724753444617], 
            [-100.975698469709, 45.2986905821048], 
            [-100.949483232065, 45.3174864128678], 
            [-100.930687401302, 45.3437016505109], 
            [-100.904472163659, 45.3624974812738], 
            [-100.885676332896, 45.3887127189169], 
            [-100.859461095253, 45.4075085496799], 
            [-100.84066526449, 45.4787348557291], 
            [-100.79615781643, 45.5106428019238], 
            [-100.84066526449, 45.5425417548981], 
            [-100.859461095253, 45.5687659857617], 
            [-100.885676332896, 45.5875528233042], 
            [-100.904472163659, 45.6137770541678], 
            [-100.930687401302, 45.6325638917103], 
            [-100.949483232065, 45.6587881225739], 
            [-101.020709538115, 45.6775839533369], 
            [-101.039505368878, 45.70379919098], 
            [-101.110740668147, 45.722595021743], 
            [-101.12952750569, 45.7488102593861], 
            [-101.200762804959, 45.767606090149], 
            [-101.219558635722, 45.7938213277921], 
            [-101.232661757934, 45.8032192431736], 
            [-101.204611903317, 45.8814063018594], 
            [-101.230800161298, 46.3208600196742], 
            [-101.217670059426, 46.5410949955377], 
            [-101.139968634645, 46.8312342740426], 
            [-100.976301015479, 47.1324262204938], 
            [-100.741847758068, 47.3963682477965], 
            [-100.451771432106, 47.655543868255], 
            [-100.345570491685, 47.7743982698643], 
            [-100.309912372558, 47.8062612499568], 
            [-100.300514457176, 47.793149134525], 
            [-100.274299219533, 47.7743622969825], 
            [-100.25550338877, 47.7481380661189], 
            [-100.229288151127, 47.7293512285764], 
            [-100.210492320364, 47.6581159293068], 
            [-100.184277082721, 47.6393200985438], 
            [-100.165481251958, 47.6131048609007], 
            [-100.139266014315, 47.5943090301377], 
            [-100.120470183552, 47.5230827240885], 
            [-100.094245952688, 47.5042868933256], 
            [-100.075459115146, 47.4330515940559], 
            [-100.049234884282, 47.4142647565134], 
            [-100.03044804674, 47.3430294572437], 
            [-100.004223815876, 47.3242336264807], 
            [-99.9854369783338, 47.2530073204315], 
            [-99.9592127474702, 47.2342114896686], 
            [-99.9404169167073, 47.1179741152133], 
            [-99.9142016790642, 47.0991782844504], 
            [-99.8954058483012, 46.8929097799624], 
            [-99.8503947798951, 46.8606510981697], 
            [-99.8691906106581, 46.7128565131177], 
            [-99.8954058483012, 46.6940696755752], 
            [-99.9142016790642, 46.4427901026812], 
            [-99.9404169167073, 46.4239942719182], 
            [-99.9592127474702, 46.3527589726485], 
            [-99.9854369783338, 46.333972135106], 
            [-100.004223815876, 46.2627368358364], 
            [-100.03044804674, 46.2439499982939], 
            [-100.049234884282, 46.1727146990242], 
            [-100.075459115146, 46.1539188682612], 
            [-100.094245952688, 46.0826925622121], 
            [-100.120470183552, 46.063896731449], 
            [-100.139266014315, 46.037681493806], 
            [-100.165481251958, 46.018885663043], 
            [-100.184277082721, 45.9476503637733], 
            [-100.210492320364, 45.9288635262308], 
            [-100.229288151127, 45.9026392953673], 
            [-100.25550338877, 45.8838524578247], 
            [-100.274299219533, 45.8576282269612], 
            [-100.300514457176, 45.8388323961982], 
            [-100.319310287939, 45.767606090149], 
            [-100.345534518803, 45.7488102593861], 
            [-100.364321356345, 45.722595021743], 
            [-100.409332424752, 45.6903273467298], 
            [-100.390545587209, 45.5425417548981], 
            [-100.319310287939, 45.5237549173556], 
            [-100.300514457176, 45.4975306864921], 
            [-100.274299219533, 45.4787348557291], 
            [-100.25550338877, 45.452519618086], 
            [-100.184277082721, 45.433723787323], 
            [-100.165481251958, 45.4075085496799], 
            [-100.094245952688, 45.3887127189169], 
            [-100.075459115146, 45.3624974812738], 
            [-100.049234884282, 45.3437016505109], 
            [-100.03044804674, 45.3174864128678], 
            [-99.9592127474702, 45.2986905821048], 
            [-99.9404169167073, 45.2724753444617], 
            [-99.9142016790642, 45.2536795136987], 
            [-99.8954058483012, 45.2274552828351], 
            [-99.824179542252, 45.2086684452926], 
            [-99.805383711489, 45.182444214429], 
            [-99.7791684738459, 45.1636573768865], 
            [-99.760372643083, 45.1374331460229], 
            [-99.7341574054399, 45.11863731526], 
            [-99.7153615746769, 45.0924220776169], 
            [-99.6891373438133, 45.0736262468539], 
            [-99.6703505062708, 45.0474110092108], 
            [-99.6441262754073, 45.0286151784478], 
            [-99.6253394378647, 45.0023999408047], 
            [-99.5991152070011, 44.9836041100417], 
            [-99.5803283694586, 44.9573888723986], 
            [-99.5541041385951, 44.9385930416357], 
            [-99.5353083078321, 44.867357742366], 
            [-99.509093070189, 44.8485709048235], 
            [-99.490297239426, 44.7773356055538], 
            [-99.4640820017829, 44.7585487680113], 
            [-99.4452861710199, 44.6873134687416], 
            [-99.4190709333768, 44.6685176379787], 
            [-99.4002751026138, 44.4622491334908], 
            [-99.3552640342078, 44.4299904516981], 
            [-99.3740598649707, 44.3272159282725], 
            [-99.4002751026138, 44.3084200975095], 
            [-99.4190709333768, 44.1471626614278], 
            [-99.4452861710199, 44.1283758238852], 
            [-99.4640820017829, 44.0121294562095], 
            [-99.490297239426, 43.9933336254465], 
            [-99.509093070189, 43.9221073193974], 
            [-99.5353083078321, 43.9033114886344], 
            [-99.5541041385951, 43.8770962509913], 
            [-99.5803283694586, 43.8583004202283], 
            [-99.5991152070011, 43.8320851825852], 
            [-99.6253394378647, 43.8132893518222], 
            [-99.6441262754073, 43.7870651209586], 
            [-99.6703505062708, 43.7682782834161], 
            [-99.6891373438133, 43.7420540525526], 
            [-99.7153615746769, 43.72326721501], 
            [-99.7341574054399, 43.6970429841465], 
            [-99.760372643083, 43.678256146604], 
            [-99.7791684738459, 43.6520319157404], 
            [-99.805383711489, 43.6332360849774], 
            [-99.824179542252, 43.6070208473343], 
            [-99.8954058483012, 43.5882250165714], 
            [-99.9142016790642, 43.5620097789283], 
            [-99.9854369783338, 43.5432139481653], 
            [-100.004223815876, 43.5169987105222], 
            [-100.120470183552, 43.4982028797592], 
            [-100.139266014315, 43.4719876421161], 
            [-100.300514457176, 43.4531918113531], 
            [-100.319310287939, 43.4269675804895], 
            [-100.570589860833, 43.408180742947], 
            [-100.589385691596, 43.3819565120834], 
            [-100.795654196084, 43.3631696745409], 
            [-100.814441033627, 43.3369454436774], 
            [-100.885676332896, 43.3181586061348], 
            [-100.904472163659, 43.2919343752713], 
            [-100.975698469709, 43.2731385445083], 
            [-100.994494300472, 43.2469233068652], 
            [-101.065729599741, 43.2281274761022], 
            [-101.084516437284, 43.2019122384591], 
            [-101.110740668147, 43.1831164076962], 
            [-101.12952750569, 43.1569011700531], 
            [-101.200762804959, 43.1381053392901], 
            [-101.219558635722, 43.111890101647], 
            [-101.245773873366, 43.093094270884], 
            [-101.264569704128, 43.0668790332409], 
            [-101.335796010178, 43.0480832024779], 
            [-101.354591840941, 43.0218589716143], 
            [-101.42582714021, 43.0030721340718], 
            [-101.444613977753, 42.9768479032082], 
            [-101.515849277022, 42.9580610656657], 
            [-101.534636114565, 42.9318368348021], 
            [-101.605871413835, 42.9130499972596], 
            [-101.624667244598, 42.8868257663961], 
            [-101.740904619053, 42.8680299356331], 
            [-101.759700449816, 42.84181469799], 
            [-102.055991091116, 42.823018867227], 
            [-102.074786921879, 42.7968036295839], 
            [-102.686164035242, 42.778007798821], 
            [-102.704959866005, 42.7517925611779], 
            [-102.866208308866, 42.7329967304149], 
            [-102.885004139629, 42.7067814927718], 
            [-103.001250507305, 42.6879856620088], 
            [-103.020037344848, 42.6617614311452], 
            [-103.136283712523, 42.6429745936027], 
            [-103.155079543286, 42.6167503627391], 
            [-103.316336979368, 42.5979635251966], 
            [-103.335123816911, 42.571739294333], 
            [-103.541392321398, 42.5529524567905], 
            [-103.560188152161, 42.5267282259269], 
            [-104.640480773569, 42.5075996460069], 
            [-104.621684942806, 42.4817171575209], 
            [-104.595469705163, 42.4629213267579], 
            [-104.5766738744, 42.4367060891148], 
            [-104.550458636757, 42.4179102583518], 
            [-104.531662805994, 42.3916950207087], 
            [-104.50543857513, 42.3728991899457], 
            [-104.486651737588, 42.3466839523026], 
            [-104.415416438318, 42.3278881215397], 
            [-104.396629600775, 42.3016638906761], 
            [-104.370405369912, 42.2828770531336], 
            [-104.351609539149, 42.25665282227], 
            [-104.325394301506, 42.2378659847275], 
            [-104.306598470743, 42.2116417538639], 
            [-104.2803832331, 42.1928549163214], 
            [-104.261587402337, 42.1666306854578], 
            [-104.235372164694, 42.1478348546948], 
            [-104.216576333931, 42.0766085486457], 
            [-104.190361096288, 42.0578127178827], 
            [-104.171565265525, 42.0315974802396], 
            [-104.145341034661, 42.0128016494766], 
            [-104.126554197118, 41.9865864118335], 
            [-104.100329966255, 41.9677905810705], 
            [-104.081543128712, 41.8965552818009], 
            [-104.055318897849, 41.8777684442584], 
            [-104.036532060306, 41.8065331449887], 
            [-104.010307829443, 41.7877373142257], 
            [-103.99151199868, 41.7165110081766], 
            [-103.965296761037, 41.6977151774136], 
            [-103.946500930274, 41.6264888713644], 
            [-103.920285692631, 41.6076930406014], 
            [-103.901489861868, 41.5364577413318], 
            [-103.875274624224, 41.5176709037893], 
            [-103.856478793462, 41.4014245361135], 
            [-103.830263555818, 41.3826287053506], 
            [-103.811467725055, 41.2213802624892], 
            [-103.785243494192, 41.2025844317262], 
            [-103.766456656649, 40.9513048588323], 
            [-103.740232425786, 40.9325090280693], 
            [-103.721445588243, 40.3661429831122], 
            [-103.676929146962, 40.3342440301379], 
            [-103.721445588243, 40.3023360839432], 
            [-103.740232425786, 39.7584800697995], 
            [-103.766456656649, 39.7396842390365], 
            [-103.785243494192, 39.3083603925182], 
            [-103.811467725055, 39.2895645617552], 
            [-103.830263555818, 38.9482628520491], 
            [-103.856478793462, 38.9294670212861], 
            [-103.875274624224, 38.7682095852043], 
            [-103.901489861868, 38.7494227476618], 
            [-103.920285692631, 38.633176379986], 
            [-103.946500930274, 38.614380549223], 
            [-103.965296761037, 38.5431542431739], 
            [-103.99151199868, 38.5243584124109], 
            [-104.010307829443, 38.4531321063617], 
            [-104.036532060306, 38.4343362755987], 
            [-104.055318897849, 38.3631009763291], 
            [-104.081543128712, 38.3443141387866], 
            [-104.100329966255, 38.318089907923], 
            [-104.126554197118, 38.2993030703805], 
            [-104.145341034661, 38.2280677711108], 
            [-104.171565265525, 38.2092719403478], 
            [-104.190361096288, 38.1830567027047], 
            [-104.216576333931, 38.1642608719418], 
            [-104.235372164694, 38.1380456342987], 
            [-104.261587402337, 38.1192498035357], 
            [-104.2803832331, 38.0930345658926], 
            [-104.306598470743, 38.0742387351296], 
            [-104.325394301506, 38.0480145042661], 
            [-104.396629600775, 38.0292276667235], 
            [-104.415416438318, 38.00300343586], 
            [-104.441640669181, 37.9842165983175], 
            [-104.460427506724, 37.9579923674539], 
            [-104.486651737588, 37.9392055299113], 
            [-104.50543857513, 37.9129812990478], 
            [-104.5766738744, 37.8941854682848], 
            [-104.595469705163, 37.8679702306417], 
            [-104.621684942806, 37.8491743998787], 
            [-104.640480773569, 37.8229591622356], 
            [-104.711707079618, 37.8041633314726], 
            [-104.730502910381, 37.7779480938295], 
            [-104.801738209651, 37.7591522630666], 
            [-104.820525047193, 37.7329370254234], 
            [-104.846749278057, 37.7141411946605], 
            [-104.865536115599, 37.6879169637969], 
            [-104.891760346463, 37.6691301262544], 
            [-104.910556177226, 37.6429058953909], 
            [-104.955567245632, 37.6106472135981], 
            [-104.936771414869, 37.3728394849543], 
            [-104.910556177226, 37.3540436541914], 
            [-104.891760346463, 37.3278194233278], 
            [-104.865536115599, 37.3090325857853], 
            [-104.846749278057, 37.2377972865156], 
            [-104.820525047193, 37.2190104489731], 
            [-104.801738209651, 37.1477751497035], 
            [-104.775513978787, 37.1289793189405], 
            [-104.756727141245, 37.1027640812974], 
            [-104.730502910381, 37.0839682505344], 
            [-104.711707079618, 37.0127419444852], 
            [-104.685491841975, 36.9939461137222], 
            [-104.666696011212, 36.9227108144526], 
            [-104.640480773569, 36.9039239769101], 
            [-104.621684942806, 36.7876776092344], 
            [-104.595469705163, 36.7688817784714], 
            [-104.5766738744, 36.6526444040161], 
            [-104.531662805994, 36.6203767290029], 
            [-104.550458636757, 36.0674825282961], 
            [-104.5766738744, 36.0486866975331], 
            [-104.595469705163, 35.8874382546718], 
            [-104.621684942806, 35.8686424239088], 
            [-104.640480773569, 35.7974071246392], 
            [-104.666696011212, 35.7786202870967], 
            [-104.685491841975, 35.707384987827], 
            [-104.711707079618, 35.688589157064], 
            [-104.730502910381, 35.5723517826087], 
            [-104.756727141245, 35.5535559518458], 
            [-104.775513978787, 35.4823206525762], 
            [-104.801738209651, 35.4635338150336], 
            [-104.820525047193, 35.392298515764], 
            [-104.846749278057, 35.3735116782215], 
            [-104.865536115599, 35.3472874473579], 
            [-104.891760346463, 35.3284916165949], 
            [-104.910556177226, 35.2572653105457], 
            [-104.936771414869, 35.2384694797827], 
            [-104.955567245632, 35.1672431737335], 
            [-104.981782483275, 35.1484473429706], 
            [-105.000578314038, 35.0772120437009], 
            [-105.026793551681, 35.0584252061584], 
            [-105.045589382444, 34.9871899068888], 
            [-105.071804620087, 34.9683940761258], 
            [-105.09060045085, 34.9421788384827], 
            [-105.116824681714, 34.9233830077197], 
            [-105.135611519256, 34.8521567016705], 
            [-105.16183575012, 34.8333608709075], 
            [-105.180622587662, 34.8071456332644], 
            [-105.206846818526, 34.7883498025014], 
            [-105.225633656068, 34.7621345648583], 
            [-105.251857886932, 34.7433387340954], 
            [-105.270653717695, 34.6721034348257], 
            [-105.296868955338, 34.6533165972832], 
            [-105.315664786101, 34.6270923664197], 
            [-105.341880023744, 34.6083055288771], 
            [-105.360675854507, 34.5820812980136], 
            [-105.38689109215, 34.5632854672506], 
            [-105.405686922913, 34.5370702296075], 
            [-105.431902160556, 34.5182743988445], 
            [-105.450697991319, 34.4920591612014], 
            [-105.476913228962, 34.4732633304384], 
            [-105.495709059725, 34.4470480927953], 
            [-105.521933290589, 34.4282522620323], 
            [-105.540720128131, 34.4020370243892], 
            [-105.566944358995, 34.3832411936262], 
            [-105.585731196537, 34.3570169627627], 
            [-105.611955427401, 34.3382301252202], 
            [-105.630742264944, 34.3120058943566], 
            [-105.656966495807, 34.2932190568141], 
            [-105.67576232657, 34.2669948259505], 
            [-105.701977564213, 34.248207988408], 
            [-105.720773394976, 34.2219837575445], 
            [-105.746988632619, 34.2031879267815], 
            [-105.765784463382, 34.1769726891384], 
            [-105.791999701025, 34.1581768583754], 
            [-105.810795531788, 34.1319616207323], 
            [-105.837010769431, 34.1131657899693], 
            [-105.855806600194, 34.0869505523262], 
            [-105.882030831058, 34.0681547215632], 
            [-105.9008176686, 34.0419394839202], 
            [-105.927041899464, 34.0231436531572], 
            [-105.945828737007, 33.9969194222935], 
            [-105.97205296787, 33.9781325847511], 
            [-105.990839805413, 33.9519083538875], 
            [-106.017064036276, 33.933121516345], 
            [-106.035859867039, 33.8618862170753], 
            [-106.062075104682, 33.8430903863124], 
            [-106.080870935445, 33.7718640802632], 
            [-106.107086173088, 33.7530682495002], 
            [-106.125882003851, 33.681841943451], 
            [-106.170893072257, 33.6495742684378], 
            [-106.152097241494, 33.3217444029819], 
            [-106.125882003851, 33.3029485722189], 
            [-106.107086173088, 33.2317132729493], 
            [-106.080870935445, 33.2129264354068], 
            [-106.062075104682, 33.1416911361371], 
            [-106.035859867039, 33.1228953053741], 
            [-106.017064036276, 33.0516689993249], 
            [-105.990839805413, 33.0328731685619], 
            [-105.97205296787, 33.0066579309188], 
            [-105.945828737007, 32.9878621001559], 
            [-105.927041899464, 32.9166357941067], 
            [-105.9008176686, 32.8978399633437], 
            [-105.882030831058, 32.8716157324802], 
            [-105.855806600194, 32.8528288949377], 
            [-105.837010769431, 32.781593595668], 
            [-105.810795531788, 32.7628067581255], 
            [-105.791999701025, 32.7365825272619], 
            [-105.765784463382, 32.7177866964989], 
            [-105.746988632619, 32.6465603904497], 
            [-105.720773394976, 32.6277645596867], 
            [-105.701977564213, 32.6015493220436], 
            [-105.67576232657, 32.5827534912807], 
            [-105.656966495807, 32.511518192011], 
            [-105.630742264944, 32.4927313544685], 
            [-105.611955427401, 32.4214960551989], 
            [-105.585731196537, 32.4027092176564], 
            [-105.566944358995, 32.3764849867928], 
            [-105.540720128131, 32.3576891560298], 
            [-105.521933290589, 32.2864628499806], 
            [-105.495709059725, 32.2676670192176], 
            [-105.476913228962, 32.1514206515419], 
            [-105.450697991319, 32.1326338139994], 
            [-105.431902160556, 32.0163874463237], 
            [-105.38689109215, 31.984128764531], 
            [-105.405686922913, 31.5212567006363], 
            [-105.431902160556, 31.5024608698733], 
            [-105.450697991319, 31.3862145021976], 
            [-105.476913228962, 31.3674276646551], 
            [-105.495709059725, 31.2961923653854], 
            [-105.521933290589, 31.2773965346225], 
            [-105.540720128131, 31.2511812969793], 
            [-105.566944358995, 31.2323854662164], 
            [-105.585731196537, 31.1611591601672], 
            [-105.611955427401, 31.1423633294042], 
            [-105.630742264944, 31.1161480917611], 
            [-105.656966495807, 31.0973522609981], 
            [-105.67576232657, 31.071137023355], 
            [-105.701977564213, 31.052341192592], 
            [-105.720773394976, 31.0261169617285], 
            [-105.791999701025, 31.0073301241859], 
            [-105.810795531788, 30.9811058933224], 
            [-105.837010769431, 30.9623190557798], 
            [-105.855806600194, 30.9360948249163], 
            [-105.927041899464, 30.9173079873738], 
            [-105.945828737007, 30.8910837565102], 
            [-106.062075104682, 30.8722879257472], 
            [-106.080870935445, 30.8460726881041], 
            [-106.287139439933, 30.8272768573412], 
            [-106.319398121726, 30.7822657889351], 
            [-106.422172645151, 30.8010616196981], 
            [-106.440968475914, 30.8272768573412], 
            [-106.737259117214, 30.8460726881041], 
            [-106.756054947977, 30.8722879257472], 
            [-106.872292322433, 30.8910837565102], 
            [-106.891088153196, 30.9173079873738], 
            [-106.962323452465, 30.9360948249163], 
            [-106.981110290008, 30.9623190557798], 
            [-107.052345589277, 30.9811058933224], 
            [-107.07113242682, 31.0073301241859], 
            [-107.14236772609, 31.0261169617285], 
            [-107.161163556853, 31.052341192592], 
            [-107.187378794496, 31.071137023355], 
            [-107.206174625259, 31.0973522609981], 
            [-107.277400931308, 31.1161480917611], 
            [-107.296196762071, 31.1423633294042], 
            [-107.322411999714, 31.1611591601672], 
            [-107.341207830477, 31.1873743978103], 
            [-107.36743206134, 31.2061702285733], 
            [-107.386218898883, 31.2323854662164], 
            [-107.412443129747, 31.2511812969793], 
            [-107.431229967289, 31.2773965346225], 
            [-107.457454198153, 31.2961923653854], 
            [-107.476241035695, 31.322416596249], 
            [-107.547476334965, 31.3412034337915], 
            [-107.566272165728, 31.3674276646551], 
            [-107.592487403371, 31.3862145021976], 
            [-107.611283234134, 31.4124387330612], 
            [-107.637498471777, 31.4312255706037], 
            [-107.65629430254, 31.4574498014673], 
            [-107.682509540183, 31.4762456322302], 
            [-107.701305370946, 31.5024608698733], 
            [-107.72752960181, 31.5212567006363], 
            [-107.746316439352, 31.5474719382794], 
            [-107.817551738622, 31.5662677690424], 
            [-107.836338576164, 31.5924830066855], 
            [-107.862562807028, 31.6112788374485], 
            [-107.881358637791, 31.6374940750916], 
            [-107.95258494384, 31.6562899058546], 
            [-107.971380774603, 31.6825141367181], 
            [-108.087627142279, 31.7013009742606], 
            [-108.106413979821, 31.7275252051242], 
            [-108.222660347497, 31.7463120426667], 
            [-108.24145617826, 31.7725362735303], 
            [-108.357693552715, 31.7913231110728], 
            [-108.376489383478, 31.8175473419363], 
            [-108.492735751154, 31.8363431726993], 
            [-108.511522588696, 31.8625584103424], 
            [-108.627768956372, 31.8813542411054], 
            [-108.646564787135, 31.9075694787485], 
            [-108.727189008566, 31.91696739413]
          ], 
          [
            [-110.010035934411, 42.247263900109], 
            [-109.999208096976, 42.258937100267], 
            [-109.885821573407, 42.2805927751365], 
            [-109.772102300681, 42.310387314523], 
            [-109.555383674017, 42.4250688618386], 
            [-109.445954167451, 42.5431678329292], 
            [-109.405124946559, 42.841931609856], 
            [-109.44203312333, 43.160570404001], 
            [-109.550806124803, 43.4098265022913], 
            [-109.695794825071, 43.5034459272878], 
            [-109.905858468593, 43.4951271983616], 
            [-110.165960390759, 43.2618250731687], 
            [-110.309699033384, 43.0392338735445], 
            [-110.422536970505, 42.8001491075953], 
            [-110.448473418314, 42.5215751106029], 
            [-110.369297105377, 42.3719369153565], 
            [-110.224830011896, 42.2659787918878], 
            [-110.010035934411, 42.247263900109]
          ], 
          [
            [-108.412102536503, 41.9996895340448], 
            [-108.401283692289, 42.0113717274234], 
            [-108.328789342154, 42.058190433142], 
            [-108.283598409339, 42.1069516744803], 
            [-108.224225167857, 42.2327668287263], 
            [-108.268022151501, 42.3999148242099], 
            [-108.362549891764, 42.5372772735274], 
            [-108.461969943958, 42.6294038239274], 
            [-108.626186149571, 42.6685153397112], 
            [-108.847833061047, 42.6597289633211], 
            [-109.03917281957, 42.5926665183452], 
            [-109.178441831625, 42.4968347611154], 
            [-109.210637560875, 42.3890150410114], 
            [-109.158764665257, 42.2909799447687], 
            [-109.030017721141, 42.1716848753568], 
            [-108.692762960642, 42.0125228596423], 
            [-108.412102536503, 41.9996895340448]
          ], 
          [
            [-106.971712374626, 40.5367983345756], 
            [-106.971712374626, 40.5818094029817], 
            [-106.836679169408, 40.5818094029817], 
            [-106.836679169408, 40.6268204713877], 
            [-106.791668101002, 40.6268204713877], 
            [-106.791668101002, 40.6718315397938], 
            [-106.746657032596, 40.6718315397938], 
            [-106.746657032596, 40.7168426081999], 
            [-106.70164596419, 40.7168426081999], 
            [-106.70164596419, 40.8068737382325], 
            [-106.656625902563, 40.8068737382325], 
            [-106.656625902563, 40.8968958750447], 
            [-106.611614834157, 40.8968958750447], 
            [-106.611614834157, 41.0319290802629], 
            [-106.566603765751, 41.0319290802629], 
            [-106.566603765751, 41.1669712787016], 
            [-106.521592697345, 41.1669712787016], 
            [-106.521592697345, 41.5270688191707], 
            [-106.566603765751, 41.5270688191707], 
            [-106.566603765751, 41.6170909559829], 
            [-106.611614834157, 41.6170909559829], 
            [-106.611614834157, 41.662102024389], 
            [-106.656625902563, 41.662102024389], 
            [-106.656625902563, 41.707113092795], 
            [-106.70164596419, 41.707113092795], 
            [-106.70164596419, 41.7521241612012], 
            [-106.791668101002, 41.7521241612012], 
            [-106.791668101002, 41.7971352296072], 
            [-106.836679169408, 41.7971352296072], 
            [-106.836679169408, 41.8421462980133], 
            [-106.881690237814, 41.8421462980133], 
            [-106.881690237814, 41.8871663596399], 
            [-106.971712374626, 41.8871663596399], 
            [-106.971712374626, 41.932177428046], 
            [-107.061743504659, 41.932177428046], 
            [-107.061743504659, 41.977188496452], 
            [-107.106754573065, 41.977188496452], 
            [-107.106754573065, 42.0221995648581], 
            [-107.196776709877, 42.0221995648581], 
            [-107.196776709877, 42.0672106332642], 
            [-107.241787778283, 42.0672106332642], 
            [-107.241787778283, 42.1122217016703], 
            [-107.376820983502, 42.1122217016703], 
            [-107.376820983502, 42.1572327700763], 
            [-107.556874250346, 42.1572327700763], 
            [-107.556874250346, 42.1122217016703], 
            [-107.601885318752, 42.1122217016703], 
            [-107.601885318752, 42.0672106332642], 
            [-107.691907455565, 42.0672106332642], 
            [-107.691907455565, 42.0221995648581], 
            [-107.736918523971, 42.0221995648581], 
            [-107.736918523971, 41.977188496452], 
            [-107.781938585597, 41.977188496452], 
            [-107.781938585597, 41.932177428046], 
            [-107.826949654003, 41.932177428046], 
            [-107.826949654003, 41.8871663596399], 
            [-107.871960722409, 41.8871663596399], 
            [-107.871960722409, 41.7971352296072], 
            [-107.916971790815, 41.7971352296072], 
            [-107.916971790815, 41.7521241612012], 
            [-107.961982859222, 41.7521241612012], 
            [-107.961982859222, 41.707113092795], 
            [-108.006993927628, 41.707113092795], 
            [-108.006993927628, 41.662102024389], 
            [-108.052004996034, 41.662102024389], 
            [-108.052004996034, 41.6170909559829], 
            [-108.09701606444, 41.6170909559829], 
            [-108.09701606444, 41.5720798875768], 
            [-108.142036126066, 41.5720798875768], 
            [-108.142036126066, 41.4820487575442], 
            [-108.187047194472, 41.4820487575442], 
            [-108.187047194472, 41.392026620732], 
            [-108.232058262878, 41.392026620732], 
            [-108.232058262878, 41.2119823471077], 
            [-108.187047194472, 41.2119823471077], 
            [-108.187047194472, 41.1219512170751], 
            [-108.142036126066, 41.1219512170751], 
            [-108.142036126066, 41.076940148669], 
            [-108.09701606444, 41.076940148669], 
            [-108.09701606444, 41.0319290802629], 
            [-108.052004996034, 41.0319290802629], 
            [-108.052004996034, 40.9869180118569], 
            [-108.006993927628, 40.9869180118569], 
            [-108.006993927628, 40.9419069434508], 
            [-107.961982859222, 40.9419069434508], 
            [-107.961982859222, 40.8968958750447], 
            [-107.916971790815, 40.8968958750447], 
            [-107.916971790815, 40.8518848066386], 
            [-107.871960722409, 40.8518848066386], 
            [-107.871960722409, 40.8068737382325], 
            [-107.781938585597, 40.8068737382325], 
            [-107.781938585597, 40.761853676606], 
            [-107.691907455565, 40.761853676606], 
            [-107.691907455565, 40.7168426081999], 
            [-107.646896387159, 40.7168426081999], 
            [-107.646896387159, 40.6718315397938], 
            [-107.51186318194, 40.6718315397938], 
            [-107.51186318194, 40.6268204713877], 
            [-107.376820983502, 40.6268204713877], 
            [-107.376820983502, 40.5818094029817], 
            [-107.196776709877, 40.5818094029817], 
            [-107.196776709877, 40.5367983345756], 
            [-106.971712374626, 40.5367983345756]
          ], 
          [
            [-109.064785511442, 39.9741464896688], 
            [-109.054569212999, 39.9864402220387], 
            [-108.936551180892, 40.0376206396809], 
            [-108.810771999528, 40.1890394925786], 
            [-108.741731046051, 40.3482374811749], 
            [-108.764825636194, 40.5748306639041], 
            [-108.852410610261, 40.7277423913983], 
            [-109.017121443, 40.8645742407087], 
            [-109.177605462122, 40.9341727738545], 
            [-109.455442015037, 41.0157053105517], 
            [-109.66884214335, 40.9939507102571], 
            [-109.769737083699, 40.8303730232965], 
            [-109.799144914606, 40.632953847742], 
            [-109.78126639233, 40.4574961165526], 
            [-109.703690872636, 40.275554273411], 
            [-109.521919900683, 40.0729010435484], 
            [-109.319482508111, 39.98510023219], 
            [-109.064785511442, 39.9741464896688]
          ], 
          [
            [-106.544102728158, 34.5726833826321], 
            [-106.444242008162, 34.6975272690683], 
            [-106.42156110616, 34.8696035493644], 
            [-106.549363762128, 35.029413076952], 
            [-106.702653204881, 35.0625710807908], 
            [-106.734156456155, 34.9878014458801], 
            [-106.784149768697, 34.9027615532032], 
            [-106.834745627009, 34.7826750803907], 
            [-106.818593803062, 34.652803983717], 
            [-106.732384791725, 34.5837630302397], 
            [-106.544102728158, 34.5726833826321]
          ], 
          [
            [-112.035587972007, 33.514900792038], 
            [-111.986368076426, 33.5893736506735], 
            [-112.065679287669, 33.6591250685672], 
            [-112.119215929072, 33.5815855217545], 
            [-112.108460037401, 33.5335976973759], 
            [-112.035587972007, 33.514900792038]
          ], 
          [
            [-112.170621177225, 33.4248786552258], 
            [-112.162239495756, 33.4390070045697], 
            [-112.128371027501, 33.4590798726381], 
            [-112.13596130557, 33.5232734802869], 
            [-112.226990683073, 33.4920130459654], 
            [-112.246514964694, 33.4356255536765], 
            [-112.170621177225, 33.4248786552258]
          ], 
          [
            [-112.080599040413, 33.2898364567872], 
            [-112.03037190414, 33.3665576205378], 
            [-112.077253562402, 33.4567776082001], 
            [-112.135008024201, 33.3288310607049], 
            [-112.080599040413, 33.2898364567872]
          ], 
          [
            [-112.170621177225, 32.4571092082235], 
            [-112.160611722853, 32.4696097846639], 
            [-112.055687819737, 32.5333447380693], 
            [-111.968264723638, 32.6425044480219], 
            [-111.913046350009, 32.8263258742398], 
            [-111.936788452025, 33.0172249649602], 
            [-112.007457178406, 33.0738193013198], 
            [-112.197690770812, 33.0501581382875], 
            [-112.313010836781, 32.9823672424544], 
            [-112.40297901427, 32.8700149392382], 
            [-112.428196004442, 32.6744933332009], 
            [-112.352383155958, 32.5455215585732], 
            [-112.225641700004, 32.4921198154772], 
            [-112.205622791259, 32.4671186625963], 
            [-112.170621177225, 32.4571092082235]
          ]
        ]
      }, 
      "properties" : {
        "OBJECTID" : 175, 
        "Id" : 175, 
        "gridcode" : 2, 
        "Timestamp" : 1786053600000, 
        "Unixtime" : 1786053600, 
        "Shape__Area" : 2500200198793.9063, 
        "Shape__Length" : 21604814.101370409
      }
    }, 
    {
      "type" : "Feature", 
      "id" : 176, 
      "geometry" : 
      {
        "type" : "Polygon", 
        "coordinates" : 
        [
          [
            [-112.553219755287, 32.0520005993483], 
            [-112.187330580842, 32.3763950545881], 
            [-112.120223169763, 32.4080691770509], 
            [-112.083314992992, 32.3682382036303], 
            [-111.957131116708, 32.4013062752645], 
            [-111.934306323178, 32.4003979599979], 
            [-111.89158852599, 32.402097678665], 
            [-111.659419546575, 32.5034153003759], 
            [-111.444085875862, 32.7358091103023], 
            [-111.304565053634, 33.0314432465087], 
            [-111.170242312832, 33.2266500898299], 
            [-111.07864636244, 33.2556532258158], 
            [-111.011988612385, 33.3015186501656], 
            [-110.902316288866, 33.3532746339173], 
            [-110.575313799692, 33.3223109758709], 
            [-110.449336767478, 33.2781542634086], 
            [-110.358451281501, 33.2565075817596], 
            [-109.920868153542, 33.0864277964057], 
            [-109.661296831384, 33.0042477478354], 
            [-109.128853214005, 32.8934422785384], 
            [-109.008119229319, 32.8982266718235], 
            [-108.95310769976, 32.8388624235621], 
            [-108.896063702378, 32.7860002736937], 
            [-108.873904407163, 32.6930013809091], 
            [-108.786247487332, 32.5273372668015], 
            [-108.757586093723, 32.4069899905956], 
            [-108.763134910747, 32.267010514124], 
            [-108.738016846001, 32.2437360595716], 
            [-108.727189008566, 31.91696739413], 
            [-108.772200076972, 31.91696739413], 
            [-108.772200076972, 31.9619784625361], 
            [-108.862222213784, 31.9619784625361], 
            [-108.862222213784, 32.0069895309422], 
            [-108.997264412223, 32.0069895309422], 
            [-108.997264412223, 32.0520005993483], 
            [-109.177308685847, 32.0520005993483], 
            [-109.177308685847, 32.0970206609748], 
            [-109.447384089504, 32.0970206609748], 
            [-109.447384089504, 32.0520005993483], 
            [-109.537406226316, 32.0520005993483], 
            [-109.537406226316, 32.0069895309422], 
            [-109.582417294722, 32.0069895309422], 
            [-109.582417294722, 31.9619784625361], 
            [-109.672448424755, 31.9619784625361], 
            [-109.672448424755, 31.8719563257239], 
            [-109.717459493161, 31.8719563257239], 
            [-109.717459493161, 31.8269452573179], 
            [-109.762470561567, 31.8269452573179], 
            [-109.762470561567, 31.7369231205057], 
            [-109.807481629973, 31.7369231205057], 
            [-109.807481629973, 31.6468919904731], 
            [-109.852492698379, 31.6468919904731], 
            [-109.852492698379, 31.5568698536609], 
            [-109.897503766785, 31.5568698536609], 
            [-109.897503766785, 31.4668477168487], 
            [-109.942514835191, 31.4668477168487], 
            [-109.942514835191, 31.33180551841], 
            [-109.987534896818, 31.33180551841], 
            [-109.987534896818, 31.2417833815979], 
            [-110.032545965224, 31.2417833815979], 
            [-110.032545965224, 31.1517612447857], 
            [-110.07755703363, 31.1517612447857], 
            [-110.07755703363, 31.0617391079736], 
            [-110.122568102036, 31.0617391079736], 
            [-110.122568102036, 30.9717079779409], 
            [-110.167579170442, 30.9717079779409], 
            [-110.167579170442, 30.9266969095348], 
            [-110.212590238848, 30.9266969095348], 
            [-110.212590238848, 30.8366747727227], 
            [-110.257601307254, 30.8366747727227], 
            [-110.257601307254, 30.7916637043166], 
            [-110.302612375661, 30.7916637043166], 
            [-110.302612375661, 30.7466526359105], 
            [-110.347623444067, 30.7466526359105], 
            [-110.347623444067, 30.7016415675044], 
            [-110.392643505693, 30.7016415675044], 
            [-110.392643505693, 30.6566304990984], 
            [-110.482665642505, 30.6566304990984], 
            [-110.482665642505, 30.6116104374718], 
            [-110.572687779318, 30.6116104374718], 
            [-110.572687779318, 30.5665993690657], 
            [-110.66270991613, 30.5665993690657], 
            [-110.66270991613, 30.5215883006596], 
            [-110.842763182974, 30.5215883006596], 
            [-110.842763182974, 30.4765772322535], 
            [-111.067818525005, 30.4765772322535], 
            [-111.067818525005, 30.5215883006596], 
            [-111.24787179185, 30.5215883006596], 
            [-111.24787179185, 30.5665993690657], 
            [-111.337893928662, 30.5665993690657], 
            [-111.337893928662, 30.6116104374718], 
            [-111.427916065474, 30.6116104374718], 
            [-111.427916065474, 30.6566304990984], 
            [-111.517947195507, 30.6566304990984], 
            [-111.517947195507, 30.7016415675044], 
            [-111.562958263913, 30.7016415675044], 
            [-111.562958263913, 30.7466526359105], 
            [-111.607969332319, 30.7466526359105], 
            [-111.607969332319, 30.7916637043166], 
            [-111.652980400725, 30.7916637043166], 
            [-111.652980400725, 30.8366747727227], 
            [-111.697991469131, 30.8366747727227], 
            [-111.697991469131, 30.8816858411287], 
            [-111.743002537537, 30.8816858411287], 
            [-111.743002537537, 30.9717079779409], 
            [-111.788013605943, 30.9717079779409], 
            [-111.788013605943, 31.0167280395674], 
            [-111.83303366757, 31.0167280395674], 
            [-111.83303366757, 31.1067501763796], 
            [-111.878044735976, 31.1067501763796], 
            [-111.878044735976, 31.1967723131918], 
            [-111.923055804382, 31.1967723131918], 
            [-111.923055804382, 31.2867944500039], 
            [-111.968066872788, 31.2867944500039], 
            [-111.968066872788, 31.3768255800365], 
            [-112.013077941194, 31.3768255800365], 
            [-112.013077941194, 31.4218366484427], 
            [-112.0580890096, 31.4218366484427], 
            [-112.0580890096, 31.5118587852548], 
            [-112.103100078006, 31.5118587852548], 
            [-112.103100078006, 31.601880922067], 
            [-112.148111146412, 31.601880922067], 
            [-112.148111146412, 31.6468919904731], 
            [-112.193122214818, 31.6468919904731], 
            [-112.193122214818, 31.6919030588791], 
            [-112.238142276445, 31.6919030588791], 
            [-112.238142276445, 31.7369231205057], 
            [-112.283153344851, 31.7369231205057], 
            [-112.283153344851, 31.7819341889117], 
            [-112.328164413257, 31.7819341889117], 
            [-112.328164413257, 31.8269452573179], 
            [-112.373175481663, 31.8269452573179], 
            [-112.373175481663, 31.8719563257239], 
            [-112.418186550069, 31.8719563257239], 
            [-112.418186550069, 31.91696739413], 
            [-112.463197618475, 31.91696739413], 
            [-112.463197618475, 31.9619784625361], 
            [-112.508208686881, 31.9619784625361], 
            [-112.508208686881, 32.0069895309422], 
            [-112.553219755287, 32.0069895309422], 
            [-112.553219755287, 32.0520005993483]
          ]
        ]
      }, 
      "properties" : {
        "OBJECTID" : 176, 
        "Id" : 176, 
        "gridcode" : 1, 
        "Timestamp" : 1786053600000, 
        "Unixtime" : 1786053600, 
        "Shape__Area" : 89495343357.464844, 
        "Shape__Length" : 1495922.1389818094
      }
    }, 
    {
      "type" : "Feature", 
      "id" : 177, 
      "geometry" : 
      {
        "type" : "Polygon", 
        "coordinates" : 
        [
          [
            [-88.7192789715472, 30.274022927816], 
            [-88.7117246663602, 30.2365751578174], 
            [-88.6967779339544, 30.2065018285966], 
            [-88.791296680997, 30.2151712931208], 
            [-88.8157222677684, 30.265182592103], 
            [-88.7192789715472, 30.274022927816]
          ]
        ]
      }, 
      "properties" : {
        "OBJECTID" : 177, 
        "Id" : 177, 
        "gridcode" : 2, 
        "Timestamp" : 1786053600000, 
        "Unixtime" : 1786053600, 
        "Shape__Area" : 78128367.7421875, 
        "Shape__Length" : 37486.725868540379
      }
    }, 
    {
      "type" : "Feature", 
      "id" : 178, 
      "geometry" : 
      {
        "type" : "Polygon", 
        "coordinates" : 
        [
          [
            [-88.899332238392, 30.1840007910038], 
            [-89.0204439383371, 30.1939922589357], 
            [-88.9966748566592, 30.2306036594314], 
            [-88.8385740409591, 30.2826024601355], 
            [-88.8407504003106, 30.2287330695756], 
            [-88.8907527060725, 30.1979222962771], 
            [-88.899332238392, 30.1840007910038]
          ]
        ]
      }, 
      "properties" : {
        "OBJECTID" : 178, 
        "Id" : 178, 
        "gridcode" : 2, 
        "Timestamp" : 1786053600000, 
        "Unixtime" : 1786053600, 
        "Shape__Area" : 141471738.75, 
        "Shape__Length" : 53597.839668067973
      }
    }, 
    {
      "type" : "Feature", 
      "id" : 179, 
      "geometry" : 
      {
        "type" : "Polygon", 
        "coordinates" : 
        [
          [
            [-88.8768222075788, 29.7113710829092], 
            [-88.936123503297, 29.7214434898253], 
            [-88.8834322246174, 29.8087946401606], 
            [-88.9246031878868, 29.8770441902373], 
            [-88.8634313023127, 29.9242585976563], 
            [-88.9091348486943, 30.0810014370667], 
            [-88.8085097049589, 30.05217816549], 
            [-88.7827081554569, 29.8776287495672], 
            [-88.8191127118821, 29.7886947924308], 
            [-88.8768222075788, 29.7113710829092]
          ]
        ]
      }, 
      "properties" : {
        "OBJECTID" : 179, 
        "Id" : 179, 
        "gridcode" : 2, 
        "Timestamp" : 1786053600000, 
        "Unixtime" : 1786053600, 
        "Shape__Area" : 443183903.47851563, 
        "Shape__Length" : 117490.46346089442
      }
    }, 
    {
      "type" : "Feature", 
      "id" : 180, 
      "geometry" : 
      {
        "type" : "Polygon", 
        "coordinates" : 
        [
          [
            [-91.6450703637063, 29.6663600145031], 
            [-91.6450703637063, 29.621348946097], 
            [-91.6675803945195, 29.621348946097], 
            [-91.6675803945195, 29.6663600145031], 
            [-91.6450703637063, 29.6663600145031]
          ]
        ]
      }, 
      "properties" : {
        "OBJECTID" : 180, 
        "Id" : 180, 
        "gridcode" : 1, 
        "Timestamp" : 1786053600000, 
        "Unixtime" : 1786053600, 
        "Shape__Area" : 14446405.53125, 
        "Shape__Length" : 16541.960519085638
      }
    }, 
    {
      "type" : "Feature", 
      "id" : 181, 
      "geometry" : 
      {
        "type" : "Polygon", 
        "coordinates" : 
        [
          [
            [-95.2685557992107, 29.5988389152838], 
            [-95.323369477919, 29.6141094036262], 
            [-95.2914525385038, 29.7564810767404], 
            [-95.1872840659069, 29.8337058608369], 
            [-95.1884711710077, 29.7061280353806], 
            [-95.2685557992107, 29.5988389152838]
          ]
        ]
      }, 
      "properties" : {
        "OBJECTID" : 181, 
        "Id" : 181, 
        "gridcode" : 2, 
        "Timestamp" : 1786053600000, 
        "Unixtime" : 1786053600, 
        "Shape__Area" : 260886069.83984375, 
        "Shape__Length" : 72987.4431949175
      }
    }, 
    {
      "type" : "Feature", 
      "id" : 182, 
      "geometry" : 
      {
        "type" : "Polygon", 
        "coordinates" : 
        [
          [
            [-91.6900814321123, 29.5538278468777], 
            [-91.6900814321123, 29.576337877691], 
            [-91.6612581605356, 29.5650783656741], 
            [-91.6900814321123, 29.5538278468777]
          ]
        ]
      }, 
      "properties" : {
        "OBJECTID" : 182, 
        "Id" : 182, 
        "gridcode" : 2, 
        "Timestamp" : 1786053600000, 
        "Unixtime" : 1786053600, 
        "Shape__Area" : 4621835.62109375, 
        "Shape__Length" : 9915.1074386870514
      }
    }, 
    {
      "type" : "Feature", 
      "id" : 183, 
      "geometry" : 
      {
        "type" : "Polygon", 
        "coordinates" : 
        [
          [
            [-83.4303570253564, 29.5538278468777], 
            [-83.4403574865087, 29.6338405293171], 
            [-83.5931253224756, 29.7266325780311], 
            [-83.6304651738287, 29.8152517724514], 
            [-83.7095245748991, 29.9139793466696], 
            [-83.8010665659692, 29.9491608251121], 
            [-83.8456999191159, 29.9436120080878], 
            [-83.8700535601237, 29.974027079686], 
            [-84.0346025148941, 30.0707491657415], 
            [-84.2952350370672, 30.032815761838], 
            [-84.3216031594582, 29.8812979835152], 
            [-84.4206185167311, 29.8689143189408], 
            [-84.4095928284462, 29.9704207982813], 
            [-84.3848344925178, 30.0670169792503], 
            [-84.2382449990075, 30.2078598048861], 
            [-84.1297777670302, 30.2430592697696], 
            [-83.9544099680455, 30.2394799680262], 
            [-83.7781068741329, 30.148657434593], 
            [-83.6776256219248, 30.1507078888581], 
            [-83.6443866791019, 30.3493231627339], 
            [-83.8008597218986, 30.8545443017782], 
            [-83.7536902805819, 31.0385815652871], 
            [-83.5893301834412, 31.2421970697391], 
            [-83.4492697679854, 31.4311356383991], 
            [-83.419322343851, 31.6940254589079], 
            [-83.4891726871697, 31.86621865107], 
            [-83.7672340705958, 32.023869805747], 
            [-84.1712544997953, 32.2021424149406], 
            [-84.2550982941509, 32.2453278595931], 
            [-84.2993089659359, 32.2913551619113], 
            [-84.3492393259341, 32.3942645836437], 
            [-84.3866331366099, 32.6292124681809], 
            [-84.3405428817485, 32.7638679581398], 
            [-84.0715466645469, 32.9632746354162], 
            [-83.7283024192212, 33.2282508830719], 
            [-83.5088948196401, 33.3908932751047], 
            [-83.4418323746643, 33.4499427606499], 
            [-83.5590679965907, 33.6228913833307], 
            [-83.6258246720709, 33.7605056428212], 
            [-83.6213550415019, 33.9794995542611], 
            [-83.4836688362477, 34.1826294248082], 
            [-83.2784165656719, 34.3171949825624], 
            [-83.101483946327, 34.3135797079373], 
            [-82.9581499986235, 34.2397453679545], 
            [-82.8319571291182, 34.0171631615507], 
            [-82.8347270410201, 33.8814104986956], 
            [-82.9079858148934, 33.7392096967702], 
            [-83.0746122035903, 33.5791123861278], 
            [-83.2957644879407, 33.4478293538417], 
            [-83.3387610749636, 33.4030880820494], 
            [-83.2838394776097, 33.1887886316901], 
            [-83.1879537610571, 32.7954701348389], 
            [-83.0737308679851, 32.4936486629555], 
            [-82.9867574329091, 32.3248189352457], 
            [-82.8689462448733, 32.2116302625267], 
            [-82.4370468322455, 32.1647036381625], 
            [-82.2695930672662, 32.107389844166], 
            [-82.1716029371258, 31.9579225201083], 
            [-82.136475418006, 31.697209058951], 
            [-82.1848679373054, 31.4135179195164], 
            [-82.2490075856315, 31.1632365940936], 
            [-82.2731723690095, 31.0641043249547], 
            [-82.2708341316897, 30.9492069403481], 
            [-82.2715266096653, 30.9152575331087], 
            [-82.2485579246085, 30.8256490844378], 
            [-82.1413677299367, 30.3859345632296], 
            [-82.1139743804133, 30.1014790000559], 
            [-82.1833300966066, 29.9668504897584], 
            [-82.3842656213613, 29.8693639799638], 
            [-82.4669582834979, 29.8267720878616], 
            [-82.7623496027519, 29.6476361295038], 
            [-82.9878456125849, 29.5744582946147], 
            [-83.4303570253564, 29.5538278468777]
          ]
        ]
      }, 
      "properties" : {
        "OBJECTID" : 183, 
        "Id" : 183, 
        "gridcode" : 2, 
        "Timestamp" : 1786053600000, 
        "Unixtime" : 1786053600, 
        "Shape__Area" : 79432158742.873047, 
        "Shape__Length" : 1811219.3319058127
      }
    }, 
    {
      "type" : "Feature", 
      "id" : 184, 
      "geometry" : 
      {
        "type" : "Polygon", 
        "coordinates" : 
        [
          [
            [-92.5678197490821, 29.5538278468777], 
            [-92.5966340274384, 29.6341283123718], 
            [-92.6344685059167, 30.0773501895597], 
            [-92.6105465394912, 30.4786996322823], 
            [-92.5741959423888, 30.7176854728064], 
            [-92.5014048159794, 30.8926935429727], 
            [-92.3702207091184, 31.0099021852378], 
            [-92.2155642968548, 31.0576561858843], 
            [-92.0839395221911, 31.0498140976426], 
            [-92.0614384845983, 31.0511540874912], 
            [-92.0166432534833, 31.0484831010144], 
            [-91.8582816343899, 30.9137646585123], 
            [-91.7203975782855, 30.6133461290207], 
            [-91.5945014850554, 30.2056294862119], 
            [-91.5669372643432, 29.8688153935157], 
            [-91.6136390581959, 29.6944458420021], 
            [-91.6450703637063, 29.6663600145031], 
            [-91.6548999536699, 29.7046441540046], 
            [-91.7469725447471, 29.725283594962], 
            [-91.8555836682517, 29.6796699807851], 
            [-91.920802503033, 29.7034750353447], 
            [-91.8967906044028, 29.8105842910323], 
            [-91.9509657644584, 29.7922021484105], 
            [-91.9918579378935, 29.7655732226262], 
            [-92.0880224442803, 29.7295913475627], 
            [-92.0788943255126, 29.6888610520959], 
            [-92.0883821730988, 29.6465389566076], 
            [-92.0276779349887, 29.6601546923852], 
            [-91.9714073545657, 29.6475372040788], 
            [-91.8584255259173, 29.6728711061168], 
            [-91.7729809383196, 29.6172300511261], 
            [-91.6992814966437, 29.5896478439729], 
            [-91.6900814321123, 29.576337877691], 
            [-91.6900814321123, 29.5538278468777], 
            [-91.7544279245091, 29.4596688286536], 
            [-91.8315987492828, 29.4482654251094], 
            [-92.0331997723516, 29.5400682195727], 
            [-92.1438793365621, 29.5564178943704], 
            [-92.2873212029111, 29.5000304020814], 
            [-92.5551213217915, 29.5440252365755], 
            [-92.5678197490821, 29.5538278468777]
          ]
        ]
      }, 
      "properties" : {
        "OBJECTID" : 184, 
        "Id" : 184, 
        "gridcode" : 1, 
        "Timestamp" : 1786053600000, 
        "Unixtime" : 1786053600, 
        "Shape__Area" : 19179519342.828125, 
        "Shape__Length" : 676990.19161478593
      }
    }, 
    {
      "type" : "Feature", 
      "id" : 185, 
      "geometry" : 
      {
        "type" : "Polygon", 
        "coordinates" : 
        [
          [
            [-101.120129590308, 29.3737835732534], 
            [-101.120129590308, 29.3962846108462], 
            [-101.097628552715, 29.3962846108462], 
            [-101.097628552715, 29.3737835732534], 
            [-101.120129590308, 29.3737835732534]
          ]
        ]
      }, 
      "properties" : {
        "OBJECTID" : 185, 
        "Id" : 185, 
        "gridcode" : 2, 
        "Timestamp" : 1786053600000, 
        "Unixtime" : 1786053600, 
        "Shape__Area" : 7200437.171875, 
        "Shape__Length" : 10758.909864675254
      }
    }, 
    {
      "type" : "Feature", 
      "id" : 186, 
      "geometry" : 
      {
        "type" : "Polygon", 
        "coordinates" : 
        [
          [
            [-91.6675803945195, 29.621348946097], 
            [-91.6450703637063, 29.621348946097], 
            [-91.6450703637063, 29.6663600145031], 
            [-91.6136390581959, 29.6944458420021], 
            [-91.5669372643432, 29.8688153935157], 
            [-91.5945014850554, 30.2056294862119], 
            [-91.7203975782855, 30.6133461290207], 
            [-91.8582816343899, 30.9137646585123], 
            [-92.0166432534833, 31.0484831010144], 
            [-92.0614384845983, 31.0511540874912], 
            [-92.0839395221911, 31.0498140976426], 
            [-92.2155642968548, 31.0576561858843], 
            [-92.3702207091184, 31.0099021852378], 
            [-92.5014048159794, 30.8926935429727], 
            [-92.5741959423888, 30.7176854728064], 
            [-92.6105465394912, 30.4786996322823], 
            [-92.6344685059167, 30.0773501895597], 
            [-92.5966340274384, 29.6341283123718], 
            [-92.5678197490821, 29.5538278468777], 
            [-92.6760981234296, 29.5679921691034], 
            [-92.9774339614081, 29.6848860486523], 
            [-93.2522667786888, 29.7601053445861], 
            [-93.3239787186429, 29.7200855135357], 
            [-93.5766432474878, 29.7403922053361], 
            [-93.789144053755, 29.6921165979027], 
            [-93.8182191355046, 29.6269607156645], 
            [-93.9586212933379, 29.6575826313335], 
            [-94.0982320477708, 29.6438499836898], 
            [-94.1163264073378, 29.6606133466287], 
            [-94.2590937821523, 30.0347493042371], 
            [-94.4199555165338, 30.6342553665919], 
            [-94.4847966360559, 30.7716447955709], 
            [-94.6719725335056, 30.9736595067809], 
            [-94.8405594442629, 31.0896630575042], 
            [-95.3558529902232, 31.3776079902166], 
            [-95.5087287448357, 31.5192512124735], 
            [-95.6850408319688, 31.7095477574231], 
            [-95.8962286280487, 31.8548602136281], 
            [-96.1999476694493, 31.9707558457058], 
            [-96.6949075439479, 32.1217070511396], 
            [-97.0510570606348, 32.2259744491616], 
            [-97.6489803161886, 32.3916925225919], 
            [-98.3627092716155, 32.5813235692274], 
            [-98.3743914649941, 32.5921514066622], 
            [-98.3743914649941, 32.9522489471313], 
            [-98.4194025334002, 32.9522489471313], 
            [-98.4194025334002, 33.1773042891617], 
            [-98.4644136018062, 33.1773042891617], 
            [-98.4644136018062, 33.3123464876004], 
            [-98.5094246702123, 33.3123464876004], 
            [-98.5094246702123, 33.4023686244126], 
            [-98.5544447318388, 33.4023686244126], 
            [-98.5544447318388, 33.4473796928186], 
            [-98.5994558002449, 33.4473796928186], 
            [-98.5994558002449, 33.4923907612247], 
            [-98.644466868651, 33.4923907612247], 
            [-98.644466868651, 33.5824218912574], 
            [-98.6894779370571, 33.5824218912574], 
            [-98.6894779370571, 33.6274329596634], 
            [-98.7344890054632, 33.6274329596634], 
            [-98.7344890054632, 33.6724440280695], 
            [-98.8245111422754, 33.6724440280695], 
            [-98.8245111422754, 33.7174550964756], 
            [-98.8695222106814, 33.7174550964756], 
            [-98.8695222106814, 33.7624661648817], 
            [-98.9145332790875, 33.7624661648817], 
            [-98.9145332790875, 33.8074772332878], 
            [-98.959553340714, 33.8074772332878], 
            [-98.959553340714, 33.8524883016938], 
            [-99.0045644091201, 33.8524883016938], 
            [-99.0045644091201, 33.8974993700999], 
            [-99.0495754775262, 33.8974993700999], 
            [-99.0495754775262, 33.9425194317265], 
            [-99.0945865459323, 33.9425194317265], 
            [-99.0945865459323, 33.9875305001325], 
            [-99.1395976143384, 33.9875305001325], 
            [-99.1395976143384, 34.0775526369447], 
            [-99.1846086827445, 34.0775526369447], 
            [-99.1846086827445, 34.1225637053508], 
            [-99.2296197511506, 34.1225637053508], 
            [-99.2296197511506, 34.212585842163], 
            [-99.2746308195566, 34.212585842163], 
            [-99.2746308195566, 34.257596910569], 
            [-99.3196508811832, 34.257596910569], 
            [-99.3196508811832, 34.3926391090077], 
            [-99.3646619495892, 34.3926391090077], 
            [-99.3646619495892, 34.4826612458199], 
            [-99.4096730179953, 34.4826612458199], 
            [-99.4096730179953, 34.6627055194443], 
            [-99.4546840864014, 34.6627055194443], 
            [-99.4546840864014, 34.842758786289], 
            [-99.4996951548075, 34.842758786289], 
            [-99.4996951548075, 35.0228030599134], 
            [-99.5447062232136, 35.0228030599134], 
            [-99.5447062232136, 35.1578452583521], 
            [-99.5897172916197, 35.1578452583521], 
            [-99.5897172916197, 35.2478673951642], 
            [-99.6347283600257, 35.2478673951642], 
            [-99.6347283600257, 35.3378895319764], 
            [-99.6797484216523, 35.3378895319764], 
            [-99.6797484216523, 35.3829006003825], 
            [-99.7247594900584, 35.3829006003825], 
            [-99.7247594900584, 35.4729317304151], 
            [-99.7697705584645, 35.4729317304151], 
            [-99.7697705584645, 35.5629538672273], 
            [-99.8147816268705, 35.5629538672273], 
            [-99.8147816268705, 35.6529760040394], 
            [-99.8597926952766, 35.6529760040394], 
            [-99.8597926952766, 35.7429981408516], 
            [-99.9048037636827, 35.7429981408516], 
            [-99.9048037636827, 35.8330292708842], 
            [-99.9498148320887, 35.8330292708842], 
            [-99.9498148320887, 35.9680624761025], 
            [-99.9948259004948, 35.9680624761025], 
            [-99.9948259004948, 36.1481067497268], 
            [-100.039845962121, 36.1481067497268], 
            [-100.039845962121, 36.3281600165716], 
            [-100.084857030527, 36.3281600165716], 
            [-100.084857030527, 36.4181821533837], 
            [-100.129868098934, 36.4181821533837], 
            [-100.129868098934, 36.5082042901959], 
            [-100.17487916734, 36.5082042901959], 
            [-100.17487916734, 36.5532243518225], 
            [-100.219890235746, 36.5532243518225], 
            [-100.219890235746, 36.6432464886346], 
            [-100.264901304152, 36.6432464886346], 
            [-100.264901304152, 36.6882575570407], 
            [-100.354923440964, 36.6882575570407], 
            [-100.354923440964, 36.7332686254468], 
            [-100.399943502591, 36.7332686254468], 
            [-100.399943502591, 36.7782796938529], 
            [-100.444954570997, 36.7782796938529], 
            [-100.444954570997, 36.823290762259], 
            [-100.489965639403, 36.823290762259], 
            [-100.489965639403, 36.868301830665], 
            [-100.534976707809, 36.868301830665], 
            [-100.534976707809, 36.9133218922916], 
            [-100.579987776215, 36.9133218922916], 
            [-100.579987776215, 36.9583329606976], 
            [-100.624998844621, 36.9583329606976], 
            [-100.624998844621, 37.0033440291037], 
            [-100.670009913027, 37.0033440291037], 
            [-100.670009913027, 37.0483550975099], 
            [-100.715020981433, 37.0483550975099], 
            [-100.715020981433, 37.0933661659159], 
            [-100.760032049839, 37.0933661659159], 
            [-100.760032049839, 37.1833883027281], 
            [-100.805052111466, 37.1833883027281], 
            [-100.805052111466, 37.2283993711342], 
            [-100.850063179872, 37.2283993711342], 
            [-100.850063179872, 37.3184305011668], 
            [-100.895074248278, 37.3184305011668], 
            [-100.895074248278, 37.4084526379789], 
            [-100.940085316684, 37.4084526379789], 
            [-100.940085316684, 37.4984747747911], 
            [-100.98509638509, 37.4984747747911], 
            [-100.98509638509, 37.6335169732298], 
            [-101.030107453496, 37.6335169732298], 
            [-101.030107453496, 37.8135612468541], 
            [-101.075118521902, 37.8135612468541], 
            [-101.075118521902, 37.9485944520724], 
            [-101.120129590308, 37.9485944520724], 
            [-101.120129590308, 38.0836366505111], 
            [-101.165149651935, 38.0836366505111], 
            [-101.165149651935, 38.1286477189172], 
            [-101.210160720341, 38.1286477189172], 
            [-101.210160720341, 38.1736587873232], 
            [-101.255171788747, 38.1736587873232], 
            [-101.255171788747, 38.2186698557293], 
            [-101.300182857153, 38.2186698557293], 
            [-101.300182857153, 38.2636809241354], 
            [-101.390204993965, 38.2636809241354], 
            [-101.390204993965, 38.3086919925415], 
            [-101.525247192404, 38.3086919925415], 
            [-101.525247192404, 38.3537030609476], 
            [-101.705291466028, 38.3537030609476], 
            [-101.705291466028, 38.3987231225742], 
            [-101.885344732873, 38.3987231225742], 
            [-101.885344732873, 38.4437341909802], 
            [-101.975366869685, 38.4437341909802], 
            [-101.975366869685, 38.4887452593863], 
            [-102.065389006497, 38.4887452593863], 
            [-102.065389006497, 38.5337563277924], 
            [-102.15541114331, 38.5337563277924], 
            [-102.15541114331, 38.5787673961984], 
            [-102.200422211716, 38.5787673961984], 
            [-102.200422211716, 38.6237784646045], 
            [-102.290453341748, 38.6237784646045], 
            [-102.290453341748, 38.6687895330106], 
            [-102.335464410154, 38.6687895330106], 
            [-102.335464410154, 38.7138006014167], 
            [-102.38047547856, 38.7138006014167], 
            [-102.38047547856, 38.7588206630432], 
            [-102.425486546967, 38.7588206630432], 
            [-102.425486546967, 38.8038317314493], 
            [-102.470497615373, 38.8038317314493], 
            [-102.470497615373, 38.8938538682615], 
            [-102.515508683779, 38.8938538682615], 
            [-102.515508683779, 38.9388649366676], 
            [-102.560519752185, 38.9388649366676], 
            [-102.560519752185, 39.0288870734797], 
            [-102.605530820591, 39.0288870734797], 
            [-102.605530820591, 39.2089403403245], 
            [-102.650550882217, 39.2089403403245], 
            [-102.650550882217, 39.5240268123875], 
            [-102.605530820591, 39.5240268123875], 
            [-102.594208356031, 39.396637844561], 
            [-102.543900280773, 39.2003338283435], 
            [-102.313673836978, 38.9386221197151], 
            [-102.000934595455, 38.6966145571162], 
            [-101.69967070324, 38.5177753750336], 
            [-101.434325733546, 38.4051352887627], 
            [-101.227337771421, 38.3379739183617], 
            [-100.983252774896, 38.3429471692765], 
            [-100.881359587075, 38.4120151024151], 
            [-100.786939765458, 38.5560325348737], 
            [-100.567676057404, 39.2317201677516], 
            [-100.399943502591, 39.6590600176058], 
            [-99.5991152070011, 39.6496621022243], 
            [-99.5803283694586, 39.6234468645812], 
            [-99.4640820017829, 39.6046510338182], 
            [-99.4452861710199, 39.5784357961751], 
            [-99.3740598649707, 39.5596399654121], 
            [-99.3552640342078, 39.5334157345486], 
            [-99.2840287349381, 39.514628897006], 
            [-99.2652418973956, 39.4884046661425], 
            [-99.194006598126, 39.4696178286], 
            [-99.175210767363, 39.4433935977364], 
            [-99.1489955297199, 39.4246067601939], 
            [-99.1301996989569, 39.3983825293303], 
            [-99.1039844613137, 39.3795866985674], 
            [-99.0851886305508, 39.3533714609243], 
            [-99.0589733929077, 39.3345756301613], 
            [-99.0401775621447, 39.3083603925182], 
            [-99.0139623245016, 39.2895645617552], 
            [-98.9951664937386, 39.2633493241121], 
            [-98.9689422628751, 39.2445534933491], 
            [-98.9501554253326, 39.218338255706], 
            [-98.923931194469, 39.199542424943], 
            [-98.9051443569265, 39.1283071256734], 
            [-98.8789201260629, 39.1095202881309], 
            [-98.8601332885204, 39.0382849888612], 
            [-98.8339090576569, 39.0194891580982], 
            [-98.8151132268938, 38.9482628520491], 
            [-98.7888979892508, 38.9294670212861], 
            [-98.7701021584878, 38.8582407152369], 
            [-98.7438869208447, 38.8394448844739], 
            [-98.7250910900817, 38.7231985167982], 
            [-98.6988758524386, 38.7044116792556], 
            [-98.6800800216756, 38.5431542431739], 
            [-98.6538647840325, 38.5243584124109], 
            [-98.6350689532695, 38.4081120447352], 
            [-98.6088447224059, 38.3893252071927], 
            [-98.5900578848634, 38.318089907923], 
            [-98.5638336539999, 38.2993030703805], 
            [-98.5450468164573, 38.2730788395169], 
            [-98.3972612246258, 38.2542830087539], 
            [-98.3649935496126, 38.2993030703805], 
            [-98.2937672435634, 38.318089907923], 
            [-98.2749714128004, 38.3443141387866], 
            [-98.2037361135307, 38.3631009763291], 
            [-98.1849492759882, 38.3893252071927], 
            [-98.1587250451247, 38.4081120447352], 
            [-98.1399382075821, 38.4343362755987], 
            [-98.0687029083125, 38.4531321063617], 
            [-98.0499070775495, 38.4793473440048], 
            [-98.0236918399064, 38.4981431747678], 
            [-98.0048960091435, 38.5243584124109], 
            [-97.9336697030943, 38.5431542431739], 
            [-97.9148738723313, 38.569369480817], 
            [-97.8436385730616, 38.5881653115799], 
            [-97.8248517355191, 38.614380549223], 
            [-97.7986275046555, 38.633176379986], 
            [-97.779840667113, 38.6593916176291], 
            [-97.7086053678434, 38.6781874483921], 
            [-97.6898095370804, 38.7044116792556], 
            [-97.6185832310312, 38.7231985167982], 
            [-97.5997874002683, 38.7494227476618], 
            [-97.5735721626252, 38.7682095852043], 
            [-97.5547763318622, 38.7944338160679], 
            [-97.4835410325925, 38.8132206536104], 
            [-97.46475419505, 38.8394448844739], 
            [-97.4385299641864, 38.8582407152369], 
            [-97.4197431266439, 38.88445595288], 
            [-97.3935188957803, 38.903251783643], 
            [-97.3747320582378, 38.9294670212861], 
            [-97.3485078273743, 38.9482628520491], 
            [-97.3297119966113, 39.0645092197248], 
            [-97.285204548551, 39.0964081726991], 
            [-97.3297119966113, 39.1283071256734], 
            [-97.3485078273743, 39.2445534933491], 
            [-97.3747320582378, 39.2633493241121], 
            [-97.3841209803988, 39.2764524463234], 
            [-97.1775197267539, 39.3693254340216], 
            [-96.9479318016113, 39.490814849226], 
            [-96.9200708046239, 39.4897086831093], 
            [-96.8110729726395, 39.5473911991446], 
            [-96.7422748361147, 39.5798567250079], 
            [-96.5215002670237, 39.6966786587931], 
            [-96.220083490061, 39.8389334200414], 
            [-95.999290934529, 39.881084644341], 
            [-95.8064133353071, 39.8475039591405], 
            [-95.5835253594078, 39.6765878042838], 
            [-95.2511719040601, 39.2993042195142], 
            [-95.1226947565577, 39.1157166170283], 
            [-95.2109722086005, 38.6937726994506], 
            [-95.2343635750189, 38.5154910970366], 
            [-95.1578672417797, 38.3709340713504], 
            [-94.9347724218098, 38.1875982790374], 
            [-94.7253472969401, 38.0887627861737], 
            [-94.5418136537771, 38.0960383015264], 
            [-94.0649031727432, 38.32037418592], 
            [-93.7760589179846, 38.4328523942227], 
            [-93.582228037394, 38.4942221306469], 
            [-93.1957713677544, 38.5862767352832], 
            [-93.1529816248021, 38.6012774270117], 
            [-93.1529816248021, 38.5337563277924], 
            [-93.107970556396, 38.5337563277924], 
            [-93.107970556396, 38.4887452593863], 
            [-93.0629594879899, 38.4887452593863], 
            [-93.0629594879899, 38.4437341909802], 
            [-93.0179484195838, 38.4437341909802], 
            [-93.0179484195838, 38.3987231225742], 
            [-92.9729283579573, 38.3987231225742], 
            [-92.9729283579573, 38.3086919925415], 
            [-92.9279172895512, 38.3086919925415], 
            [-92.9279172895512, 38.2636809241354], 
            [-92.8829062211451, 38.2636809241354], 
            [-92.8829062211451, 38.2186698557293], 
            [-92.8378951527391, 38.2186698557293], 
            [-92.8378951527391, 38.1736587873232], 
            [-92.792884084333, 38.1736587873232], 
            [-92.792884084333, 38.1286477189172], 
            [-92.7478730159269, 38.1286477189172], 
            [-92.7478730159269, 38.0836366505111], 
            [-92.7028619475208, 38.0836366505111], 
            [-92.7028619475208, 38.038625582105], 
            [-92.6578508791147, 38.038625582105], 
            [-92.6578508791147, 37.9936055204785], 
            [-92.6128308174882, 37.9936055204785], 
            [-92.6128308174882, 37.9485944520724], 
            [-92.5678197490821, 37.9485944520724], 
            [-92.5678197490821, 37.9035833836663], 
            [-92.522808680676, 37.9035833836663], 
            [-92.522808680676, 37.8135612468541], 
            [-92.4777976122699, 37.8135612468541], 
            [-92.4777976122699, 37.768550178448], 
            [-92.4327865438639, 37.768550178448], 
            [-92.4327865438639, 37.6785280416359], 
            [-92.3877754754578, 37.6785280416359], 
            [-92.3877754754578, 37.5884969116033], 
            [-92.3652654446445, 37.5884969116033], 
            [-92.3652654446445, 37.5659958740105], 
            [-92.3427644070517, 37.5659958740105], 
            [-92.3427644070517, 37.453463706385], 
            [-92.3202543762385, 37.453463706385], 
            [-92.3202543762385, 37.4309536755717], 
            [-92.2977533386456, 37.4309536755717], 
            [-92.2977533386456, 36.9133218922916], 
            [-92.3427644070517, 36.9133218922916], 
            [-92.3427644070517, 36.7782796938529], 
            [-92.3877754754578, 36.7782796938529], 
            [-92.3877754754578, 36.6432464886346], 
            [-92.4327865438639, 36.6432464886346], 
            [-92.4327865438639, 36.5532243518225], 
            [-92.4777976122699, 36.5532243518225], 
            [-92.4777976122699, 36.4631932217898], 
            [-92.522808680676, 36.4631932217898], 
            [-92.522808680676, 36.3281600165716], 
            [-92.5678197490821, 36.3281600165716], 
            [-92.5678197490821, 36.0580846129146], 
            [-92.522808680676, 36.0580846129146], 
            [-92.522808680676, 36.0130735445085], 
            [-92.4777976122699, 36.0130735445085], 
            [-92.4777976122699, 35.9680624761025], 
            [-92.4327865438639, 35.9680624761025], 
            [-92.4327865438639, 35.9230514076964], 
            [-92.2977533386456, 35.9230514076964], 
            [-92.2977533386456, 35.8780403392903], 
            [-92.0726890033947, 35.8780403392903], 
            [-92.0726890033947, 35.8330292708842], 
            [-91.6225693261135, 35.8330292708842], 
            [-91.6225693261135, 35.8780403392903], 
            [-91.5325381960808, 35.8780403392903], 
            [-91.5325381960808, 35.9230514076964], 
            [-91.4875271276748, 35.9230514076964], 
            [-91.4875271276748, 36.0130735445085], 
            [-91.4425160592687, 36.0130735445085], 
            [-91.4425160592687, 36.5532243518225], 
            [-91.4875271276748, 36.5532243518225], 
            [-91.4875271276748, 36.6207364578214], 
            [-91.3858227974841, 36.6099176136071], 
            [-91.1736007810512, 36.5355346871762], 
            [-91.1166107429913, 36.4740210592246], 
            [-91.0877425053123, 36.4472752215743], 
            [-90.9380773304044, 36.4532017538579], 
            [-90.8690453701477, 36.4290099908185], 
            [-90.7295964936832, 36.4067967362805], 
            [-90.6376498076924, 36.3581344203673], 
            [-90.3509729190649, 36.3695018510297], 
            [-90.1096758208824, 36.3599330644594], 
            [-90.0001923549931, 36.2845968566597], 
            [-89.8787748855524, 36.0689124503494], 
            [-89.7618720127831, 35.8841647224241], 
            [-89.5648395457084, 35.7396526628402], 
            [-89.3987077841369, 35.7096692658241], 
            [-89.2662466399704, 35.7797624260951], 
            [-89.1224180651415, 35.9758595982419], 
            [-89.0460476369888, 36.2498200731379], 
            [-89.0172243654121, 36.3042920094687], 
            [-88.8544290886315, 36.3389878540063], 
            [-88.5541274710059, 36.286692277027], 
            [-88.2915074471109, 36.2098092353081], 
            [-88.0175739518763, 36.036464910927], 
            [-87.8887280823351, 35.9756617473918], 
            [-87.7661235077936, 35.9805180864406], 
            [-87.5048434737473, 36.0570144196798], 
            [-87.2550927483316, 36.1891608011301], 
            [-87.1687218590265, 36.2823845244263], 
            [-87.0692478475101, 36.4364293976986], 
            [-86.9655200427157, 36.656214712539], 
            [-86.8890416959175, 36.8007627450048], 
            [-86.7506360330265, 36.8341185996937], 
            [-86.2632304637149, 36.5601131586954], 
            [-86.1136462277911, 36.4973854459817], 
            [-85.9606265816514, 36.5510120195891], 
            [-85.5906634783368, 36.8187491859263], 
            [-85.4609722460722, 36.8566196372865], 
            [-85.3056143626127, 36.8021746806171], 
            [-85.0776991764757, 36.5561921145745], 
            [-85.0174625858296, 36.3941342818717], 
            [-85.0647759186737, 36.0768264843548], 
            [-85.1557153639728, 35.7662006496403], 
            [-85.2979341523392, 35.5595184570113], 
            [-85.4097198826664, 35.4775272660706], 
            [-85.5621189965943, 35.4056084820459], 
            [-85.7225040902915, 35.3074025146145], 
            [-85.768324548539, 35.1626746177395], 
            [-85.7356611718255, 35.0065433173203], 
            [-85.5956906885744, 34.8240169148488], 
            [-85.3903934518962, 34.7271239576046], 
            [-84.9495098120282, 34.7446067781804], 
            [-84.8485339326948, 34.7406047950753], 
            [-84.6876901847542, 34.6172627764561], 
            [-84.5538620710777, 34.3795180003555], 
            [-84.4016787944407, 34.1692205331012], 
            [-84.2498732330632, 33.911007187232], 
            [-84.2072453680792, 33.8158499215367], 
            [-84.3044980541418, 33.72573785252], 
            [-84.3419278376995, 33.5686172978501], 
            [-84.4039630724378, 33.5111326326649], 
            [-84.7491048872807, 33.3482474236798], 
            [-84.8858557976069, 33.2758879718525], 
            [-85.0237128740499, 33.0623979113346], 
            [-85.2584898873983, 32.8448609016094], 
            [-85.417481031924, 32.6732702552182], 
            [-85.5262989994991, 32.4881807849154], 
            [-85.5663997695337, 32.1947409945014], 
            [-85.5549513998872, 31.9057168753336], 
            [-85.5589623762126, 31.8044352265045], 
            [-85.5567140710974, 31.7478318969246], 
            [-85.599198044554, 31.626630264775], 
            [-85.6826911033117, 31.5052937343184], 
            [-85.7940361658363, 31.4021325024131], 
            [-86.0442545387159, 31.3659977426018], 
            [-86.39703159773, 31.4398051029232], 
            [-86.862098007417, 31.6585741838515], 
            [-87.134925336535, 31.7781660295387], 
            [-87.3644143362525, 31.7690738836529], 
            [-87.4472598831371, 31.7252409271272], 
            [-87.6419631061124, 31.6534930142913], 
            [-88.206935201898, 31.5308524668679], 
            [-88.3989494519556, 31.4292560553227], 
            [-88.541285152188, 31.2088412150501], 
            [-88.6353992043097, 30.9851888154116], 
            [-88.6625857097627, 30.6449483057198], 
            [-88.708460127333, 30.4882594256321], 
            [-88.7192789715472, 30.319033996222], 
            [-88.9836346869911, 30.3743423020556], 
            [-89.0676943186379, 30.3298618336568], 
            [-89.1585798046142, 30.3082151520077], 
            [-89.2477475854826, 30.2848507652507], 
            [-89.3750016550024, 30.2545346190775], 
            [-89.4070085266221, 30.1940552114789], 
            [-89.4048231740502, 30.1389897225977], 
            [-89.4079348283296, 30.0606407859436], 
            [-89.360279753108, 30.0822964608131], 
            [-89.2297071852383, 30.1721387332161], 
            [-89.1586877232598, 30.1749536112202], 
            [-89.1576894757886, 30.1498715193552], 
            [-89.1813866117027, 30.1050852814607], 
            [-89.1496855095785, 30.0757044302153], 
            [-89.1811168150889, 29.9254726824184], 
            [-89.1793361574377, 29.8805695326579], 
            [-89.2035908730203, 29.858086481506], 
            [-89.2252375546694, 29.8122210571561], 
            [-89.2486019414264, 29.7905743755071], 
            [-89.2702486230754, 29.7446999579368], 
            [-89.361215048036, 29.7017753166776], 
            [-89.3599380107306, 29.6694267026802], 
            [-89.4946114871304, 29.5824622608247], 
            [-89.4996476905884, 29.4552711438483], 
            [-89.4416863847188, 29.4246042620771], 
            [-89.2911938335286, 29.4305667672426], 
            [-89.2276657241937, 29.3620024544498], 
            [-89.1794620625241, 29.3639090171875], 
            [-89.136069773801, 29.3170903114688], 
            [-89.1001058851784, 29.2837524432208], 
            [-89.136069773801, 29.2504235681932], 
            [-89.1577254486705, 29.2270591814362], 
            [-89.2711119722397, 29.2054124997871], 
            [-89.2927586538887, 29.1820481130301], 
            [-89.4061451774579, 29.1604014313811], 
            [-89.4394740524855, 29.124428549538], 
            [-89.5037935652208, 29.1938472182746], 
            [-89.6086994818955, 29.2270591814362], 
            [-89.693361659313, 29.2718634057716], 
            [-89.8701503871306, 29.2788691245105], 
            [-89.9454326356076, 29.2270591814362], 
            [-90.0138080907707, 29.1829114621943], 
            [-90.1306210313355, 29.1025300577161], 
            [-90.2316868428734, 29.0490473756359], 
            [-90.3489764241226, 29.0443978806578], 
            [-90.38074047879, 29.0786710438337], 
            [-90.4678128392911, 29.0325987754132], 
            [-90.5761181932999, 29.0705591589781], 
            [-90.6593054825619, 29.0265373448227], 
            [-90.8433157664094, 29.019243843029], 
            [-90.9521876933073, 29.1367492615693], 
            [-91.0715996745852, 29.1595470754373], 
            [-91.1382574246404, 29.1829114621943], 
            [-91.2953869725307, 29.2203322525315], 
            [-91.3858227974841, 29.3179446674126], 
            [-91.4308338658901, 29.3596462306891], 
            [-91.4091871842411, 29.4079668042247], 
            [-91.3657679158566, 29.4482024725661], 
            [-91.4767082834605, 29.4746245542798], 
            [-91.5208649959228, 29.4979889410369], 
            [-91.5667304202726, 29.5196446159064], 
            [-91.5883771019217, 29.5880200710695], 
            [-91.6567525570848, 29.6096667527186], 
            [-91.6675803945195, 29.621348946097]
          ], 
          [
            [-97.5866752848365, 36.3956811157909], 
            [-97.5756495965516, 36.4071564650989], 
            [-97.4729110460079, 36.4322025840821], 
            [-97.2763192467358, 36.4994898595694], 
            [-97.065329301506, 36.6425090445568], 
            [-96.9407911845655, 36.7721373242782], 
            [-96.8503103935098, 36.910129299028], 
            [-96.7850106197442, 37.0447308296642], 
            [-96.739118215733, 37.2329859135691], 
            [-96.7434619412156, 37.445675577466], 
            [-96.7897410537066, 37.5355088566485], 
            [-96.8371533119757, 37.5810595182823], 
            [-97.1478061263516, 37.5747192978574], 
            [-97.3333002915751, 37.5785054436713], 
            [-97.5571775217252, 37.6693189838841], 
            [-97.7425188022009, 37.8099459722289], 
            [-97.8664273937092, 37.9389177468566], 
            [-97.9972157988699, 38.0645710231343], 
            [-98.186837852285, 38.094662338796], 
            [-98.3283911423373, 38.0217453073002], 
            [-98.4817435376341, 37.8621246373422], 
            [-98.5965240103747, 37.6255309934606], 
            [-98.6862044048094, 37.349196308363], 
            [-98.6772831301123, 36.9121887465136], 
            [-98.6104814885299, 36.8797861731934], 
            [-98.5434100503335, 36.766804344545], 
            [-98.4511665880675, 36.6525274921501], 
            [-98.3629161156861, 36.6097107695365], 
            [-98.217891442536, 36.5114058766799], 
            [-97.9787617104845, 36.4098993973394], 
            [-97.5866752848365, 36.3956811157909]
          ], 
          [
            [-86.5136826603265, 34.3026079789751], 
            [-86.5032685110329, 34.3147038604948], 
            [-86.4485357713087, 34.3618553153706], 
            [-86.3452666207579, 34.4953506798901], 
            [-86.2262413479598, 34.7098389878791], 
            [-86.1816079948131, 34.9063228685056], 
            [-86.1911767813833, 35.0254200870675], 
            [-86.2367903955603, 35.1071864474966], 
            [-86.3641793633868, 35.1640325940291], 
            [-86.6134624413385, 35.1439956988425], 
            [-86.7836681317788, 35.0490362839974], 
            [-86.8520345937214, 34.9696890998721], 
            [-86.8389404647306, 34.8067319451233], 
            [-86.7413910023928, 34.5411081855944], 
            [-86.6107824616412, 34.331844938693], 
            [-86.5136826603265, 34.3026079789751]
          ], 
          [
            [-88.8318111391727, 33.5374018296308], 
            [-88.8318111391727, 33.5824218912574], 
            [-88.7868000707666, 33.5824218912574], 
            [-88.7868000707666, 33.6274329596634], 
            [-88.6967779339544, 33.6274329596634], 
            [-88.6967779339544, 33.6724440280695], 
            [-88.6517668655483, 33.6724440280695], 
            [-88.6517668655483, 33.7174550964756], 
            [-88.6067557971423, 33.7174550964756], 
            [-88.6067557971423, 33.7624661648817], 
            [-88.5617357355157, 33.7624661648817], 
            [-88.5617357355157, 33.8074772332878], 
            [-88.5167246671096, 33.8074772332878], 
            [-88.5167246671096, 33.8524883016938], 
            [-88.4717135987036, 33.8524883016938], 
            [-88.4717135987036, 33.8974993700999], 
            [-88.4267025302974, 33.8974993700999], 
            [-88.4267025302974, 33.9875305001325], 
            [-88.3816914618914, 33.9875305001325], 
            [-88.3816914618914, 34.0325415685386], 
            [-88.3366803934853, 34.0325415685386], 
            [-88.3366803934853, 34.1675747737569], 
            [-88.2916693250792, 34.1675747737569], 
            [-88.2916693250792, 34.3026079789751], 
            [-88.2466582566731, 34.3026079789751], 
            [-88.2466582566731, 34.6627055194443], 
            [-88.2916693250792, 34.6627055194443], 
            [-88.2916693250792, 34.7977477178829], 
            [-88.3366803934853, 34.7977477178829], 
            [-88.3366803934853, 34.842758786289], 
            [-88.5167246671096, 34.842758786289], 
            [-88.5167246671096, 34.7977477178829], 
            [-88.5617357355157, 34.7977477178829], 
            [-88.5617357355157, 34.7527366494769], 
            [-88.6067557971423, 34.7527366494769], 
            [-88.6067557971423, 34.7077255810708], 
            [-88.6517668655483, 34.7077255810708], 
            [-88.6517668655483, 34.6627055194443], 
            [-88.6967779339544, 34.6627055194443], 
            [-88.6967779339544, 34.6176944510382], 
            [-88.7417890023605, 34.6176944510382], 
            [-88.7417890023605, 34.527672314226], 
            [-88.7868000707666, 34.527672314226], 
            [-88.7868000707666, 34.4826612458199], 
            [-88.8318111391727, 34.4826612458199], 
            [-88.8318111391727, 34.3926391090077], 
            [-88.8768222075788, 34.3926391090077], 
            [-88.8768222075788, 34.3026079789751], 
            [-88.9218332759849, 34.3026079789751], 
            [-88.9218332759849, 34.257596910569], 
            [-88.9668533376114, 34.257596910569], 
            [-88.9668533376114, 34.1675747737569], 
            [-89.0118644060175, 34.1675747737569], 
            [-89.0118644060175, 34.0775526369447], 
            [-89.0568754744235, 34.0775526369447], 
            [-89.0568754744235, 34.0325415685386], 
            [-89.1018865428296, 34.0325415685386], 
            [-89.1018865428296, 33.9425194317265], 
            [-89.1468976112357, 33.9425194317265], 
            [-89.1468976112357, 33.8074772332878], 
            [-89.1919086796418, 33.8074772332878], 
            [-89.1919086796418, 33.5824218912574], 
            [-89.1468976112357, 33.5824218912574], 
            [-89.1468976112357, 33.5374018296308], 
            [-88.8318111391727, 33.5374018296308]
          ], 
          [
            [-86.7387469955774, 33.3348475251932], 
            [-86.7281260022132, 33.3467365626423], 
            [-86.7009664764217, 33.3710092646659], 
            [-86.8549843700326, 33.5086235241564], 
            [-86.8844011941597, 33.6503836582793], 
            [-86.7639819721902, 33.8057775146207], 
            [-86.5885242410009, 33.7953183992248], 
            [-86.4448035848175, 33.597287684679], 
            [-86.3669043091865, 33.561530640127], 
            [-86.0728619730016, 33.6006331626904], 
            [-85.732000931098, 33.6919233435875], 
            [-85.5712920814643, 33.7792565074819], 
            [-85.581103684987, 33.9438234486933], 
            [-85.6790938151274, 34.1023199660937], 
            [-86.0133898060946, 34.1336973122812], 
            [-86.4738966530081, 34.1556857363078], 
            [-86.6891583779567, 33.9989428968972], 
            [-87.1107335734956, 33.9769095067684], 
            [-87.2338417683828, 33.9506043369207], 
            [-87.3291788984873, 33.8987943938463], 
            [-87.3570309022543, 33.7538236800189], 
            [-87.2369893955441, 33.5596510570507], 
            [-86.9074867910825, 33.3797776546152], 
            [-86.7387469955774, 33.3348475251932]
          ], 
          [
            [-90.0246359282054, 31.8944573633168], 
            [-90.0144196297621, 31.9067510956866], 
            [-89.932752194758, 31.9421753910815], 
            [-89.813574037212, 32.0279437346157], 
            [-89.6827676456103, 32.1984192216698], 
            [-89.6543220892929, 32.4337448214664], 
            [-89.711824740919, 32.5341451346903], 
            [-89.7887707351812, 32.5980599525049], 
            [-89.9789233886034, 32.5786705691915], 
            [-90.114469207388, 32.4811211068537], 
            [-90.2081246052663, 32.3292885658147], 
            [-90.2451137210214, 32.1624733194882], 
            [-90.2324872394944, 32.0385647279799], 
            [-90.1598579910534, 31.9117603194832], 
            [-90.0246359282054, 31.8944573633168]
          ], 
          [
            [-92.0726890033947, 31.3768255800365], 
            [-92.0726890033947, 31.4218366484427], 
            [-91.8926357365499, 31.4218366484427], 
            [-91.8926357365499, 31.4668477168487], 
            [-91.7576025313317, 31.4668477168487], 
            [-91.7576025313317, 31.5118587852548], 
            [-91.6675803945195, 31.5118587852548], 
            [-91.6675803945195, 31.5568698536609], 
            [-91.5775582577074, 31.5568698536609], 
            [-91.5775582577074, 31.601880922067], 
            [-91.4875271276748, 31.601880922067], 
            [-91.4875271276748, 31.6468919904731], 
            [-91.4425160592687, 31.6468919904731], 
            [-91.4425160592687, 31.6919030588791], 
            [-91.3975049908626, 31.6919030588791], 
            [-91.3975049908626, 31.7819341889117], 
            [-91.3524939224565, 31.7819341889117], 
            [-91.3524939224565, 31.91696739413], 
            [-91.3074828540504, 31.91696739413], 
            [-91.3074828540504, 32.3220760030052], 
            [-91.3524939224565, 32.3220760030052], 
            [-91.3524939224565, 32.5921514066622], 
            [-91.3975049908626, 32.5921514066622], 
            [-91.3975049908626, 32.7271846118804], 
            [-91.4425160592687, 32.7271846118804], 
            [-91.4425160592687, 32.8172067486926], 
            [-91.4875271276748, 32.8172067486926], 
            [-91.4875271276748, 32.9072378787252], 
            [-91.5325381960808, 32.9072378787252], 
            [-91.5325381960808, 32.9972600155374], 
            [-91.5775582577074, 32.9972600155374], 
            [-91.5775582577074, 33.0422710839434], 
            [-91.6225693261135, 33.0422710839434], 
            [-91.6225693261135, 33.0872821523495], 
            [-91.6675803945195, 33.0872821523495], 
            [-91.6675803945195, 33.1773042891617], 
            [-91.7125914629256, 33.1773042891617], 
            [-91.7125914629256, 33.2223243507882], 
            [-91.7576025313317, 33.2223243507882], 
            [-91.7576025313317, 33.2673354191943], 
            [-91.8026135997378, 33.2673354191943], 
            [-91.8026135997378, 33.3123464876004], 
            [-91.8476246681439, 33.3123464876004], 
            [-91.8476246681439, 33.3573575560065], 
            [-91.8926357365499, 33.3573575560065], 
            [-91.8926357365499, 33.4023686244126], 
            [-91.9826668665826, 33.4023686244126], 
            [-91.9826668665826, 33.4473796928186], 
            [-92.1177000718008, 33.4473796928186], 
            [-92.1177000718008, 33.4923907612247], 
            [-92.4327865438639, 33.4923907612247], 
            [-92.4327865438639, 33.4473796928186], 
            [-92.5678197490821, 33.4473796928186], 
            [-92.5678197490821, 33.4023686244126], 
            [-92.6128308174882, 33.4023686244126], 
            [-92.6128308174882, 33.3573575560065], 
            [-92.6578508791147, 33.3573575560065], 
            [-92.6578508791147, 33.2673354191943], 
            [-92.7028619475208, 33.2673354191943], 
            [-92.7028619475208, 32.9972600155374], 
            [-92.7478730159269, 32.9972600155374], 
            [-92.7478730159269, 32.2770649345991], 
            [-92.792884084333, 32.2770649345991], 
            [-92.792884084333, 32.0970206609748], 
            [-92.8378951527391, 32.0970206609748], 
            [-92.8378951527391, 31.91696739413], 
            [-92.8829062211451, 31.91696739413], 
            [-92.8829062211451, 31.5568698536609], 
            [-92.8378951527391, 31.5568698536609], 
            [-92.8378951527391, 31.5118587852548], 
            [-92.792884084333, 31.5118587852548], 
            [-92.792884084333, 31.4668477168487], 
            [-92.7028619475208, 31.4668477168487], 
            [-92.7028619475208, 31.4218366484427], 
            [-92.6128308174882, 31.4218366484427], 
            [-92.6128308174882, 31.3768255800365], 
            [-92.0726890033947, 31.3768255800365]
          ], 
          [
            [-89.7770705553618, 30.1389897225977], 
            [-89.792475942011, 30.1928591131576], 
            [-89.8320910781407, 30.1547188651836], 
            [-89.7770705553618, 30.1389897225977]
          ], 
          [
            [-90.0696469966116, 30.0489585925651], 
            [-90.059232847318, 30.0610544740848], 
            [-89.9900390090929, 30.0818827726719], 
            [-89.8409763799559, 30.2051798251888], 
            [-89.9955878261172, 30.2403073443086], 
            [-90.035050077499, 30.2861098161152], 
            [-90.0790898780953, 30.3240612064596], 
            [-90.1808931337111, 30.3547101017899], 
            [-90.2217943003667, 30.3514185831012], 
            [-90.3017800031446, 30.2585815682849], 
            [-90.4155892080755, 30.1605284856012], 
            [-90.367214675217, 30.0738338403595], 
            [-90.0696469966116, 30.0489585925651]
          ], 
          [
            [-89.5069951517048, 29.5988389152838], 
            [-89.5146933484193, 29.6250271732655], 
            [-89.5346133317398, 29.6069597933599], 
            [-89.5069951517048, 29.5988389152838]
          ]
        ]
      }, 
      "properties" : {
        "OBJECTID" : 186, 
        "Id" : 186, 
        "gridcode" : 2, 
        "Timestamp" : 1786053600000, 
        "Unixtime" : 1786053600, 
        "Shape__Area" : 1358706035151.5527, 
        "Shape__Length" : 11699234.862918325
      }
    }, 
    {
      "type" : "Feature", 
      "id" : 187, 
      "geometry" : 
      {
        "type" : "Polygon", 
        "coordinates" : 
        [
          [
            [-102.875606224248, 28.4960452562837], 
            [-103.370745963156, 28.4960452562837], 
            [-103.370745963156, 28.5410563246897], 
            [-103.505779168374, 28.5410563246897], 
            [-103.505779168374, 28.5860673930958], 
            [-103.595801305186, 28.5860673930958], 
            [-103.595801305186, 28.6310784615019], 
            [-103.640812373592, 28.6310784615019], 
            [-103.640812373592, 28.676089529908], 
            [-103.730843503625, 28.676089529908], 
            [-103.730843503625, 28.721100598314], 
            [-103.775854572031, 28.721100598314], 
            [-103.775854572031, 28.7661116667201], 
            [-103.820865640437, 28.7661116667201], 
            [-103.820865640437, 28.8561427967527], 
            [-103.865876708843, 28.8561427967527], 
            [-103.865876708843, 28.9011538651589], 
            [-103.910887777249, 28.9011538651589], 
            [-103.910887777249, 28.991176001971], 
            [-103.955898845655, 28.991176001971], 
            [-103.955898845655, 29.1262092071892], 
            [-104.000909914061, 29.1262092071892], 
            [-104.000909914061, 29.576337877691], 
            [-103.955898845655, 29.576337877691], 
            [-103.955898845655, 29.7113710829092], 
            [-103.910887777249, 29.7113710829092], 
            [-103.910887777249, 29.8013932197214], 
            [-103.865876708843, 29.8013932197214], 
            [-103.865876708843, 29.8464042881275], 
            [-103.820865640437, 29.8464042881275], 
            [-103.820865640437, 29.9364354181601], 
            [-103.775854572031, 29.9364354181601], 
            [-103.775854572031, 29.9814464865662], 
            [-103.730843503625, 29.9814464865662], 
            [-103.730843503625, 30.0264575549722], 
            [-103.685823441998, 30.0264575549722], 
            [-103.685823441998, 30.0714686233783], 
            [-103.595801305186, 30.0714686233783], 
            [-103.595801305186, 30.1164796917844], 
            [-103.55079023678, 30.1164796917844], 
            [-103.55079023678, 30.1614907601905], 
            [-103.460768099968, 30.1614907601905], 
            [-103.460768099968, 30.2065018285966], 
            [-103.370745963156, 30.2065018285966], 
            [-103.370745963156, 30.2515128970027], 
            [-103.190692696311, 30.2515128970027], 
            [-103.190692696311, 30.2965329586292], 
            [-102.920617292654, 30.2965329586292], 
            [-102.920617292654, 30.2515128970027], 
            [-102.785584087436, 30.2515128970027], 
            [-102.785584087436, 30.2065018285966], 
            [-102.695561950623, 30.2065018285966], 
            [-102.695561950623, 30.1614907601905], 
            [-102.650550882217, 30.1614907601905], 
            [-102.650550882217, 30.1164796917844], 
            [-102.605530820591, 30.1164796917844], 
            [-102.605530820591, 30.0714686233783], 
            [-102.560519752185, 30.0714686233783], 
            [-102.560519752185, 30.0264575549722], 
            [-102.515508683779, 30.0264575549722], 
            [-102.515508683779, 29.9814464865662], 
            [-102.470497615373, 29.9814464865662], 
            [-102.470497615373, 29.9364354181601], 
            [-102.425486546967, 29.9364354181601], 
            [-102.425486546967, 29.891424349754], 
            [-102.38047547856, 29.891424349754], 
            [-102.38047547856, 29.8013932197214], 
            [-102.335464410154, 29.8013932197214], 
            [-102.335464410154, 29.7113710829092], 
            [-102.290453341748, 29.7113710829092], 
            [-102.290453341748, 29.621348946097], 
            [-102.245442273342, 29.621348946097], 
            [-102.245442273342, 29.4412956792523], 
            [-102.200422211716, 29.4412956792523], 
            [-102.200422211716, 29.1712292688158], 
            [-102.245442273342, 29.1712292688158], 
            [-102.245442273342, 29.0361870703771], 
            [-102.290453341748, 29.0361870703771], 
            [-102.290453341748, 28.9461649335649], 
            [-102.335464410154, 28.9461649335649], 
            [-102.335464410154, 28.8561427967527], 
            [-102.38047547856, 28.8561427967527], 
            [-102.38047547856, 28.8111317283467], 
            [-102.425486546967, 28.8111317283467], 
            [-102.425486546967, 28.7661116667201], 
            [-102.470497615373, 28.7661116667201], 
            [-102.470497615373, 28.721100598314], 
            [-102.515508683779, 28.721100598314], 
            [-102.515508683779, 28.676089529908], 
            [-102.560519752185, 28.676089529908], 
            [-102.560519752185, 28.6310784615019], 
            [-102.650550882217, 28.6310784615019], 
            [-102.650550882217, 28.5860673930958], 
            [-102.74057301903, 28.5860673930958], 
            [-102.74057301903, 28.5410563246897], 
            [-102.875606224248, 28.5410563246897], 
            [-102.875606224248, 28.4960452562837]
          ]
        ]
      }, 
      "properties" : {
        "OBJECTID" : 187, 
        "Id" : 187, 
        "gridcode" : 2, 
        "Timestamp" : 1786053600000, 
        "Unixtime" : 1786053600, 
        "Shape__Area" : 35813383670.523438, 
        "Shape__Length" : 860988.14684187528
      }
    }, 
    {
      "type" : "Feature", 
      "id" : 188, 
      "geometry" : 
      {
        "type" : "Polygon", 
        "coordinates" : 
        [
          [
            [-101.120129590308, 29.3512735424401], 
            [-101.120129590308, 29.3737835732534], 
            [-101.097628552715, 29.3737835732534], 
            [-101.097628552715, 29.3962846108462], 
            [-101.030107453496, 29.3962846108462], 
            [-101.030107453496, 29.4412956792523], 
            [-100.98509638509, 29.4412956792523], 
            [-100.98509638509, 29.4863067476584], 
            [-100.895074248278, 29.4863067476584], 
            [-100.895074248278, 29.5313268092849], 
            [-100.805052111466, 29.5313268092849], 
            [-100.805052111466, 29.576337877691], 
            [-100.670009913027, 29.576337877691], 
            [-100.670009913027, 29.621348946097], 
            [-100.444954570997, 29.621348946097], 
            [-100.444954570997, 29.6663600145031], 
            [-99.9948259004948, 29.6663600145031], 
            [-99.9948259004948, 29.7113710829092], 
            [-99.8147816268705, 29.7113710829092], 
            [-99.8147816268705, 29.7563821513153], 
            [-99.7697705584645, 29.7563821513153], 
            [-99.7697705584645, 29.8013932197214], 
            [-99.6797484216523, 29.8013932197214], 
            [-99.6797484216523, 29.8464042881275], 
            [-99.6347283600257, 29.8464042881275], 
            [-99.6347283600257, 29.891424349754], 
            [-99.5897172916197, 29.891424349754], 
            [-99.5897172916197, 29.9814464865662], 
            [-99.5447062232136, 29.9814464865662], 
            [-99.5447062232136, 30.0264575549722], 
            [-99.4996951548075, 30.0264575549722], 
            [-99.4996951548075, 30.0714686233783], 
            [-99.4546840864014, 30.0714686233783], 
            [-99.4546840864014, 30.1164796917844], 
            [-99.4096730179953, 30.1164796917844], 
            [-99.4096730179953, 30.2065018285966], 
            [-99.3646619495892, 30.2065018285966], 
            [-99.3646619495892, 30.2515128970027], 
            [-99.3196508811832, 30.2515128970027], 
            [-99.3196508811832, 30.2965329586292], 
            [-99.2746308195566, 30.2965329586292], 
            [-99.2746308195566, 30.3415440270353], 
            [-99.2296197511506, 30.3415440270353], 
            [-99.2296197511506, 30.4315661638475], 
            [-99.1846086827445, 30.4315661638475], 
            [-99.1846086827445, 30.4765772322535], 
            [-99.1395976143384, 30.4765772322535], 
            [-99.1395976143384, 30.5665993690657], 
            [-99.0945865459323, 30.5665993690657], 
            [-99.0945865459323, 30.6116104374718], 
            [-99.0495754775262, 30.6116104374718], 
            [-99.0495754775262, 30.6566304990984], 
            [-99.0045644091201, 30.6566304990984], 
            [-99.0045644091201, 30.7466526359105], 
            [-98.959553340714, 30.7466526359105], 
            [-98.959553340714, 30.7916637043166], 
            [-98.9145332790875, 30.7916637043166], 
            [-98.9145332790875, 30.8816858411287], 
            [-98.8695222106814, 30.8816858411287], 
            [-98.8695222106814, 30.9266969095348], 
            [-98.8245111422754, 30.9266969095348], 
            [-98.8245111422754, 31.0167280395674], 
            [-98.7795000738693, 31.0167280395674], 
            [-98.7795000738693, 31.0617391079736], 
            [-98.7344890054632, 31.0617391079736], 
            [-98.7344890054632, 31.1517612447857], 
            [-98.6894779370571, 31.1517612447857], 
            [-98.6894779370571, 31.1967723131918], 
            [-98.644466868651, 31.1967723131918], 
            [-98.644466868651, 31.2867944500039], 
            [-98.5994558002449, 31.2867944500039], 
            [-98.5994558002449, 31.3768255800365], 
            [-98.5544447318388, 31.3768255800365], 
            [-98.5544447318388, 31.4218366484427], 
            [-98.5094246702123, 31.4218366484427], 
            [-98.5094246702123, 31.5118587852548], 
            [-98.4644136018062, 31.5118587852548], 
            [-98.4644136018062, 31.601880922067], 
            [-98.4194025334002, 31.601880922067], 
            [-98.4194025334002, 31.7369231205057], 
            [-98.3743914649941, 31.7369231205057], 
            [-98.3743914649941, 31.8719563257239], 
            [-98.329380396588, 31.8719563257239], 
            [-98.329380396588, 32.5471403382561], 
            [-98.3743914649941, 32.5471403382561], 
            [-98.3743914649941, 32.5921514066622], 
            [-98.3627092716155, 32.5813235692274], 
            [-97.6489803161886, 32.3916925225919], 
            [-97.0510570606348, 32.2259744491616], 
            [-96.6949075439479, 32.1217070511396], 
            [-96.1999476694493, 31.9707558457058], 
            [-95.8962286280487, 31.8548602136281], 
            [-95.6850408319688, 31.7095477574231], 
            [-95.5087287448357, 31.5192512124735], 
            [-95.3558529902232, 31.3776079902166], 
            [-94.8405594442629, 31.0896630575042], 
            [-94.6719725335056, 30.9736595067809], 
            [-94.4847966360559, 30.7716447955709], 
            [-94.4199555165338, 30.6342553665919], 
            [-94.2590937821523, 30.0347493042371], 
            [-94.1163264073378, 29.6606133466287], 
            [-94.0982320477708, 29.6438499836898], 
            [-94.1164613056447, 29.6241818105422], 
            [-94.6716038114667, 29.4099273262852], 
            [-94.6726020589378, 29.3846653700109], 
            [-94.6438147602429, 29.3302563862233], 
            [-94.7806825824352, 29.2656580836537], 
            [-95.0457577555159, 29.1020264373703], 
            [-95.257727961776, 28.9353370961302], 
            [-95.2936199046349, 28.8966032956057], 
            [-95.3693967802371, 28.8444606033742], 
            [-95.4748153104782, 28.8110867622444], 
            [-95.8208564473671, 28.6279758004429], 
            [-95.9095475875511, 28.5968952305305], 
            [-96.3380205831833, 28.575239555661], 
            [-96.3596672648324, 28.5068641004979], 
            [-96.3830316515894, 28.4852174188489], 
            [-96.4080597841317, 28.3021154502679], 
            [-96.5063826634291, 28.2709809210328], 
            [-96.7130288831764, 28.5245627583647], 
            [-96.9827175783535, 28.7073769438909], 
            [-97.2175935171271, 28.7753477041333], 
            [-97.3630498648593, 28.7783154668854], 
            [-97.6638191299488, 28.7415601748623], 
            [-97.9701821781649, 28.6207272647516], 
            [-98.602306651131, 28.295091745088], 
            [-98.8521922748536, 28.1937291572748], 
            [-99.1641670926372, 28.1298323259012], 
            [-99.9462894896682, 28.0799019659031], 
            [-100.641951065189, 28.1128890985531], 
            [-100.923205041879, 28.1678017026865], 
            [-101.152307333117, 28.2581655818762], 
            [-101.243696439439, 28.3785937970662], 
            [-101.199126038836, 28.4174984687794], 
            [-101.086602864431, 28.4912788494394], 
            [-101.108654241, 28.5750417048109], 
            [-101.176058428354, 28.7719662532401], 
            [-101.179970479254, 28.9636207744792], 
            [-101.131164271814, 29.24977605632], 
            [-101.120129590308, 29.3512735424401]
          ], 
          [
            [-95.2685557992107, 29.5988389152838], 
            [-95.1884711710077, 29.7061280353806], 
            [-95.1872840659069, 29.8337058608369], 
            [-95.2914525385038, 29.7564810767404], 
            [-95.323369477919, 29.6141094036262], 
            [-95.2685557992107, 29.5988389152838]
          ]
        ]
      }, 
      "properties" : {
        "OBJECTID" : 188, 
        "Id" : 188, 
        "gridcode" : 1, 
        "Timestamp" : 1786053600000, 
        "Unixtime" : 1786053600, 
        "Shape__Area" : 256927025293.35938, 
        "Shape__Length" : 2532388.3592638359
      }
    }, 
    {
      "type" : "Feature", 
      "id" : 189, 
      "geometry" : 
      {
        "type" : "Polygon", 
        "coordinates" : 
        [
          [
            [-80.1444680927282, 25.5477438333114], 
            [-80.166969130321, 25.5477438333114], 
            [-80.166969130321, 25.5702538641246], 
            [-80.1444680927282, 25.5702538641246], 
            [-80.1444680927282, 25.5477438333114]
          ]
        ]
      }, 
      "properties" : {
        "OBJECTID" : 189, 
        "Id" : 189, 
        "gridcode" : 1, 
        "Timestamp" : 1786053600000, 
        "Unixtime" : 1786053600, 
        "Shape__Area" : 6957390.828125, 
        "Shape__Length" : 10564.845706759021
      }
    }, 
    {
      "type" : "Feature", 
      "id" : 190, 
      "geometry" : 
      {
        "type" : "Polygon", 
        "coordinates" : 
        [
          [
            [-101.120129590308, 29.3512735424401], 
            [-101.131164271814, 29.24977605632], 
            [-101.179970479254, 28.9636207744792], 
            [-101.176058428354, 28.7719662532401], 
            [-101.108654241, 28.5750417048109], 
            [-101.086602864431, 28.4912788494394], 
            [-101.199126038836, 28.4174984687794], 
            [-101.243696439439, 28.3785937970662], 
            [-101.152307333117, 28.2581655818762], 
            [-100.923205041879, 28.1678017026865], 
            [-100.641951065189, 28.1128890985531], 
            [-99.9462894896682, 28.0799019659031], 
            [-99.1641670926372, 28.1298323259012], 
            [-98.8521922748536, 28.1937291572748], 
            [-98.602306651131, 28.295091745088], 
            [-97.9701821781649, 28.6207272647516], 
            [-97.6638191299488, 28.7415601748623], 
            [-97.3630498648593, 28.7783154668854], 
            [-97.2175935171271, 28.7753477041333], 
            [-96.9827175783535, 28.7073769438909], 
            [-96.7130288831764, 28.5245627583647], 
            [-96.5063826634291, 28.2709809210328], 
            [-96.5172105008639, 28.2592987276542], 
            [-96.7671680703501, 28.0978884068246], 
            [-96.9926101208603, 27.8890028751826], 
            [-97.0590790132858, 27.7633945650073], 
            [-97.056857687832, 27.7075016998437], 
            [-97.1555582823888, 27.6609258110774], 
            [-97.325997796561, 27.282670958498], 
            [-97.3424643832246, 26.8672471257543], 
            [-97.2841343553162, 26.6830120113953], 
            [-97.2226207273646, 26.5075183073241], 
            [-97.1525275670935, 26.2400149647189], 
            [-97.1032267325276, 25.9093882076997], 
            [-97.1557831129003, 25.6525328381201], 
            [-97.4207683537765, 25.1993284862207], 
            [-97.5083353414028, 25.2209751678698], 
            [-97.5299820230518, 25.2443395546268], 
            [-97.913443950278, 25.2659952294963], 
            [-97.9350906319271, 25.2893596162534], 
            [-98.183519353935, 25.3110062979024], 
            [-98.205166035584, 25.3343706846594], 
            [-98.4085836891858, 25.3560173663085], 
            [-98.4302303708349, 25.3793817530655], 
            [-98.5436168944041, 25.4010284347146], 
            [-98.5652635760532, 25.4243928214716], 
            [-98.6336390312163, 25.4460395031206], 
            [-98.6552857128653, 25.4694038898777], 
            [-98.7236611680284, 25.4910505715267], 
            [-98.7453168428979, 25.5144149582838], 
            [-98.768681229655, 25.5360616399328], 
            [-98.790327911304, 25.5594260266898], 
            [-98.813692298061, 25.5810727083389], 
            [-98.8353389797101, 25.6044370950959], 
            [-98.9037144348732, 25.6260927699654], 
            [-98.9253611165223, 25.649448163502], 
            [-98.9487255032793, 25.6711038383715], 
            [-98.9703721849284, 25.7394792935347], 
            [-98.9937365716854, 25.7611259751837], 
            [-99.0153832533344, 25.7844903619408], 
            [-99.0387476400914, 25.8061370435898], 
            [-99.0603943217405, 25.8295014303468], 
            [-99.0837587084976, 25.8511481119958], 
            [-99.105414383367, 25.919523567159], 
            [-99.1287787701241, 25.941170248808], 
            [-99.1504254517731, 25.964534635565], 
            [-99.1737898385302, 25.9861813172141], 
            [-99.1954365201792, 26.0545657655977], 
            [-99.2188009069362, 26.0762124472467], 
            [-99.2404475885853, 26.1445879024098], 
            [-99.2638119753423, 26.1662345840589], 
            [-99.2854586569914, 26.234610039222], 
            [-99.3088230437484, 26.2562567208711], 
            [-99.3304697253974, 26.3246321760342], 
            [-99.3538341121545, 26.3462788576832], 
            [-99.3754807938035, 26.3696432444403], 
            [-99.3988451805606, 26.3912989193097], 
            [-99.4204918622096, 26.4146633060668], 
            [-99.4438562489667, 26.4363099877158], 
            [-99.4655119238362, 26.4596743744729], 
            [-99.4888763105932, 26.4813210561219], 
            [-99.5105229922422, 26.504685442879], 
            [-99.5338873789993, 26.526332124528], 
            [-99.5555340606483, 26.549696511285], 
            [-99.5788984474054, 26.5713431929341], 
            [-99.6005451290544, 26.5947075796911], 
            [-99.6689205842175, 26.6163542613402], 
            [-99.6905672658666, 26.6397186480972], 
            [-99.7139316526236, 26.6613653297463], 
            [-99.7355783342726, 26.6847297165033], 
            [-99.8039537894357, 26.7063763981523], 
            [-99.8256094643053, 26.7297407849094], 
            [-99.8939849194684, 26.7513964597789], 
            [-99.9156316011175, 26.7747608465359], 
            [-99.9389959878745, 26.7964075281849], 
            [-99.9606426695235, 26.819771914942], 
            [-99.9840070562806, 26.841418596591], 
            [-100.00565373793, 26.8647829833481], 
            [-100.074029193093, 26.8864296649971], 
            [-100.095675874742, 26.9097940517541], 
            [-100.119040261499, 26.9314407334032], 
            [-100.140686943148, 26.9548051201602], 
            [-100.164051329905, 26.9764518018093], 
            [-100.185698011554, 26.9998161885663], 
            [-100.209062398311, 27.0214628702154], 
            [-100.23071807318, 27.0448272569724], 
            [-100.254082459938, 27.0664739386215], 
            [-100.275729141587, 27.0898383253785], 
            [-100.299093528344, 27.111494000248], 
            [-100.320740209993, 27.1798694554111], 
            [-100.34410459675, 27.2015161370601], 
            [-100.365751278399, 27.2248805238172], 
            [-100.389115665156, 27.2465272054662], 
            [-100.410762346805, 27.2698915922233], 
            [-100.434126733562, 27.2915382738723], 
            [-100.455773415211, 27.3599137290354], 
            [-100.479137801968, 27.3815604106845], 
            [-100.500784483617, 27.4049247974415], 
            [-100.524148870374, 27.4265714790906], 
            [-100.545795552023, 27.4949469342537], 
            [-100.56915993878, 27.5166026091232], 
            [-100.59081561365, 27.5399669958803], 
            [-100.614180000407, 27.5616136775293], 
            [-100.635826682056, 27.5849780642863], 
            [-100.659191068813, 27.6066247459353], 
            [-100.680837750462, 27.6299891326924], 
            [-100.704202137219, 27.6516358143414], 
            [-100.725848818868, 27.6750002010985], 
            [-100.749213205625, 27.6966468827475], 
            [-100.770859887274, 27.7200112695045], 
            [-100.794224274031, 27.7416579511536], 
            [-100.81587095568, 27.7650223379106], 
            [-100.839235342437, 27.7866690195597], 
            [-100.860882024086, 27.8100334063167], 
            [-100.884246410843, 27.8316800879658], 
            [-100.905893092492, 27.8550444747228], 
            [-100.929257479249, 27.8767001495923], 
            [-100.950913154119, 27.9000645363494], 
            [-100.974277540876, 27.9217112179984], 
            [-100.995924222525, 27.9450756047555], 
            [-101.019288609282, 27.9667222864045], 
            [-101.040935290931, 27.9900866731615], 
            [-101.064299677688, 28.0117333548105], 
            [-101.085946359337, 28.0350977415676], 
            [-101.109310746094, 28.0567444232166], 
            [-101.130957427743, 28.1251198783797], 
            [-101.1543218145, 28.1467665600288], 
            [-101.175968496149, 28.1701309467858], 
            [-101.199332882906, 28.1917776284349], 
            [-101.220979564555, 28.2151420151919], 
            [-101.244343951312, 28.2367976900614], 
            [-101.265990632961, 28.3051731452246], 
            [-101.289355019718, 28.3268198268736], 
            [-101.311010694588, 28.3951952820367], 
            [-101.334375081345, 28.4168419636858], 
            [-101.356021762994, 28.530228487255], 
            [-101.4010328314, 28.571939043752], 
            [-101.379386149751, 29.0253682261628], 
            [-101.356021762994, 29.0470149078118], 
            [-101.334375081345, 29.1153903629749], 
            [-101.311010694588, 29.137037044624], 
            [-101.289355019718, 29.1604014313811], 
            [-101.265990632961, 29.1820481130301], 
            [-101.244343951312, 29.2504235681932], 
            [-101.220979564555, 29.2720702498422], 
            [-101.199332882906, 29.2954346365993], 
            [-101.175968496149, 29.3170903114688], 
            [-101.1543218145, 29.3404457050054], 
            [-101.120129590308, 29.3512735424401]
          ]
        ]
      }, 
      "properties" : {
        "OBJECTID" : 190, 
        "Id" : 190, 
        "gridcode" : 2, 
        "Timestamp" : 1786053600000, 
        "Unixtime" : 1786053600, 
        "Shape__Area" : 121108337238.41992, 
        "Shape__Length" : 1916946.49026611
      }
    }, 
    {
      "type" : "Feature", 
      "id" : 191, 
      "geometry" : 
      {
        "type" : "Polygon", 
        "coordinates" : 
        [
          [
            [-83.4303570253564, 29.5538278468777], 
            [-82.9878456125849, 29.5744582946147], 
            [-82.7623496027519, 29.6476361295038], 
            [-82.4669582834979, 29.8267720878616], 
            [-82.3842656213613, 29.8693639799638], 
            [-82.1833300966066, 29.9668504897584], 
            [-82.1139743804133, 30.1014790000559], 
            [-82.1413677299367, 30.3859345632296], 
            [-82.2485579246085, 30.8256490844378], 
            [-82.2715266096653, 30.9152575331087], 
            [-82.2708341316897, 30.9492069403481], 
            [-82.2731723690095, 31.0641043249547], 
            [-82.2490075856315, 31.1632365940936], 
            [-82.1848679373054, 31.4135179195164], 
            [-82.136475418006, 31.697209058951], 
            [-82.1716029371258, 31.9579225201083], 
            [-82.2695930672662, 32.107389844166], 
            [-82.4370468322455, 32.1647036381625], 
            [-82.8689462448733, 32.2116302625267], 
            [-82.9867574329091, 32.3248189352457], 
            [-83.0737308679851, 32.4936486629555], 
            [-83.1879537610571, 32.7954701348389], 
            [-83.2838394776097, 33.1887886316901], 
            [-83.3387610749636, 33.4030880820494], 
            [-83.2957644879407, 33.4478293538417], 
            [-83.0746122035903, 33.5791123861278], 
            [-82.9079858148934, 33.7392096967702], 
            [-82.8347270410201, 33.8814104986956], 
            [-82.8319571291182, 34.0171631615507], 
            [-82.9581499986235, 34.2397453679545], 
            [-83.101483946327, 34.3135797079373], 
            [-83.2784165656719, 34.3171949825624], 
            [-83.4836688362477, 34.1826294248082], 
            [-83.6213550415019, 33.9794995542611], 
            [-83.6258246720709, 33.7605056428212], 
            [-83.5590679965907, 33.6228913833307], 
            [-83.4418323746643, 33.4499427606499], 
            [-83.5088948196401, 33.3908932751047], 
            [-83.7283024192212, 33.2282508830719], 
            [-84.0715466645469, 32.9632746354162], 
            [-84.3405428817485, 32.7638679581398], 
            [-84.3866331366099, 32.6292124681809], 
            [-84.3492393259341, 32.3942645836437], 
            [-84.2993089659359, 32.2913551619113], 
            [-84.2550982941509, 32.2453278595931], 
            [-84.1712544997953, 32.2021424149406], 
            [-83.7672340705958, 32.023869805747], 
            [-83.4891726871697, 31.86621865107], 
            [-83.419322343851, 31.6940254589079], 
            [-83.4492697679854, 31.4311356383991], 
            [-83.5893301834412, 31.2421970697391], 
            [-83.7536902805819, 31.0385815652871], 
            [-83.8008597218986, 30.8545443017782], 
            [-83.6443866791019, 30.3493231627339], 
            [-83.6776256219248, 30.1507078888581], 
            [-83.7781068741329, 30.148657434593], 
            [-83.9544099680455, 30.2394799680262], 
            [-84.1297777670302, 30.2430592697696], 
            [-84.2382449990075, 30.2078598048861], 
            [-84.3848344925178, 30.0670169792503], 
            [-84.4095928284462, 29.9704207982813], 
            [-84.4206185167311, 29.8689143189408], 
            [-84.5157128298831, 29.9022431939683], 
            [-84.5448688506169, 29.8580415154037], 
            [-84.5425575929585, 29.7997384671566], 
            [-84.6573650453605, 29.745563307101], 
            [-84.7656883858103, 29.662492929705], 
            [-85.0001146635608, 29.5662025182317], 
            [-85.0608458813323, 29.5637923351482], 
            [-85.106630366698, 29.5880200710695], 
            [-85.1524957910478, 29.6096667527186], 
            [-85.2353413379324, 29.6534997092443], 
            [-85.2871063149044, 29.6555501635093], 
            [-85.3976779604694, 29.651170465145], 
            [-85.4439211000786, 29.7831189957452], 
            [-85.4459086018005, 29.8332112337116], 
            [-85.4210783201083, 29.9040598245014], 
            [-85.512593331517, 29.9472542623744], 
            [-85.6017611123854, 30.0156297175375], 
            [-85.7151476359546, 30.0822964608131], 
            [-85.9296449371641, 30.2136244592015], 
            [-86.2490301686074, 30.325572067497], 
            [-86.579665918847, 30.3748729020628], 
            [-86.840451325768, 30.3532262204138], 
            [-87.132173411074, 30.3073518028435], 
            [-87.3355910646758, 30.2857051211944], 
            [-87.7699636129303, 30.2079047709885], 
            [-88.1007072818156, 30.1947926555567], 
            [-88.18687132705, 30.2249918898639], 
            [-88.3708636244567, 30.1956829843823], 
            [-88.4475218356641, 30.1688112416456], 
            [-88.5531292235348, 30.1964833810033], 
            [-88.5957121224164, 30.1948016487772], 
            [-88.6967779339544, 30.2065018285966], 
            [-88.7117246663602, 30.2365751578174], 
            [-88.7192789715472, 30.274022927816], 
            [-88.4130867945199, 30.2274470390497], 
            [-88.1642353911503, 30.285345392376], 
            [-88.2810483317151, 30.3071539519934], 
            [-88.3209962170018, 30.3518592509038], 
            [-88.348443525848, 30.3534960170276], 
            [-88.4631700392658, 30.2911550127937], 
            [-88.597204997013, 30.2831600398041], 
            [-88.6436909535746, 30.3351858201696], 
            [-88.7192789715472, 30.319033996222], 
            [-88.708460127333, 30.4882594256321], 
            [-88.6625857097627, 30.6449483057198], 
            [-88.6353992043097, 30.9851888154116], 
            [-88.541285152188, 31.2088412150501], 
            [-88.3989494519556, 31.4292560553227], 
            [-88.206935201898, 31.5308524668679], 
            [-87.6419631061124, 31.6534930142913], 
            [-87.4472598831371, 31.7252409271272], 
            [-87.3644143362525, 31.7690738836529], 
            [-87.134925336535, 31.7781660295387], 
            [-86.862098007417, 31.6585741838515], 
            [-86.39703159773, 31.4398051029232], 
            [-86.0442545387159, 31.3659977426018], 
            [-85.7940361658363, 31.4021325024131], 
            [-85.6826911033117, 31.5052937343184], 
            [-85.599198044554, 31.626630264775], 
            [-85.5567140710974, 31.7478318969246], 
            [-85.5589623762126, 31.8044352265045], 
            [-85.5549513998872, 31.9057168753336], 
            [-85.5663997695337, 32.1947409945014], 
            [-85.5262989994991, 32.4881807849154], 
            [-85.417481031924, 32.6732702552182], 
            [-85.2584898873983, 32.8448609016094], 
            [-85.0237128740499, 33.0623979113346], 
            [-84.8858557976069, 33.2758879718525], 
            [-84.7491048872807, 33.3482474236798], 
            [-84.4039630724378, 33.5111326326649], 
            [-84.3419278376995, 33.5686172978501], 
            [-84.3044980541418, 33.72573785252], 
            [-84.2072453680792, 33.8158499215367], 
            [-84.2498732330632, 33.911007187232], 
            [-84.4016787944407, 34.1692205331012], 
            [-84.5538620710777, 34.3795180003555], 
            [-84.6876901847542, 34.6172627764561], 
            [-84.8485339326948, 34.7406047950753], 
            [-84.9495098120282, 34.7446067781804], 
            [-85.3903934518962, 34.7271239576046], 
            [-85.5956906885744, 34.8240169148488], 
            [-85.7356611718255, 35.0065433173203], 
            [-85.768324548539, 35.1626746177395], 
            [-85.7225040902915, 35.3074025146145], 
            [-85.5621189965943, 35.4056084820459], 
            [-85.4097198826664, 35.4775272660706], 
            [-85.2979341523392, 35.5595184570113], 
            [-85.1557153639728, 35.7662006496403], 
            [-85.0647759186737, 36.0768264843548], 
            [-85.0174625858296, 36.3941342818717], 
            [-85.0776991764757, 36.5561921145745], 
            [-85.3056143626127, 36.8021746806171], 
            [-85.4609722460722, 36.8566196372865], 
            [-85.5906634783368, 36.8187491859263], 
            [-85.9606265816514, 36.5510120195891], 
            [-86.1136462277911, 36.4973854459817], 
            [-86.2632304637149, 36.5601131586954], 
            [-86.7506360330265, 36.8341185996937], 
            [-86.8890416959175, 36.8007627450048], 
            [-86.9655200427157, 36.656214712539], 
            [-87.0692478475101, 36.4364293976986], 
            [-87.1687218590265, 36.2823845244263], 
            [-87.2550927483316, 36.1891608011301], 
            [-87.5048434737473, 36.0570144196798], 
            [-87.7661235077936, 35.9805180864406], 
            [-87.8887280823351, 35.9756617473918], 
            [-88.0175739518763, 36.036464910927], 
            [-88.2915074471109, 36.2098092353081], 
            [-88.5541274710059, 36.286692277027], 
            [-88.8544290886315, 36.3389878540063], 
            [-89.0172243654121, 36.3042920094687], 
            [-89.0460476369888, 36.2498200731379], 
            [-89.1224180651415, 35.9758595982419], 
            [-89.2662466399704, 35.7797624260951], 
            [-89.3987077841369, 35.7096692658241], 
            [-89.5648395457084, 35.7396526628402], 
            [-89.7618720127831, 35.8841647224241], 
            [-89.8787748855524, 36.0689124503494], 
            [-90.0001923549931, 36.2845968566597], 
            [-90.1096758208824, 36.3599330644594], 
            [-90.3509729190649, 36.3695018510297], 
            [-90.6376498076924, 36.3581344203673], 
            [-90.7295964936832, 36.4067967362805], 
            [-90.8690453701477, 36.4290099908185], 
            [-90.9380773304044, 36.4532017538579], 
            [-91.0877425053123, 36.4472752215743], 
            [-91.1166107429913, 36.4740210592246], 
            [-91.1736007810512, 36.5355346871762], 
            [-91.3858227974841, 36.6099176136071], 
            [-91.4875271276748, 36.6207364578214], 
            [-91.4777245173725, 36.8584992203628], 
            [-91.4523186695709, 36.8781134341877], 
            [-91.4327134489665, 37.1285746240198], 
            [-91.4073076011648, 37.1481798446242], 
            [-91.3877023805604, 37.3536389592707], 
            [-91.3426913121543, 37.3883797699106], 
            [-91.3622965327587, 37.9387918417702], 
            [-91.3877023805604, 37.958406055595], 
            [-91.4073076011648, 38.2088672454272], 
            [-91.4327134489665, 38.2284724660316], 
            [-91.4523186695709, 38.6139758543023], 
            [-91.4777245173725, 38.6335810749068], 
            [-91.4973387311974, 39.2891598668345], 
            [-91.5227355857786, 39.3087650874389], 
            [-91.5423497996035, 39.4241930720527], 
            [-91.5677466541847, 39.4438072858776], 
            [-91.5873608680096, 39.4692041404588], 
            [-91.6127667158112, 39.4888183542837], 
            [-91.6323719364157, 39.5142152088649], 
            [-91.6577777842173, 39.5338294226898], 
            [-91.6773830048218, 39.5592352704914], 
            [-91.7477999210295, 39.5788404910959], 
            [-91.7674051416339, 39.6042463388975], 
            [-91.9278441946538, 39.6238515595019], 
            [-91.9474584084787, 39.6492574073036], 
            [-92.1078974614986, 39.668862627908], 
            [-92.1275026821031, 39.6942684757097], 
            [-92.2879417351229, 39.7138736963141], 
            [-92.3075559489478, 39.7392795441157], 
            [-92.4229839335616, 39.7588847647202], 
            [-92.4425891541661, 39.7842906125218], 
            [-92.5580171387799, 39.8039048263468], 
            [-92.5776223593843, 39.8293016809279], 
            [-92.6480392755921, 39.8489158947528], 
            [-92.6676534894169, 39.874312749334], 
            [-92.7380704056247, 39.8939269631589], 
            [-92.7576756262291, 39.9193328109605], 
            [-92.8280925424368, 39.938938031565], 
            [-92.8541099292298, 39.9726446218519], 
            [-93.0531478844673, 40.0064591307843], 
            [-93.0878976883276, 40.0514701991904], 
            [-93.1431790144999, 40.0318559853655], 
            [-93.1627842351043, 40.0064591307843], 
            [-93.2772319586879, 39.9745871574714], 
            [-93.2978174403225, 39.7588847647202], 
            [-93.3428375019491, 39.7241439540803], 
            [-93.3232232881242, 39.6238515595019], 
            [-93.2978174403225, 39.6042463388975], 
            [-93.2782122197181, 38.9036564785637], 
            [-93.2528063719164, 38.8840512579592], 
            [-93.233201151312, 38.7236122049394], 
            [-93.2077953035104, 38.7039979911145], 
            [-93.1881900829059, 38.6335810749068], 
            [-93.1627842351043, 38.6139758543023], 
            [-93.1529816248021, 38.6012774270117], 
            [-93.1957713677544, 38.5862767352832], 
            [-93.582228037394, 38.4942221306469], 
            [-93.7760589179846, 38.4328523942227], 
            [-94.0649031727432, 38.32037418592], 
            [-94.5418136537771, 38.0960383015264], 
            [-94.7253472969401, 38.0887627861737], 
            [-94.9347724218098, 38.1875982790374], 
            [-95.1578672417797, 38.3709340713504], 
            [-95.2343635750189, 38.5154910970366], 
            [-95.2109722086005, 38.6937726994506], 
            [-95.1226947565577, 39.1157166170283], 
            [-95.2511719040601, 39.2993042195142], 
            [-95.5835253594078, 39.6765878042838], 
            [-95.8064133353071, 39.8475039591405], 
            [-95.999290934529, 39.881084644341], 
            [-96.220083490061, 39.8389334200414], 
            [-96.5215002670237, 39.6966786587931], 
            [-96.7422748361147, 39.5798567250079], 
            [-96.8110729726395, 39.5473911991446], 
            [-96.9200708046239, 39.4897086831093], 
            [-96.9479318016113, 39.490814849226], 
            [-97.1775197267539, 39.3693254340216], 
            [-97.3841209803988, 39.2764524463234], 
            [-97.3841209803988, 39.3439735455428], 
            [-97.4291320488049, 39.3439735455428], 
            [-97.4291320488049, 39.4339956823549], 
            [-97.4741521104315, 39.4339956823549], 
            [-97.4741521104315, 39.4790157439815], 
            [-97.5191631788376, 39.4790157439815], 
            [-97.5191631788376, 39.5690378807936], 
            [-97.5641742472437, 39.5690378807936], 
            [-97.5641742472437, 39.6590600176058], 
            [-97.6091853156498, 39.6590600176058], 
            [-97.6091853156498, 39.749082154418], 
            [-97.6541963840558, 39.749082154418], 
            [-97.6541963840558, 39.8841243528567], 
            [-97.6992074524619, 39.8841243528567], 
            [-97.6992074524619, 39.9966475272616], 
            [-97.744218520868, 39.9966475272616], 
            [-97.744218520868, 40.6268204713877], 
            [-97.6992074524619, 40.6268204713877], 
            [-97.6992074524619, 40.8518848066386], 
            [-97.6541963840558, 40.8518848066386], 
            [-97.6541963840558, 40.9869180118569], 
            [-97.6091853156498, 40.9869180118569], 
            [-97.6091853156498, 41.1669712787016], 
            [-97.5641742472437, 41.1669712787016], 
            [-97.5641742472437, 41.3020044839199], 
            [-97.5191631788376, 41.3020044839199], 
            [-97.5191631788376, 41.4370376891382], 
            [-97.4741521104315, 41.4370376891382], 
            [-97.4741521104315, 41.6170909559829], 
            [-97.4291320488049, 41.6170909559829], 
            [-97.4291320488049, 42.247263900109], 
            [-97.3841209803988, 42.247263900109], 
            [-97.3841209803988, 42.5173303105455], 
            [-97.3391099119928, 42.5173303105455], 
            [-97.3391099119928, 42.6973835773903], 
            [-97.2940988435867, 42.6973835773903], 
            [-97.2940988435867, 42.8324167826085], 
            [-97.2490877751806, 42.8324167826085], 
            [-97.2490877751806, 43.0574811178594], 
            [-97.2040767067745, 43.0574811178594], 
            [-97.2040767067745, 43.1475032546716], 
            [-97.2490877751806, 43.1475032546716], 
            [-97.2490877751806, 43.2825364598898], 
            [-97.2940988435867, 43.2825364598898], 
            [-97.2940988435867, 43.3725675899224], 
            [-97.3391099119928, 43.3725675899224], 
            [-97.3391099119928, 43.4625897267346], 
            [-97.3841209803988, 43.4625897267346], 
            [-97.3841209803988, 43.5076007951407], 
            [-97.4291320488049, 43.5076007951407], 
            [-97.4291320488049, 43.5526118635468], 
            [-97.4741521104315, 43.5526118635468], 
            [-97.4741521104315, 43.5976229319528], 
            [-97.5191631788376, 43.5976229319528], 
            [-97.5191631788376, 43.687645068765], 
            [-97.5641742472437, 43.687645068765], 
            [-97.5641742472437, 43.7326651303915], 
            [-97.6091853156498, 43.7326651303915], 
            [-97.6091853156498, 43.7776761987976], 
            [-97.6541963840558, 43.7776761987976], 
            [-97.6541963840558, 43.8676983356098], 
            [-97.6992074524619, 43.8676983356098], 
            [-97.6992074524619, 43.9127094040159], 
            [-97.744218520868, 43.9127094040159], 
            [-97.744218520868, 44.0027315408281], 
            [-97.789229589274, 44.0027315408281], 
            [-97.789229589274, 44.0477426092341], 
            [-97.8342496509006, 44.0477426092341], 
            [-97.8342496509006, 44.1377737392667], 
            [-97.8792607193067, 44.1377737392667], 
            [-97.8792607193067, 44.2277958760789], 
            [-97.277317494207, 44.2152503335361], 
            [-97.020650982257, 44.1111358202619], 
            [-96.8433406476527, 44.0679144027276], 
            [-96.5973400951692, 44.1098767693975], 
            [-96.469861195138, 44.1962836315844], 
            [-96.4018184891319, 44.3365508911108], 
            [-96.407403279038, 44.6103944541408], 
            [-96.4047862518839, 44.7387546897772], 
            [-96.3576977495514, 44.92247719057], 
            [-96.2556696634241, 45.1740175668573], 
            [-96.1521666891413, 45.32670446384], 
            [-96.043951267337, 45.4306750855868], 
            [-95.7273179613548, 45.5450328769658], 
            [-95.6847170760322, 45.5441695278016], 
            [-95.6131220479441, 45.5686760535571], 
            [-95.4775222698368, 45.660586766666], 
            [-95.3456996443231, 45.7977873380153], 
            [-95.1634430384654, 46.091299074193], 
            [-95.0196864094002, 46.4299477838632], 
            [-94.9091237570557, 46.6445709901591], 
            [-94.7747110840492, 46.7442158728644], 
            [-94.394819465346, 46.9158874582397], 
            [-93.9744223816875, 47.1324621933756], 
            [-93.7914643046339, 47.2801488597821], 
            [-93.7022425644427, 47.4162342717943], 
            [-93.6468713060659, 47.5868626435962], 
            [-93.5806002644906, 48.0988376912065], 
            [-93.4680680968651, 48.0988376912065], 
            [-93.4680680968651, 48.1438487596126], 
            [-93.3330258984264, 48.1438487596126], 
            [-93.3330258984264, 48.1888688212392], 
            [-93.2430037616142, 48.1888688212392], 
            [-93.2430037616142, 48.2338798896453], 
            [-93.1529816248021, 48.2338798896453], 
            [-93.1529816248021, 48.2788909580513], 
            [-93.0179484195838, 48.2788909580513], 
            [-93.0179484195838, 48.3239020264575], 
            [-92.9279172895512, 48.3239020264575], 
            [-92.9279172895512, 48.3689130948635], 
            [-92.8378951527391, 48.3689130948635], 
            [-92.8378951527391, 48.4139241632696], 
            [-92.7028619475208, 48.4139241632696], 
            [-92.7028619475208, 48.4589352316757], 
            [-92.5678197490821, 48.4589352316757], 
            [-92.5678197490821, 48.5039463000818], 
            [-92.4327865438639, 48.5039463000818], 
            [-92.4327865438639, 48.5489663617083], 
            [-92.2977533386456, 48.5489663617083], 
            [-92.2977533386456, 48.5939774301144], 
            [-92.1627111402069, 48.5939774301144], 
            [-92.1627111402069, 48.6389884985205], 
            [-92.0726890033947, 48.6389884985205], 
            [-92.0726890033947, 48.6839995669266], 
            [-91.8926357365499, 48.6839995669266], 
            [-91.8926357365499, 48.7290106353326], 
            [-91.7125914629256, 48.7290106353326], 
            [-91.7125914629256, 48.7740217037387], 
            [-91.2174607172382, 48.7740217037387], 
            [-91.2174607172382, 48.7290106353326], 
            [-90.9923963819874, 48.7290106353326], 
            [-90.9923963819874, 48.6839995669266], 
            [-90.812352108363, 48.6839995669266], 
            [-90.812352108363, 48.6389884985205], 
            [-90.4522545678939, 48.6389884985205], 
            [-90.4522545678939, 48.6839995669266], 
            [-90.2271902326431, 48.6839995669266], 
            [-90.2271902326431, 48.7290106353326], 
            [-90.0471369657983, 48.7290106353326], 
            [-90.0471369657983, 48.7740217037387], 
            [-89.597017288517, 48.7740217037387], 
            [-89.597017288517, 48.7290106353326], 
            [-89.4169730148927, 48.7290106353326], 
            [-89.4169730148927, 48.6839995669266], 
            [-89.3269508780805, 48.6839995669266], 
            [-89.3269508780805, 48.6389884985205], 
            [-89.2369197480479, 48.6389884985205], 
            [-89.2369197480479, 48.5939774301144], 
            [-89.1919086796418, 48.5939774301144], 
            [-89.1919086796418, 48.5489663617083], 
            [-89.1468976112357, 48.5489663617083], 
            [-89.1468976112357, 48.5039463000818], 
            [-89.1018865428296, 48.5039463000818], 
            [-89.1018865428296, 48.4589352316757], 
            [-89.0568754744235, 48.4589352316757], 
            [-89.0568754744235, 48.4139241632696], 
            [-89.0118644060175, 48.4139241632696], 
            [-89.0118644060175, 48.3689130948635], 
            [-88.9668533376114, 48.3689130948635], 
            [-88.9668533376114, 48.2788909580513], 
            [-88.9218332759849, 48.2788909580513], 
            [-88.9218332759849, 48.1888688212392], 
            [-88.8768222075788, 48.1888688212392], 
            [-88.8768222075788, 48.0088155543944], 
            [-88.8318111391727, 48.0088155543944], 
            [-88.8318111391727, 47.6487180139253], 
            [-88.8768222075788, 47.6487180139253], 
            [-88.8768222075788, 47.4236626718949], 
            [-88.9218332759849, 47.4236626718949], 
            [-88.9218332759849, 47.3336315418622], 
            [-88.9668533376114, 47.3336315418622], 
            [-88.9668533376114, 47.198598336644], 
            [-89.0118644060175, 47.198598336644], 
            [-89.0118644060175, 47.0635651314258], 
            [-89.0568754744235, 47.0635651314258], 
            [-89.0568754744235, 46.7934897277688], 
            [-89.0118644060175, 46.7934897277688], 
            [-89.0118644060175, 46.7034675909566], 
            [-88.9218332759849, 46.7034675909566], 
            [-88.9218332759849, 46.6584475293301], 
            [-88.8768222075788, 46.6584475293301], 
            [-88.8768222075788, 46.613436460924], 
            [-88.7868000707666, 46.613436460924], 
            [-88.7868000707666, 46.568425392518], 
            [-88.6517668655483, 46.568425392518], 
            [-88.6517668655483, 46.5234143241119], 
            [-88.5617357355157, 46.5234143241119], 
            [-88.5617357355157, 46.4784032557058], 
            [-88.4717135987036, 46.4784032557058], 
            [-88.4717135987036, 46.4333921872997], 
            [-88.3816914618914, 46.4333921872997], 
            [-88.3816914618914, 46.3883811188936], 
            [-88.3366803934853, 46.3883811188936], 
            [-88.3366803934853, 46.3433700504875], 
            [-88.2466582566731, 46.3433700504875], 
            [-88.2466582566731, 46.298349988861], 
            [-88.2016381950466, 46.298349988861], 
            [-88.2016381950466, 46.2533389204549], 
            [-88.1566271266405, 46.2533389204549], 
            [-88.1566271266405, 46.2083278520488], 
            [-88.0666049898284, 46.2083278520488], 
            [-88.0666049898284, 46.1633167836428], 
            [-88.0215939214223, 46.1633167836428], 
            [-88.0215939214223, 46.1183057152367], 
            [-87.9765828530162, 46.1183057152367], 
            [-87.9765828530162, 46.0732946468306], 
            [-87.9315717846101, 46.0732946468306], 
            [-87.9315717846101, 46.0282835784245], 
            [-87.886560716204, 46.0282835784245], 
            [-87.886560716204, 45.9832725100184], 
            [-87.8415406545775, 45.9832725100184], 
            [-87.8415406545775, 45.9382614416123], 
            [-87.7965295861714, 45.9382614416123], 
            [-87.7965295861714, 45.8932413799858], 
            [-87.7515185177653, 45.8932413799858], 
            [-87.7515185177653, 45.8482303115797], 
            [-87.7065074493593, 45.8482303115797], 
            [-87.7065074493593, 45.8032192431736], 
            [-87.6164853125471, 45.8032192431736], 
            [-87.6164853125471, 45.7582081747676], 
            [-87.571474244141, 45.7582081747676], 
            [-87.571474244141, 45.7131971063615], 
            [-87.4814521073288, 45.7131971063615], 
            [-87.4814521073288, 45.6681860379554], 
            [-87.3914209772962, 45.6681860379554], 
            [-87.3914209772962, 45.6231749695493], 
            [-87.1663656352658, 45.6231749695493], 
            [-87.1663656352658, 45.6681860379554], 
            [-87.1213545668597, 45.6681860379554], 
            [-87.1213545668597, 45.7131971063615], 
            [-87.0763345052331, 45.7131971063615], 
            [-87.0763345052331, 45.7582081747676], 
            [-87.0313234368271, 45.7582081747676], 
            [-87.0313234368271, 45.8932413799858], 
            [-86.986312368421, 45.8932413799858], 
            [-86.986312368421, 46.1183057152367], 
            [-86.9413013000149, 46.1183057152367], 
            [-86.9413013000149, 46.298349988861], 
            [-86.8962902316088, 46.298349988861], 
            [-86.8962902316088, 46.4333921872997], 
            [-86.8512791632028, 46.4333921872997], 
            [-86.8512791632028, 46.5234143241119], 
            [-86.8062680947967, 46.5234143241119], 
            [-86.8062680947967, 46.613436460924], 
            [-86.7612570263906, 46.613436460924], 
            [-86.7612570263906, 46.6584475293301], 
            [-86.7162369647641, 46.6584475293301], 
            [-86.7162369647641, 46.7484786593627], 
            [-86.671225896358, 46.7484786593627], 
            [-86.671225896358, 46.7934897277688], 
            [-86.6262148279519, 46.7934897277688], 
            [-86.6262148279519, 46.8385007961749], 
            [-86.5812037595458, 46.8385007961749], 
            [-86.5812037595458, 46.8835118645809], 
            [-86.5361926911397, 46.8835118645809], 
            [-86.5361926911397, 46.9285229329871], 
            [-86.4461705543276, 46.9285229329871], 
            [-86.4461705543276, 46.9735340013931], 
            [-86.4011594859215, 46.9735340013931], 
            [-86.4011594859215, 47.0185450697992], 
            [-86.3111283558889, 47.0185450697992], 
            [-86.3111283558889, 47.0635651314258], 
            [-86.1760951506706, 47.0635651314258], 
            [-86.1760951506706, 47.1085761998318], 
            [-85.9960418838258, 47.1085761998318], 
            [-85.9960418838258, 47.1535872682379], 
            [-85.1858246660754, 47.1535872682379], 
            [-85.1858246660754, 47.198598336644], 
            [-85.0057803924511, 47.198598336644], 
            [-85.0057803924511, 47.2436094050501], 
            [-84.8707381940124, 47.2436094050501], 
            [-84.8707381940124, 47.2886204734561], 
            [-84.7357049887941, 47.2886204734561], 
            [-84.7357049887941, 47.3336315418622], 
            [-84.5556607151698, 47.3336315418622], 
            [-84.5556607151698, 47.3786426102683], 
            [-84.1505431130741, 47.3786426102683], 
            [-84.1505431130741, 47.3336315418622], 
            [-83.9704988394498, 47.3336315418622], 
            [-83.9704988394498, 47.2886204734561], 
            [-83.8804767026377, 47.2886204734561], 
            [-83.8804767026377, 47.2436094050501], 
            [-83.7904545658255, 47.2436094050501], 
            [-83.7904545658255, 47.198598336644], 
            [-83.745434504199, 47.198598336644], 
            [-83.745434504199, 47.1535872682379], 
            [-83.7004234357929, 47.1535872682379], 
            [-83.7004234357929, 47.1085761998318], 
            [-83.6554123673867, 47.1085761998318], 
            [-83.6554123673867, 47.0635651314258], 
            [-83.6104012989807, 47.0635651314258], 
            [-83.6104012989807, 47.0185450697992], 
            [-83.5653902305746, 47.0185450697992], 
            [-83.5653902305746, 46.9735340013931], 
            [-83.5203791621685, 46.9735340013931], 
            [-83.5203791621685, 46.8835118645809], 
            [-83.4753680937625, 46.8835118645809], 
            [-83.4753680937625, 46.7934897277688], 
            [-83.4303570253564, 46.7934897277688], 
            [-83.4303570253564, 46.6584475293301], 
            [-83.3853369637299, 46.6584475293301], 
            [-83.3853369637299, 46.298349988861], 
            [-83.4303570253564, 46.298349988861], 
            [-83.4303570253564, 46.1183057152367], 
            [-83.4753680937625, 46.1183057152367], 
            [-83.4753680937625, 46.0282835784245], 
            [-83.5203791621685, 46.0282835784245], 
            [-83.5203791621685, 45.9382614416123], 
            [-83.5653902305746, 45.9382614416123], 
            [-83.5653902305746, 45.8482303115797], 
            [-83.6104012989807, 45.8482303115797], 
            [-83.6104012989807, 45.8032192431736], 
            [-83.6554123673867, 45.8032192431736], 
            [-83.6554123673867, 45.7582081747676], 
            [-83.7004234357929, 45.7582081747676], 
            [-83.7004234357929, 45.6681860379554], 
            [-83.745434504199, 45.6681860379554], 
            [-83.745434504199, 45.6231749695493], 
            [-83.7904545658255, 45.6231749695493], 
            [-83.7904545658255, 45.5781639011432], 
            [-83.8354656342316, 45.5781639011432], 
            [-83.8354656342316, 45.5331438395166], 
            [-83.8804767026377, 45.5331438395166], 
            [-83.8804767026377, 45.4881327711106], 
            [-83.9254877710437, 45.4881327711106], 
            [-83.9254877710437, 45.3981106342984], 
            [-83.9704988394498, 45.3981106342984], 
            [-83.9704988394498, 45.3756006034852], 
            [-84.0945063563832, 45.3866352849905], 
            [-84.3630079464595, 45.4171312955729], 
            [-84.9818584260255, 45.5611127551496], 
            [-85.1449324926404, 45.5891895894281], 
            [-85.6207098278962, 45.5016585746836], 
            [-85.8790940449542, 45.4771070828257], 
            [-86.1973910967217, 45.5236200190487], 
            [-86.7067491171779, 45.6541566140366], 
            [-86.9973380567059, 45.6116906270209], 
            [-87.2344353209332, 45.5885061046731], 
            [-87.3992001129948, 45.5918695691254], 
            [-87.6770906252321, 45.6392638409536], 
            [-88.006988931394, 45.7300054354026], 
            [-88.5745151017904, 45.9602048995366], 
            [-88.7779687282741, 46.0167992358961], 
            [-88.9312851506891, 45.9378207738097], 
            [-89.0429179962684, 45.7872292971944], 
            [-89.068692566109, 44.8399823792835], 
            [-89.1187668176345, 44.5955016810578], 
            [-89.2841161690259, 44.1124218507879], 
            [-89.3154665355521, 44.008918876505], 
            [-89.270455467146, 43.7891515481056], 
            [-89.2484040905763, 43.5393558565876], 
            [-89.3403867494489, 43.4036571530552], 
            [-89.8024764031634, 43.081753819883], 
            [-90.0180528908282, 42.9537892859469], 
            [-90.195588055944, 42.9114132311358], 
            [-90.4292948760576, 43.0531373923768], 
            [-90.58021910183, 43.1263601933683], 
            [-90.8524978444999, 43.1585289429564], 
            [-91.2516529414301, 43.0562400534358], 
            [-91.250969456675, 43.0230280902742], 
            [-91.296232335254, 43.0239453987612], 
            [-91.3217910678035, 43.0234237919745], 
            [-91.5508034268366, 42.9305328178353], 
            [-91.6561050452116, 42.8209414333005], 
            [-91.681564852336, 42.7964798736473], 
            [-91.7792132400989, 42.5952026065151], 
            [-91.8475077562779, 42.4626245504827], 
            [-92.0146827314229, 42.2301767812335], 
            [-92.2530300532943, 42.0011824086413], 
            [-92.6347922618534, 41.7904083007026], 
            [-92.7550945719569, 41.7410984729163], 
            [-93.0123726228982, 41.8562746473572], 
            [-93.1663095775249, 41.8531270201959], 
            [-93.3325762374034, 41.7404239813817], 
            [-93.4559542289045, 41.6595299633372], 
            [-93.6145766513913, 41.6285663052909], 
            [-93.6366370211815, 41.5605955450484], 
            [-93.7056509949974, 41.4696471065288], 
            [-93.9457340084177, 41.4111192277702], 
            [-93.9989738735454, 41.3557119965115], 
            [-93.9966176497846, 41.240445889866], 
            [-93.8817922109417, 41.0175489207462], 
            [-93.6868731506753, 40.8730548476032], 
            [-93.452626737334, 40.8183490875404], 
            [-93.2769531688536, 40.863369149167], 
            [-93.2540564295605, 40.862901501703], 
            [-93.1838103845416, 40.8869493732151], 
            [-92.9772091308966, 41.1656582685143], 
            [-92.849370502047, 41.3810009324471], 
            [-92.783360263865, 41.4783795235962], 
            [-92.688715611736, 41.5380945074556], 
            [-92.4107261740736, 41.4253375093187], 
            [-92.1282760990626, 41.3139294942508], 
            [-91.8140979422662, 41.1779969669865], 
            [-91.6944881101381, 41.1308185324494], 
            [-91.5479975420529, 41.1338132748628], 
            [-91.4206895132104, 41.3055478127814], 
            [-91.195400347448, 41.6850617162253], 
            [-91.0908811392531, 41.8574077931352], 
            [-91.036930809709, 41.909244715871], 
            [-90.9426189067371, 41.9432031163308], 
            [-90.8625702514159, 41.8211111553556], 
            [-90.8147083321238, 41.5270778123912], 
            [-90.7223569512122, 41.2079533843413], 
            [-90.5829890137319, 40.8966440648718], 
            [-90.4601955815608, 40.8408501251333], 
            [-90.3063665455796, 40.893505430931], 
            [-89.9911002091073, 41.1784466280096], 
            [-89.8497627563461, 41.2905021549506], 
            [-89.6815895337299, 41.3903358952854], 
            [-89.4598706764905, 41.4480723706434], 
            [-89.2727217587021, 41.3721605967343], 
            [-88.7769435011416, 41.0987127354045], 
            [-88.3422741766119, 40.7296759337974], 
            [-88.1473191434636, 40.6527838988579], 
            [-87.9200874420818, 40.6157947831028], 
            [-87.8530249971059, 40.5928350912665], 
            [-87.7504123516486, 40.5678249451652], 
            [-87.5855216545007, 40.5711884096175], 
            [-87.5604395626356, 40.7508279883211], 
            [-87.4354787643334, 40.7752265954311], 
            [-87.5155723857569, 40.9306923975362], 
            [-87.4473048492393, 41.020669568246], 
            [-87.4929274566368, 41.0879748301744], 
            [-87.5185761213908, 41.2717422970694], 
            [-87.514286355231, 41.4820487575442], 
            [-87.5172091518808, 41.6251219018543], 
            [-87.4924777956137, 41.6731277126739], 
            [-87.4439503780075, 41.796154968577], 
            [-87.2422864023955, 41.9679434658184], 
            [-87.1316697907282, 41.9656861674827], 
            [-87.0314853147954, 41.6104989253852], 
            [-86.9050676147785, 41.2411563542824], 
            [-86.8140292440543, 41.1536882920811], 
            [-86.6822605778633, 41.1109255287902], 
            [-86.6602002080731, 41.0879748301744], 
            [-86.5922294478307, 41.0659144603841], 
            [-86.4868019243693, 41.0298336598956], 
            [-86.4201082014323, 40.756232913818], 
            [-86.3901248044161, 40.5654867078454], 
            [-86.4599571612939, 40.3614755016931], 
            [-86.5948194953234, 40.1625184854398], 
            [-86.801942355755, 40.0089862257338], 
            [-87.0027429822028, 39.9297829331359], 
            [-87.1819508863243, 39.8947993055436], 
            [-87.3163725525512, 39.8487899896664], 
            [-87.3971316722888, 39.7647303580197], 
            [-87.4699677648004, 39.5800635690785], 
            [-87.4929274566368, 39.5355021616955], 
            [-87.5234504468806, 39.472585591352], 
            [-87.423095099759, 39.3761692747923], 
            [-87.2338777412647, 39.3800273663699], 
            [-87.1048070412119, 39.377392352775], 
            [-86.9268941608368, 39.2857424430594], 
            [-86.7803586266492, 39.0622339349482], 
            [-86.7502223448852, 38.8126630739418], 
            [-86.8360176680808, 38.7302312151985], 
            [-87.3310045222408, 38.7017316995584], 
            [-87.357435597175, 38.5720584537347], 
            [-87.2599940534827, 38.1532621633183], 
            [-87.1981566695946, 38.0008000968471], 
            [-86.6896080389798, 37.8927105801292], 
            [-86.4746430903063, 37.7997026941241], 
            [-86.3393670681356, 37.7557977918347], 
            [-86.2513414262658, 37.7575964359269], 
            [-86.0865226748815, 37.8140109078772], 
            [-85.9686125614205, 37.8522680677172], 
            [-85.6766206795007, 37.8463145557722], 
            [-85.4845524701203, 37.6850751061313], 
            [-85.3963289774003, 37.6449923225377], 
            [-85.2899751522314, 37.7556808799687], 
            [-85.1820744931433, 38.046080961867], 
            [-85.1511378147583, 38.3307793419931], 
            [-85.1536918893692, 38.4556322216498], 
            [-85.0723931764039, 38.5337383413515], 
            [-85.0393251047697, 38.4993122934277], 
            [-84.9943320228045, 38.5002296019147], 
            [-84.9046066622676, 38.4772339371965], 
            [-84.6003300411984, 38.5054996291047], 
            [-84.2634709823998, 38.4986288086727], 
            [-84.0044482466892, 38.4322408552314], 
            [-83.9817493582462, 38.4327085026953], 
            [-83.9029777402305, 38.4310987162328], 
            [-83.8226323086341, 38.4327444755772], 
            [-83.7794198843201, 38.4777195711014], 
            [-83.7036520019383, 38.5144748631245], 
            [-83.6668877166947, 38.5902427455064], 
            [-83.6439370180789, 38.6348041528894], 
            [-83.5998252717188, 38.7257346049681], 
            [-83.5133554569887, 38.8935840716477], 
            [-83.4643334122571, 39.0178613851949], 
            [-83.4188636896075, 39.0399217549851], 
            [-83.4193313370715, 39.0628634603805], 
            [-83.3595893735507, 39.1509970208959], 
            [-83.2160935478789, 39.1859806484882], 
            [-83.0817348341952, 39.2204156896324], 
            [-82.9624037919014, 39.2437081306258], 
            [-82.9012948588706, 39.2424670662022], 
            [-82.6874900356366, 39.2697974631824], 
            [-82.4481174866327, 39.2649051512518], 
            [-82.061094244104, 39.0025639171911], 
            [-81.8296357291056, 38.9728503167888], 
            [-81.5789407155415, 39.0453986262457], 
            [-81.4162083913042, 39.1440812343616], 
            [-81.3231375527558, 39.2696355852142], 
            [-81.3262671934762, 39.4227451635585], 
            [-81.3258085392326, 39.4452551943718], 
            [-81.3268157799242, 39.4947898526697], 
            [-81.4839633142555, 39.9100428142246], 
            [-81.482002792195, 40.0061623545091], 
            [-81.1867373780275, 40.3271573724149], 
            [-81.0445815422044, 40.5189198122996], 
            [-80.9078666047599, 40.8007043889964], 
            [-80.8712192313824, 40.9510620418798], 
            [-80.7308710328718, 41.1581039633273], 
            [-80.624148485664, 41.2455180662059], 
            [-80.4122502251677, 40.9468172418223], 
            [-80.4494012188911, 40.8382960505224], 
            [-80.4477734459877, 40.7587779952084], 
            [-80.333343708845, 40.705816919915], 
            [-80.2445356567951, 40.7515654323989], 
            [-80.2009545104422, 40.8858701867598], 
            [-80.1766818084187, 40.9079215633296], 
            [-80.1307444383051, 40.8601136033602], 
            [-80.1339550180096, 40.7028221775015], 
            [-80.2402099177534, 40.5460703448706], 
            [-80.119439960186, 40.3964591292855], 
            [-80.0247593351751, 40.3457193794459], 
            [-79.991556365234, 40.5158171512406], 
            [-79.9009856419738, 40.5928350912665], 
            [-79.6925857442366, 40.4246079093276], 
            [-79.4697337412191, 40.5597490331914], 
            [-79.3606279905893, 40.5951553421454], 
            [-79.2309457515452, 40.6619659769484], 
            [-79.140806702867, 40.7994453381319], 
            [-79.0850127631285, 40.9713777269006], 
            [-79.1218669805766, 41.1151613356272], 
            [-79.2177167242473, 41.2072519131453], 
            [-79.4997621043376, 41.3440927556762], 
            [-79.7647023791114, 41.430067943281], 
            [-79.9663933343848, 41.47923387954], 
            [-80.1802970830439, 41.5717831113016], 
            [-80.5718798883461, 41.7735100394568], 
            [-80.6166391465793, 41.8200949214436], 
            [-80.6782516999559, 41.8792882985163], 
            [-80.7654049994411, 41.9215654279022], 
            [-80.8095167458011, 41.9206661058562], 
            [-80.8533317158859, 41.8303561859893], 
            [-80.8896193604451, 41.8681277119244], 
            [-80.9342976796941, 41.6848728585956], 
            [-81.0248773961748, 41.5654968501996], 
            [-81.1947413442376, 41.5385441684787], 
            [-81.3284795257095, 41.6074412304285], 
            [-81.4074939606777, 41.7702994597523], 
            [-81.3475991124091, 41.9452985366982], 
            [-81.159712750543, 42.0845855351944], 
            [-81.1920343848789, 42.147331234349], 
            [-81.4802221345438, 42.2609965477525], 
            [-81.5958839428896, 42.3487613862291], 
            [-81.6997916120932, 42.4168940244398], 
            [-81.7979885863041, 42.619286450909], 
            [-81.8844584010343, 42.7871359175886], 
            [-81.973203500541, 43.0121552867372], 
            [-82.0750787019205, 43.2397107440557], 
            [-82.2753577215815, 43.5699867654769], 
            [-82.3523846548279, 43.643982983428], 
            [-82.4539720731526, 43.6769521296371], 
            [-82.3341823766153, 43.7920473650939], 
            [-82.3866847976652, 44.3573072439343], 
            [-82.3813608111524, 44.6181735898394], 
            [-82.3385800614207, 44.8689945084898], 
            [-82.3275543731357, 44.9479909570171], 
            [-82.3050443423225, 44.9479909570171], 
            [-82.3050443423225, 44.9930020254232], 
            [-82.2600332739164, 44.9930020254232], 
            [-82.2600332739164, 45.0380130938293], 
            [-82.2150222055103, 45.0380130938293], 
            [-82.2150222055103, 45.0830241622354], 
            [-82.1700111371042, 45.0830241622354], 
            [-82.1700111371042, 45.1280352306414], 
            [-82.1250000686982, 45.1280352306414], 
            [-82.1250000686982, 45.1730462990475], 
            [-82.0799890002921, 45.1730462990475], 
            [-82.0799890002921, 45.2180663606741], 
            [-82.034977931886, 45.2180663606741], 
            [-82.034977931886, 45.2630774290802], 
            [-81.9899668634799, 45.2630774290802], 
            [-81.9899668634799, 45.3080884974863], 
            [-81.9449557950739, 45.3080884974863], 
            [-81.9449557950739, 45.3530995658923], 
            [-81.8999357334473, 45.3530995658923], 
            [-81.8999357334473, 45.4431217027045], 
            [-81.8549246650412, 45.4431217027045], 
            [-81.8549246650412, 45.5781639011432], 
            [-81.8099135966351, 45.5781639011432], 
            [-81.8099135966351, 45.7131971063615], 
            [-81.8549246650412, 45.7131971063615], 
            [-81.8549246650412, 45.9382614416123], 
            [-81.8999357334473, 45.9382614416123], 
            [-81.8999357334473, 46.1633167836428], 
            [-81.9449557950739, 46.1633167836428], 
            [-81.9449557950739, 46.613436460924], 
            [-81.8999357334473, 46.613436460924], 
            [-81.8999357334473, 46.7484786593627], 
            [-81.8549246650412, 46.7484786593627], 
            [-81.8549246650412, 46.8835118645809], 
            [-81.8099135966351, 46.8835118645809], 
            [-81.8099135966351, 46.9735340013931], 
            [-81.764902528229, 46.9735340013931], 
            [-81.764902528229, 47.0185450697992], 
            [-81.719891459823, 47.0185450697992], 
            [-81.719891459823, 47.0635651314258], 
            [-81.6748803914169, 47.0635651314258], 
            [-81.6748803914169, 47.1085761998318], 
            [-81.6298693230108, 47.1085761998318], 
            [-81.6298693230108, 47.1535872682379], 
            [-81.5848582546047, 47.1535872682379], 
            [-81.5848582546047, 47.198598336644], 
            [-81.5398381929782, 47.198598336644], 
            [-81.5398381929782, 47.2436094050501], 
            [-81.4948271245721, 47.2436094050501], 
            [-81.4948271245721, 47.2886204734561], 
            [-81.4048049877599, 47.2886204734561], 
            [-81.4048049877599, 47.3336315418622], 
            [-81.3597939193538, 47.3336315418622], 
            [-81.3597939193538, 47.3786426102683], 
            [-81.2697717825417, 47.3786426102683], 
            [-81.4746103649763, 47.132021525573], 
            [-81.610003299013, 46.9150870616187], 
            [-81.6982897442762, 46.6746802922618], 
            [-81.7176791275896, 46.4333921872997], 
            [-81.7076696732168, 46.3088270906978], 
            [-81.7978267083359, 46.2686004155768], 
            [-81.7319783481222, 46.1512298953435], 
            [-81.6402834723044, 46.0403704667237], 
            [-81.6298693230108, 46.0057735476112], 
            [-81.8207414340699, 46.1524979394284], 
            [-81.8549246650412, 46.1633167836428], 
            [-81.8359129969872, 46.1032690506263], 
            [-81.6293117433422, 45.8695532372922], 
            [-81.5882936648207, 45.9138268616205], 
            [-81.2652212129885, 45.7237371607414], 
            [-81.2206777920464, 45.7254998319518], 
            [-81.0113785722633, 45.5439716769514], 
            [-80.9341627813872, 45.5195281037391], 
            [-80.7413571279291, 45.2415206796358], 
            [-80.5717899561415, 45.0844091181863], 
            [-80.3708274517255, 44.9895666152072], 
            [-80.2165397615007, 44.9528203164045], 
            [-80.0107838705791, 44.9609771673624], 
            [-79.8713889534374, 45.0098283409053], 
            [-79.7454568873254, 45.0764681045195], 
            [-79.648851713136, 45.2260703268842], 
            [-79.6038046718481, 45.5088801307135], 
            [-79.5242236639908, 45.6126618948306], 
            [-79.0079948231025, 45.8562882371126], 
            [-78.6872246357083, 45.9578396825554], 
            [-78.2197660293787, 46.0391024226388], 
            [-77.9838828499135, 46.0957956844234], 
            [-77.9838828499135, 46.0732946468306], 
            [-77.9388717815074, 46.0732946468306], 
            [-77.9388717815074, 45.9382614416123], 
            [-77.8938607131014, 45.9382614416123], 
            [-77.8938607131014, 45.8482303115797], 
            [-77.8488406514748, 45.8482303115797], 
            [-77.8488406514748, 45.8032192431736], 
            [-77.8038295830688, 45.8032192431736], 
            [-77.8038295830688, 45.7582081747676], 
            [-77.7588185146627, 45.7582081747676], 
            [-77.7588185146627, 45.7131971063615], 
            [-77.7138074462566, 45.7131971063615], 
            [-77.7138074462566, 45.6681860379554], 
            [-77.6687963778505, 45.6681860379554], 
            [-77.6687963778505, 45.6231749695493], 
            [-77.3086988373814, 45.6231749695493], 
            [-77.3086988373814, 45.6681860379554], 
            [-77.2636877689753, 45.6681860379554], 
            [-77.2636877689753, 45.7131971063615], 
            [-77.2186767005692, 45.7131971063615], 
            [-77.2186767005692, 45.7582081747676], 
            [-77.1736656321631, 45.7582081747676], 
            [-77.1736656321631, 45.8032192431736], 
            [-77.1286455705366, 45.8032192431736], 
            [-77.1286455705366, 45.8932413799858], 
            [-77.0836345021305, 45.8932413799858], 
            [-77.0836345021305, 45.9382614416123], 
            [-77.0386234337244, 45.9382614416123], 
            [-77.0386234337244, 46.0282835784245], 
            [-76.9936123653184, 46.0282835784245], 
            [-76.9936123653184, 46.1183057152367], 
            [-76.9486012969123, 46.1183057152367], 
            [-76.9486012969123, 46.2083278520488], 
            [-76.9035902285062, 46.2083278520488], 
            [-76.9035902285062, 46.298349988861], 
            [-76.8585791601001, 46.298349988861], 
            [-76.8585791601001, 46.3433700504875], 
            [-76.813568091694, 46.3433700504875], 
            [-76.813568091694, 46.4333921872997], 
            [-76.7685480300674, 46.4333921872997], 
            [-76.7685480300674, 46.5234143241119], 
            [-76.7235369616614, 46.5234143241119], 
            [-76.7235369616614, 46.6584475293301], 
            [-76.6785258932553, 46.6584475293301], 
            [-76.6785258932553, 46.7934897277688], 
            [-76.6335148248492, 46.7934897277688], 
            [-76.6335148248492, 47.0185450697992], 
            [-76.5885037564431, 47.0185450697992], 
            [-76.5885037564431, 47.1085761998318], 
            [-76.6335148248492, 47.1085761998318], 
            [-76.6335148248492, 47.2436094050501], 
            [-76.3765065705218, 47.4817408896304], 
            [-76.1383840791619, 47.7387401507374], 
            [-76.0483619423497, 47.7387401507374], 
            [-76.0483619423497, 47.6937290823313], 
            [-75.3281668614115, 47.6937290823313], 
            [-75.3281668614115, 47.6487180139253], 
            [-75.1481135945667, 47.6487180139253], 
            [-75.1481135945667, 47.6037069455192], 
            [-75.0130803893484, 47.6037069455192], 
            [-75.0130803893484, 47.5586958771131], 
            [-74.8780381909097, 47.5586958771131], 
            [-74.8780381909097, 47.513684808707], 
            [-74.7880160540976, 47.513684808707], 
            [-74.7880160540976, 47.468673740301], 
            [-74.6979939172854, 47.468673740301], 
            [-74.6979939172854, 47.4236626718949], 
            [-74.6079717804732, 47.4236626718949], 
            [-74.6079717804732, 47.3786426102683], 
            [-74.5179406504406, 47.3786426102683], 
            [-74.5179406504406, 47.3336315418622], 
            [-74.4279185136284, 47.3336315418622], 
            [-74.4279185136284, 47.2886204734561], 
            [-74.3378963768163, 47.2886204734561], 
            [-74.3378963768163, 47.2436094050501], 
            [-73.9102777371278, 47.2436094050501], 
            [-73.8975433369554, 47.1814122923435], 
            [-73.899683723425, 47.0762815451573], 
            [-73.8762833637862, 46.9849823710397], 
            [-73.8771017468481, 46.9449985128712], 
            [-73.6271891434641, 46.419110953208], 
            [-73.5747226952961, 46.3687129457459], 
            [-73.4941434399677, 46.1518414343348], 
            [-73.4711837481314, 46.1072800269517], 
            [-73.4491323715616, 46.0618192975226], 
            [-73.3721863772994, 45.9349339500419], 
            [-73.2194005548916, 45.788137612461], 
            [-73.0694206172676, 45.7153734657129], 
            [-72.9725546396848, 45.7485314695518], 
            [-72.8931804758982, 45.8311521859247], 
            [-72.8612545432625, 46.1575431361069], 
            [-72.7316082771002, 46.2821082327089], 
            [-72.6428811640344, 46.4174472074228], 
            [-72.503198463838, 46.5904857623082], 
            [-72.3353130242766, 46.8465497284873], 
            [-72.2499134027813, 46.8720365152731], 
            [-72.1541445980947, 46.6143177965292], 
            [-72.0297143997997, 46.466091536895], 
            [-71.7789564336924, 46.4171324447066], 
            [-71.3609875195583, 46.154206651316], 
            [-70.9959706874972, 45.8142449314585], 
            [-70.7979489661718, 45.6504424139863], 
            [-70.5600602985439, 45.4944729915354], 
            [-70.4704518498729, 45.4509997638281], 
            [-70.3268840784374, 45.4044148818414], 
            [-70.0729964716098, 45.4095949768268], 
            [-70.0298380066187, 45.4087136412217], 
            [-69.8971520319407, 45.4358911534541], 
            [-69.8031458984644, 45.499617113639], 
            [-69.7060460971496, 45.5632711280602], 
            [-69.5637014036968, 45.7428117813387], 
            [-69.5440961830923, 45.8032192431736], 
            [-69.5215951454995, 45.8032192431736], 
            [-69.5215951454995, 45.8482303115797], 
            [-69.4315730086873, 45.8482303115797], 
            [-69.4315730086873, 45.8932413799858], 
            [-69.3865529470608, 45.8932413799858], 
            [-69.3865529470608, 45.9382614416123], 
            [-69.3415418786547, 45.9382614416123], 
            [-69.3415418786547, 45.9832725100184], 
            [-69.2965308102486, 45.9832725100184], 
            [-69.2965308102486, 46.1183057152367], 
            [-69.2515197418426, 46.1183057152367], 
            [-69.2515197418426, 46.2533389204549], 
            [-69.2965308102486, 46.2533389204549], 
            [-69.2965308102486, 46.4333921872997], 
            [-69.3415418786547, 46.4333921872997], 
            [-69.3415418786547, 46.5234143241119], 
            [-69.3865529470608, 46.5234143241119], 
            [-69.3865529470608, 46.568425392518], 
            [-69.4315730086873, 46.568425392518], 
            [-69.4315730086873, 46.6584475293301], 
            [-69.4765840770934, 46.6584475293301], 
            [-69.4765840770934, 46.7034675909566], 
            [-69.5215951454995, 46.7034675909566], 
            [-69.5215951454995, 46.7484786593627], 
            [-69.5666062139056, 46.7484786593627], 
            [-69.5666062139056, 46.7934897277688], 
            [-69.5891162447189, 46.7934897277688], 
            [-69.5891162447189, 46.8159907653616], 
            [-69.6116172823117, 46.8159907653616], 
            [-69.6116172823117, 46.8385007961749], 
            [-69.6267348859062, 46.8683942609865], 
            [-69.6566283507178, 46.8835118645809], 
            [-69.6716740085486, 46.9361401907173], 
            [-69.8109700002652, 47.1654673124666], 
            [-69.9310025137549, 47.3231904129073], 
            [-70.0492453763729, 47.368642149116], 
            [-70.0842469904062, 47.3786426102683], 
            [-70.0984292990728, 47.4363790856263], 
            [-70.0709280309038, 47.4553547807986], 
            [-70.0525458882821, 47.5044937373962], 
            [-69.9358948256856, 47.567886948424], 
            [-69.9102011948292, 47.6365591798623], 
            [-69.8008616204673, 47.6579090852361], 
            [-69.7824704846251, 47.7168596453564], 
            [-69.844145990545, 47.7594335510177], 
            [-69.7783515896541, 47.8604633896738], 
            [-69.7691605183432, 47.896283386769], 
            [-69.7319105991947, 47.9040535292471], 
            [-69.6968460326182, 47.9706213470976], 
            [-69.6346489199117, 47.942679411126], 
            [-69.6504320218203, 47.9075428987858], 
            [-69.6311775368138, 47.8646812100699], 
            [-69.7008570089437, 47.8279798773695], 
            [-69.7241494499371, 47.783760212364], 
            [-69.6445414624185, 47.7941743616575], 
            [-69.4941298502123, 48.0343023411802], 
            [-69.3056049696935, 48.1523923190504], 
            [-69.171911754324, 48.1767729397194], 
            [-69.0835623565175, 48.2459667779445], 
            [-68.9874877823352, 48.3061404160475], 
            [-68.8747487706392, 48.3564484913049], 
            [-68.9260191204859, 48.3793272441571], 
            [-68.9468474190731, 48.4223598040618], 
            [-68.8072546510812, 48.4468483433764], 
            [-68.7683679658089, 48.4017113698839], 
            [-68.687563879969, 48.4082044750566], 
            [-68.6230285299426, 48.4831180014946], 
            [-68.519237772605, 48.5143694425958], 
            [-68.4984004807975, 48.5385432191943], 
            [-68.4696671414254, 48.5593805110019], 
            [-68.4308883747986, 48.5143694425958], 
            [-68.3166834681675, 48.4935321507882], 
            [-68.2958461763599, 48.4693583741897], 
            [-68.2266613313553, 48.4485210823821], 
            [-68.2058240395477, 48.4243383125632], 
            [-68.1366302013226, 48.4035100139761], 
            [-68.1158019027355, 48.3793272441571], 
            [-68.0466080645105, 48.35849894557], 
            [-68.0257797659234, 48.334316175751], 
            [-68.0015969961044, 48.3134878771639], 
            [-67.9807597042969, 48.2893051073449], 
            [-67.9115748592923, 48.2684768087578], 
            [-67.8907375674847, 48.2442940389389], 
            [-67.8665637908862, 48.2234657403517], 
            [-67.8457264990786, 48.1992829705327], 
            [-67.7765326608535, 48.1784456787251], 
            [-67.7557043622664, 48.1542719021266], 
            [-67.7315215924475, 48.1334346103191], 
            [-67.7106932938603, 48.1092608337206], 
            [-67.6865105240414, 48.088423541913], 
            [-67.6656822254543, 48.064240772094], 
            [-67.6414994556353, 48.0434124735069], 
            [-67.6206621638277, 48.019229703688], 
            [-67.5964883872292, 47.9984014051008], 
            [-67.5756510954217, 47.9742186352819], 
            [-67.5514773188231, 47.9533903366948], 
            [-67.5306400270156, 47.9292075668758], 
            [-67.4614461887905, 47.9083792682887], 
            [-67.4406178902034, 47.8841964984697], 
            [-67.4164351203844, 47.8633681998826], 
            [-67.3956068217973, 47.8391854300637], 
            [-67.3714240519784, 47.8183481382561], 
            [-67.3505957533912, 47.7941743616575], 
            [-67.3264129835723, 47.77333706985], 
            [-67.3055846849851, 47.7491632932515], 
            [-67.2814019151662, 47.7283260014439], 
            [-67.2605736165791, 47.7041432316249], 
            [-67.191379778354, 47.6833149330378], 
            [-67.1705424865465, 47.6591321632188], 
            [-67.1013486483214, 47.6383038646317], 
            [-67.0805203497343, 47.6141210948127], 
            [-67.0684334614351, 47.6037069455192], 
            [-66.9902913688515, 47.3892636036325], 
            [-66.9068252897553, 47.1996235637765], 
            [-66.7764685591766, 47.0407583243373], 
            [-66.4963117553831, 46.8841683696746], 
            [-66.2703570913067, 46.7973118464647], 
            [-66.1223106960817, 46.8061341957366], 
            [-66.0000208842563, 46.962913008029], 
            [-65.8712289740379, 47.1143228677063], 
            [-65.6480082489815, 47.2390768219379], 
            [-65.4229888798329, 47.2767404292275], 
            [-65.209948480338, 47.2312167472552], 
            [-64.9978703554325, 47.1310772374247], 
            [-64.9978703554325, 47.1085761998318], 
            [-64.9528592870264, 47.1085761998318], 
            [-64.9128304627556, 47.0585828872905], 
            [-64.7728060201816, 47.0185450697992], 
            [-64.7839036542302, 46.9577508994845], 
            [-64.8494462449482, 46.9012734749909], 
            [-64.8732512995078, 46.8557947591209], 
            [-64.8007119832714, 46.7534878831594], 
            [-64.7157080634763, 46.7155544792559], 
            [-64.669033249285, 46.6895101128015], 
            [-64.6724326866191, 46.6471970105337], 
            [-64.6706250493065, 46.6246959729408], 
            [-64.6748878358049, 46.5716629518838], 
            [-64.580674858258, 46.490490144005], 
            [-64.5585695223655, 46.4170964718248], 
            [-64.5131537590387, 46.3779669696], 
            [-64.4874781146232, 46.3481634369931], 
            [-64.4923884129948, 46.2870994700646], 
            [-64.4902210468638, 46.2601737680051], 
            [-64.4239679917294, 46.2654977545179], 
            [-64.2134816668454, 46.2485905000516], 
            [-64.1322279199825, 46.2187420013424], 
            [-63.950501914132, 46.1979137027553], 
            [-63.7658800912931, 46.172885570213], 
            [-63.7271103178868, 46.0810288164268], 
            [-63.9348267308688, 46.0184899613427], 
            [-63.8413601906203, 45.9767883980662], 
            [-63.8171414479194, 45.9486755909059], 
            [-63.7665365963867, 45.9050764581121], 
            [-63.6250012927754, 45.8932413799858], 
            [-63.6475832693523, 45.7749625444859], 
            [-63.7360405858044, 45.5647550094362], 
            [-63.8198574004986, 45.4063574174609], 
            [-63.9067588898109, 45.2072385232393], 
            [-64.0067455148935, 44.9696376386662], 
            [-64.2313781755623, 44.480892079506], 
            [-64.3118674986861, 44.2169680386442], 
            [-64.3226863429003, 44.1602747768595], 
            [-64.4473053988251, 44.1273505967527], 
            [-64.5967457432214, 44.0037387815196], 
            [-64.6256859266641, 44.0373284599405], 
            [-64.8299129701074, 44.0581657517481], 
            [-64.8507412686945, 44.0823395283466], 
            [-65.0099572437318, 44.1031768201542], 
            [-65.0307945355393, 44.1273505967527], 
            [-65.1900105105765, 44.1481878885603], 
            [-65.2108388091636, 44.1723706583792], 
            [-65.4150748458274, 44.1931989569664], 
            [-65.4359031444145, 44.2173817267853], 
            [-65.6955554055575, 44.2277958760789], 
            [-65.6298419436507, 44.3771103153888], 
            [-65.5326252304699, 44.7300312659303], 
            [-65.5155111319331, 44.857968820205], 
            [-65.2564704097815, 44.9815266761153], 
            [-65.1896238020967, 45.0159617172595], 
            [-65.1214282113428, 45.0490387821142], 
            [-65.0768668039598, 45.0719984739505], 
            [-64.9138017305654, 45.1511118343437], 
            [-64.4676750431686, 45.2743998936402], 
            [-64.5376422983533, 45.3416242165844], 
            [-64.4905897689026, 45.3644490101138], 
            [-64.6064404348781, 45.3866352849905], 
            [-64.69216381231, 45.2974135447993], 
            [-64.7658992268678, 45.2616385138065], 
            [-64.8513707941268, 45.3195728400146], 
            [-64.9636421583589, 45.3172795687971], 
            [-64.9863950061246, 45.3770485119793], 
            [-64.9175249238361, 45.4786449235245], 
            [-64.7850368000082, 45.5429194701575], 
            [-64.7728060201816, 45.5556538703299], 
            [-64.8538709094149, 45.6072299896723], 
            [-64.9947856808145, 45.5243934360083], 
            [-65.1935898123199, 45.4675562826964], 
            [-65.425488995121, 45.3756006034852], 
            [-65.4367215274764, 45.6313228272867], 
            [-65.4854737755942, 45.7597999747891], 
            [-65.6154887637953, 45.9673814894642], 
            [-65.743309406204, 46.038697727718], 
            [-65.8734233198303, 46.0034353102914], 
            [-66.0402655458182, 45.8743646102387], 
            [-66.5301532439769, 45.4543002757372], 
            [-66.5793551531178, 45.3203282705334], 
            [-66.5507926849344, 45.0830241622354], 
            [-66.6166320519276, 45.0588503856368], 
            [-66.8532436822501, 44.9876060931468], 
            [-66.8564272822932, 44.9479909570171], 
            [-66.8523713398654, 44.8974850309095], 
            [-66.9154497881771, 44.7967879414105], 
            [-66.9888254739164, 44.7558508018731], 
            [-67.0355092813282, 44.735022503286], 
            [-67.201119436113, 44.5931994166199], 
            [-67.4580557446768, 44.5158397342164], 
            [-67.5169703319152, 44.4474642790533], 
            [-67.6119207535399, 44.4125885701065], 
            [-67.7961288882375, 44.4459893908977], 
            [-67.8232254614858, 44.3974260004097], 
            [-67.8456725397559, 44.3471179251522], 
            [-67.9762810805074, 44.3576130134299], 
            [-68.0227490506281, 44.3036806703267], 
            [-68.1584297677196, 44.3145804535252], 
            [-68.1617842389514, 44.2728069444849], 
            [-68.1587805033175, 44.2354041405887], 
            [-68.2059499446342, 44.1947637773265], 
            [-68.2026404395046, 44.1535568411754], 
            [-68.2266613313553, 44.125677857747], 
            [-68.2837592880607, 44.1152637084535], 
            [-68.3209732343273, 44.0670510535634], 
            [-68.4365091375865, 44.0841201859978], 
            [-68.5219357387433, 44.0603331178792], 
            [-68.5176459725835, 44.0313479683342], 
            [-68.6186488315782, 43.970427892933], 
            [-68.6790652866336, 43.9900331135374], 
            [-68.7365409585983, 44.147576349569], 
            [-68.7495001892822, 44.1222784204128], 
            [-68.7418109857883, 44.0702526400474], 
            [-68.7467932299236, 44.0364920904377], 
            [-68.7373503484397, 43.9725952590641], 
            [-68.9411816901828, 44.0156098325278], 
            [-69.0044040300219, 44.1700773871618], 
            [-69.0406197288174, 44.1261994645337], 
            [-68.9941517586967, 44.0903255081158], 
            [-69.0214821556769, 43.9505258960534], 
            [-69.0827259870146, 43.9414787162698], 
            [-69.1537004828909, 43.9519648113271], 
            [-69.1938102461459, 43.9000109767253], 
            [-69.2417171315403, 43.8803967629004], 
            [-69.2751359387725, 43.8371033996023], 
            [-69.357513838193, 43.8249265790984], 
            [-69.4435969444434, 43.8587680676923], 
            [-69.4638766565824, 43.8324898775059], 
            [-69.5342935727901, 43.7903746260882], 
            [-69.5440961830923, 43.7776761987976], 
            [-69.7738639726442, 43.9396620857368], 
            [-69.9146978050596, 44.106315454095], 
            [-69.9842513721031, 44.2377603643494], 
            [-70.0908749938858, 44.463679055544], 
            [-70.2083264531033, 44.4286414686289], 
            [-70.6782312153982, 44.083985287691], 
            [-70.7702498471527, 43.9502471062191], 
            [-70.7095815819244, 43.6861701806094], 
            [-70.5862395633051, 43.5180059512137], 
            [-70.42803982218, 43.4091430175363], 
            [-70.3543223940632, 43.3950686275152], 
            [-70.4058625405237, 43.3282939655941], 
            [-70.5410935965921, 43.2906393515249], 
            [-70.5472809322691, 43.2487759102801], 
            [-70.5390791152089, 43.1932877400372], 
            [-70.6434814115378, 43.0549810025713], 
            [-70.6839149307294, 43.0237745275725], 
            [-70.7866624744935, 42.8851890002722], 
            [-70.7347985720963, 42.6989663841914], 
            [-70.6060786076416, 42.7179960386863], 
            [-70.5487828000861, 42.6737673804603], 
            [-70.5419839254178, 42.6277670578036], 
            [-70.6342004080224, 42.5721529824742], 
            [-70.7704207183414, 42.5163950156175], 
            [-70.8142446816467, 42.4596208148488], 
            [-70.8621515670411, 42.4400066010239], 
            [-70.8719541773434, 42.40479814292], 
            [-70.8345963395494, 42.3780253256083], 
            [-70.8493182414437, 42.3035254873115], 
            [-70.7463188875066, 42.2828770531336], 
            [-70.7181251413621, 42.2435497000587], 
            [-70.6787977882872, 42.2153559539142], 
            [-70.6600109507447, 42.1666306854578], 
            [-70.6112856822883, 42.1028237862888], 
            [-70.5924898515254, 42.0540985178324], 
            [-70.5657080409932, 42.0119203138715], 
            [-70.5717334987019, 41.9814602761709], 
            [-70.4999136401024, 41.929992075474], 
            [-70.4777093787848, 41.792602646495], 
            [-70.2836536676825, 41.7536979747818], 
            [-70.1180525061182, 41.7936008939662], 
            [-70.097359105838, 41.7299828524268], 
            [-70.1423701742441, 41.6977151774136], 
            [-70.1624880084148, 41.6214436746859], 
            [-70.2642912640305, 41.5945809251696], 
            [-70.2804161083167, 41.6113622745494], 
            [-70.7658431691269, 41.9088849870526], 
            [-70.8364309565234, 42.0543863008871], 
            [-70.9697644430746, 42.1447591732973], 
            [-71.0409457830214, 42.1462160750119], 
            [-71.1305542316924, 42.1232473899552], 
            [-71.4061694591531, 42.0933089590413], 
            [-71.6064484788142, 41.9251807025275], 
            [-71.7382171450052, 41.8981920479247], 
            [-71.9960078095127, 41.8478659862263], 
            [-72.0378442710962, 41.7189121980396], 
            [-72.2478179824139, 41.7146314251003], 
            [-72.4616767649707, 41.8941540919379], 
            [-72.8110184137687, 41.9657041539236], 
            [-72.9214551610268, 41.93342748569], 
            [-73.2357682161302, 41.6062811049891], 
            [-73.3315909801395, 41.6043295761491], 
            [-73.6000565973341, 41.6731277126739], 
            [-73.6460479267703, 41.6027557625684], 
            [-73.7293341414574, 41.3461162302799], 
            [-73.8292937868787, 41.250068635759], 
            [-73.938543429036, 41.0660313722501], 
            [-74.1333096045545, 41.0620563688064], 
            [-74.259349589312, 41.1554869361732], 
            [-74.421272523708, 41.2914194634376], 
            [-74.5596422137172, 41.3626997288095], 
            [-74.6825435645338, 41.322814796066], 
            [-74.7319792974066, 41.2009476656024], 
            [-74.8855835028763, 40.7993554059273], 
            [-75.0500425254421, 40.6124043389891], 
            [-75.1319437841782, 40.4435836044999], 
            [-75.1816493136648, 40.3677797492361], 
            [-75.2280093651401, 40.2993773144116], 
            [-75.2239714091531, 40.1014185456295], 
            [-75.2712217894539, 40.0522436161501], 
            [-75.3842036181024, 39.9974299374417], 
            [-75.2719592335317, 39.8949971563937], 
            [-75.1688789406106, 39.9481021232145], 
            [-75.1370879062818, 39.8501389727355], 
            [-75.0695668070624, 39.7190717777405], 
            [-75.1044694956706, 39.6415592105892], 
            [-75.336296732708, 39.4002711056271], 
            [-75.4632000666297, 39.3889846139489], 
            [-75.4857011042225, 39.3889846139489], 
            [-75.4857011042225, 39.366483576356], 
            [-75.5821354072232, 39.3374534607087], 
            [-75.6886151374786, 39.1527506988857], 
            [-75.7678723893992, 39.0409829549994], 
            [-75.8158961866596, 38.9642977641306], 
            [-75.8101135459033, 38.8923070343423], 
            [-75.6262201739218, 38.8369357759653], 
            [-75.1820450153651, 38.7788215853479], 
            [-75.0355814269412, 38.7138006014167], 
            [-75.0074776130014, 38.4279510890716], 
            [-75.0459955762348, 38.3416161726483], 
            [-75.1041007736317, 38.2374836729332], 
            [-75.165920171079, 38.0745624910662], 
            [-75.2727326504914, 37.9381803027788], 
            [-75.3287784004028, 37.8487067524148], 
            [-75.4631910734092, 37.8181747689505], 
            [-75.5624132747528, 37.6592016108658], 
            [-75.5662893527714, 37.6110069424166], 
            [-75.5631956849329, 37.5725339452854], 
            [-75.6103291533677, 37.4880606254976], 
            [-75.6311574519548, 37.4413768180858], 
            [-75.6778412593666, 37.3755284578721], 
            [-75.6986785511741, 37.3288446504603], 
            [-75.7678723893992, 37.2404952526539], 
            [-75.7939617219558, 37.1538185938531], 
            [-75.9796177651477, 37.0379409482163], 
            [-76.0644957798563, 37.2647769478979], 
            [-75.9635109073025, 37.6011054066893], 
            [-75.8610781262545, 37.7455725001709], 
            [-75.8284417292024, 37.8187053689577], 
            [-75.7477095891262, 37.8547322101235], 
            [-75.790373426992, 37.8914964953671], 
            [-75.8007875762855, 37.9035833836663], 
            [-75.8353844953981, 37.8931692343727], 
            [-75.9223219575922, 37.8612433017371], 
            [-75.9358297747243, 37.9936055204785], 
            [-75.9662718259839, 37.9673812896149], 
            [-75.9721174192834, 37.8945362038828], 
            [-75.9254156254307, 37.8108183146136], 
            [-75.997091592503, 37.7581360291545], 
            [-76.0390269795114, 37.8571963525297], 
            [-76.0361401557435, 37.8930613157272], 
            [-76.0787950003889, 37.9298166077504], 
            [-76.0839211360515, 37.9936055204785], 
            [-76.0777697732564, 38.0701917859222], 
            [-76.1054598990551, 38.0940507998047], 
            [-76.1262881976422, 38.1857456756225], 
            [-76.2022539308742, 38.2333288050804], 
            [-76.2388203652676, 38.2757768056551], 
            [-76.2832468743437, 38.3140519519361], 
            [-76.3249124647384, 38.4074195667597], 
            [-76.3409383835995, 38.421224160167], 
            [-76.3556153193914, 38.3318765148894], 
            [-76.3488614108254, 38.2861909549487], 
            [-76.3567664516104, 38.2326992796481], 
            [-76.2861247048912, 38.1374071156459], 
            [-76.3091743289321, 38.0063129409895], 
            [-76.3536368108901, 38.0259181615939], 
            [-76.418262093121, 38.0738340402089], 
            [-76.498481619631, 38.0836366505111], 
            [-76.4890837042495, 38.0480145042661], 
            [-76.4403584357931, 38.0292276667235], 
            [-76.3784131332594, 37.9899003136487], 
            [-76.2440454263553, 37.9380723841333], 
            [-76.1965072629997, 37.865497095015], 
            [-76.2781477183425, 37.7369030356466], 
            [-76.2554937960018, 37.6222574612129], 
            [-76.2713668301151, 37.5419480024984], 
            [-76.2378041313555, 37.4890768594096], 
            [-76.1991152969334, 37.3887664783903], 
            [-76.2705484470531, 37.2762433039854], 
            [-76.3184283527862, 37.2959204703535], 
            [-76.3292561902209, 37.2617372393822], 
            [-76.365229072064, 37.2283993711342], 
            [-76.24043015173, 37.1127735356702], 
            [-76.2391980805269, 37.081773904742], 
            [-76.2691185249999, 36.9964192493489], 
            [-76.1807151678706, 36.9496455097326], 
            [-76.0933730107558, 36.9461831198551], 
            [-75.9749772633899, 36.9508775809357], 
            [-75.8431276582148, 36.5747001622827], 
            [-75.7899687320712, 36.3839989224124], 
            [-75.7387163686654, 36.2089368929234], 
            [-75.767458701258, 36.1822989739186], 
            [-75.7891053829071, 36.1589345871615], 
            [-75.8124697696641, 36.1372879055125], 
            [-75.8341164513131, 36.1139235187555], 
            [-75.8574808380702, 36.0922768371065], 
            [-75.8791365129397, 36.0689124503494], 
            [-75.9025008996967, 36.0472657687004], 
            [-75.9241475813457, 36.0239013819433], 
            [-75.9475119681028, 36.0022547002943], 
            [-75.9691586497518, 35.9788903135372], 
            [-75.9925230365089, 35.9572346386677], 
            [-76.0141697181579, 35.9338702519107], 
            [-76.0375341049149, 35.9122235702616], 
            [-76.059180786564, 35.8888591835046], 
            [-76.082545173321, 35.8672125018555], 
            [-76.1041918549701, 35.8438481150985], 
            [-76.1275562417271, 35.8222014334495], 
            [-76.1492029233762, 35.7988370466924], 
            [-76.1725673101332, 35.7771903650434], 
            [-76.1942139917822, 35.7538259782863], 
            [-76.2175783785393, 35.7321792966373], 
            [-76.2392340534088, 35.7088149098803], 
            [-76.2625984401658, 35.6871682282312], 
            [-76.2842451218149, 35.6187927730681], 
            [-76.3076095085719, 35.5971370981986], 
            [-76.3292561902209, 35.5737727114415], 
            [-76.352620576978, 35.5521260297925], 
            [-76.374267258627, 35.4837505746294], 
            [-76.3976316453841, 35.4621038929803], 
            [-76.4192783270331, 35.3937284378172], 
            [-76.4426427137901, 35.3720817561682], 
            [-76.4642893954392, 35.3037063010051], 
            [-76.4876537821962, 35.282059619356], 
            [-76.5093004638452, 35.2136751709725], 
            [-76.5326648506023, 35.1920284893234], 
            [-76.5543115322513, 35.1236530341603], 
            [-76.5776759190084, 35.1020063525112], 
            [-76.617542865311, 35.0175420259438], 
            [-76.644342662284, 34.988619828942], 
            [-76.667707049041, 34.966973147293], 
            [-76.6893537306901, 34.8985976921299], 
            [-76.7127181174471, 34.8769420172604], 
            [-76.7343647990961, 34.8085665620973], 
            [-76.7577291858532, 34.7869198804482], 
            [-76.7793758675022, 34.7185444252851], 
            [-76.8027402542593, 34.696897743636], 
            [-76.8243869359083, 34.673533356879], 
            [-77.1589527234893, 34.6009131016584], 
            [-77.5640613323645, 34.3821080478482], 
            [-77.8014104067648, 34.1621968279214], 
            [-77.9514892698139, 33.8055796637706], 
            [-78.0990860040158, 33.8836767902517], 
            [-78.1864371543512, 33.8871391801292], 
            [-78.2201977039608, 33.885808183501], 
            [-78.2559817281742, 33.8872201191133], 
            [-78.4686174327483, 33.8533516508581], 
            [-78.5348525014417, 33.8183050707225], 
            [-78.6952915544616, 33.7876741618332], 
            [-78.8795446552616, 33.6525330379694], 
            [-78.9431537035805, 33.5935914710696], 
            [-79.1155267601518, 33.3896162377992], 
            [-79.146877126678, 33.2397622052616], 
            [-79.1159674279544, 33.1813602315895], 
            [-79.2825218708876, 33.0738013148788], 
            [-79.3660149296452, 32.9836982390826], 
            [-79.452691588446, 32.9871336492986], 
            [-79.5259773419807, 32.9639311405098], 
            [-79.5620581424693, 32.8874797733729], 
            [-79.6385095096061, 32.8513989728844], 
            [-79.7276772904745, 32.7830235177212], 
            [-79.8410638140437, 32.7163657676661], 
            [-79.8627104956927, 32.6704913500958], 
            [-79.9310859508559, 32.6263346376335], 
            [-79.9977886670133, 32.5804332404018], 
            [-80.0378444709455, 32.5820250404233], 
            [-80.1111302244802, 32.5588225316346], 
            [-80.1552869369425, 32.5354581448776], 
            [-80.2236623921057, 32.5138114632285], 
            [-80.306660823738, 32.4698885744982], 
            [-80.4043451843827, 32.4389608893337], 
            [-80.4012784962056, 32.3614303357415], 
            [-80.4282401711469, 32.3042964061543], 
            [-80.6215584381713, 32.2290141576773], 
            [-80.7070479918713, 32.1367527089704], 
            [-80.8313612783003, 32.0636648062859], 
            [-80.8277909697774, 31.9736336762533], 
            [-80.8880275604235, 31.9178217500738], 
            [-80.9204930862869, 31.8827751699382], 
            [-80.9886437109384, 31.8196427623037], 
            [-81.1022820446806, 31.6799960349891], 
            [-81.099889848038, 31.6194536748473], 
            [-81.1640384895846, 31.4835121543625], 
            [-81.2338888329032, 31.382005675022], 
            [-81.2580895891631, 31.2301011882193], 
            [-81.3695875364356, 31.0930894744997], 
            [-81.3931227943814, 30.8475026101574], 
            [-81.4327739033928, 30.772562104058], 
            [-81.3697224347425, 30.7141511371654], 
            [-81.4156328251947, 30.6273935393804], 
            [-81.3869174722635, 30.4715770016773], 
            [-81.3480757530935, 30.3981743362767], 
            [-81.3535256446927, 30.2608568530614], 
            [-81.2814539759202, 29.9922653307805], 
            [-81.2380347075357, 29.868410698595], 
            [-81.1974303171554, 29.6979352115409], 
            [-80.9611064698876, 29.1971837030656], 
            [-80.7188021310135, 28.821950572561], 
            [-80.5177227147315, 28.5440960332054], 
            [-80.5136307994218, 28.4409707741819], 
            [-80.582905576631, 28.3767861597535], 
            [-80.5550895457459, 28.1390503768735], 
            [-80.4945921517064, 28.0108789988668], 
            [-80.3698831635771, 27.7751846770313], 
            [-80.238015571961, 27.4173264484569], 
            [-80.1678324794853, 27.2686055616974], 
            [-80.1327858993497, 27.2023704930039], 
            [-80.1111302244802, 27.1339950378408], 
            [-80.0223581453121, 26.9178609705075], 
            [-80.0097406570056, 26.5995279458581], 
            [-80.071290257839, 26.127473803873], 
            [-80.1245571026281, 25.6269471259092], 
            [-80.1786513236996, 25.6485938075583], 
            [-80.2233836022714, 25.672263963811], 
            [-80.2344902295404, 25.6602760009368], 
            [-80.27137142665, 25.6909159030466], 
            [-80.3662139296291, 25.8446729932641], 
            [-80.4959411347755, 25.8934162481614], 
            [-80.639059245188, 25.9080032517488], 
            [-80.8112074712477, 25.8435218610451], 
            [-80.9215722727421, 25.7518449716682], 
            [-81.0267839589125, 25.5681404573163], 
            [-81.0548967660728, 25.2923363722259], 
            [-80.9996963788847, 25.0976241560301], 
            [-81.1243154348094, 25.1305483361369], 
            [-81.145152726617, 25.1547221127354], 
            [-81.1896242017954, 25.1930422251187], 
            [-81.1963960968023, 25.2773446737178], 
            [-81.1638766116163, 25.3658919223744], 
            [-81.1929247137045, 25.4309848520693], 
            [-81.3170041764016, 25.6462016109157], 
            [-81.3718808076531, 25.6706901502303], 
            [-81.4260559677087, 25.7571869446219], 
            [-81.4844129752785, 25.7832223178557], 
            [-81.6310744145525, 25.8650516308282], 
            [-81.6807349779368, 25.8074050876747], 
            [-81.7684908231928, 25.912535834861], 
            [-81.7978267083359, 26.0099593921123], 
            [-81.8340963664541, 26.1087229392123], 
            [-81.8802585670791, 26.3618101494189], 
            [-81.9601183647707, 26.4184404586603], 
            [-82.1495245808946, 26.4032149364203], 
            [-82.2122612868289, 26.4916992325336], 
            [-82.2738018944418, 26.6592878958198], 
            [-82.3224102510322, 26.8207341895313], 
            [-82.4208680286366, 26.9595985066658], 
            [-82.5751017595385, 27.247849208874], 
            [-82.7858938539181, 27.5355423314135], 
            [-82.7907411997465, 27.5957969085006], 
            [-82.7805159080826, 27.723006011918], 
            [-82.8851969942458, 27.8706477122222], 
            [-82.8554564141821, 28.0346660669855], 
            [-82.8907548044906, 28.229333317079], 
            [-82.8345651630518, 28.2606836836052], 
            [-82.7874227013965, 28.2568975377912], 
            [-82.70102483243, 28.4921781714855], 
            [-82.6921934899376, 28.602075325516], 
            [-82.7205760937117, 28.6656753806144], 
            [-82.7647058265126, 28.7447797477872], 
            [-82.7701557181118, 28.8126246029432], 
            [-82.7426544499428, 28.9131148483717], 
            [-82.8122709695295, 28.9340780452657], 
            [-82.8484327090023, 29.1322976174412], 
            [-82.9625207037674, 29.1414707023111], 
            [-82.9923242363744, 29.1157950578957], 
            [-83.0504923863145, 29.0482829518968], 
            [-83.1083727531999, 29.094427166081], 
            [-83.1018976344682, 29.1750244078502], 
            [-83.1326274687826, 29.2438854969182], 
            [-83.2104368122091, 29.2786083211172], 
            [-83.2427314668836, 29.3509857593854], 
            [-83.3194975967366, 29.4171219026538], 
            [-83.3507490378378, 29.453391560772], 
            [-83.4174607472157, 29.4831591204971], 
            [-83.4303570253564, 29.5538278468777]
          ], 
          [
            [-69.7503377079188, 47.7760620156496], 
            [-69.7322703280132, 47.7561330391085], 
            [-69.7241494499371, 47.783760212364], 
            [-69.7503377079188, 47.7760620156496]
          ], 
          [
            [-81.8626228617556, 46.1895050416244], 
            [-81.8825428450762, 46.1714376617188], 
            [-81.8549246650412, 46.1633167836428], 
            [-81.8626228617556, 46.1895050416244]
          ], 
          [
            [-64.7144849854936, 45.5648449416408], 
            [-64.6510917744658, 45.6139838982384], 
            [-64.6019528178682, 45.6323660408602], 
            [-64.5305826202916, 45.6788430042014], 
            [-64.5710880852469, 45.7068029266139], 
            [-64.645066316757, 45.6902194280842], 
            [-64.6694739170875, 45.654867078453], 
            [-64.7360417349381, 45.6089117218986], 
            [-64.7728060201816, 45.5556538703299], 
            [-64.7144849854936, 45.5648449416408]
          ], 
          [
            [-73.5276791590659, 45.5331438395166], 
            [-73.5276791590659, 45.5781639011432], 
            [-73.5951912650648, 45.5781639011432], 
            [-73.5951912650648, 45.5331438395166], 
            [-73.5276791590659, 45.5331438395166]
          ], 
          [
            [-68.2920600305459, 44.1811120686671], 
            [-68.3363336548742, 44.1418566613559], 
            [-68.2837592880607, 44.1152637084535], 
            [-68.2920600305459, 44.1811120686671]
          ], 
          [
            [-80.2569912671332, 43.5301018327335], 
            [-80.2646894638476, 43.5562900907152], 
            [-80.2846184403887, 43.5382227108095], 
            [-80.2569912671332, 43.5301018327335]
          ], 
          [
            [-79.8293816206652, 43.4175786583285], 
            [-79.7939663184907, 43.4721854929662], 
            [-79.774765792807, 43.5651034467667], 
            [-79.9333162695302, 43.652238759811], 
            [-80.0860661190561, 43.6259425831838], 
            [-80.0639338035022, 43.4973665102563], 
            [-79.9712676598746, 43.4284334754246], 
            [-79.8293816206652, 43.4175786583285]
          ], 
          [
            [-79.2667297757585, 43.3950686275152], 
            [-79.2470885822722, 43.4170570515418], 
            [-78.8272220986209, 43.4732107200987], 
            [-78.7298704871332, 43.5081403883683], 
            [-78.6934569374876, 43.6403407291414], 
            [-78.7498624162175, 43.7975422227954], 
            [-78.8349202953353, 43.9540602316944], 
            [-78.9982731517845, 44.0579589076775], 
            [-79.183668391583, 44.0083073375137], 
            [-79.3267145562317, 43.897447908894], 
            [-79.3694143669794, 43.7591681510894], 
            [-79.4361530560187, 43.6995341062141], 
            [-79.5024061111531, 43.5774151655775], 
            [-79.4415130154133, 43.4077041022626], 
            [-79.2667297757585, 43.3950686275152]
          ], 
          [
            [-78.5915457632263, 42.40479814292], 
            [-78.5809247698622, 42.4166871803691], 
            [-78.5121446197783, 42.4379291670975], 
            [-78.4401898628718, 42.4770226964404], 
            [-78.3624794448704, 42.5992225760611], 
            [-78.3333593970185, 42.8349168978966], 
            [-78.382165604459, 43.0633716772612], 
            [-78.4750116124958, 43.2342158863541], 
            [-78.63299551633, 43.3067282229292], 
            [-78.7850618811009, 43.2240895201153], 
            [-79.0152343655735, 42.966478720017], 
            [-79.1188362652813, 42.69698787569], 
            [-79.0611627424665, 42.536234059954], 
            [-78.8166640578, 42.4240166550447], 
            [-78.5915457632263, 42.40479814292]
          ], 
          [
            [-70.898142435325, 42.3970999462056], 
            [-70.8800750554194, 42.3771799628851], 
            [-70.8719541773434, 42.40479814292], 
            [-70.898142435325, 42.3970999462056]
          ], 
          [
            [-80.9321752796654, 41.977188496452], 
            [-80.9535251850392, 42.0538377144391], 
            [-81.0515872609433, 42.0995232743797], 
            [-80.9683639987994, 41.987260903368], 
            [-80.9321752796654, 41.977188496452]
          ], 
          [
            [-80.5270666707902, 40.4017651293573], 
            [-80.5409162302997, 40.5125166393315], 
            [-80.6350662553034, 40.5007984730711], 
            [-80.6242564043096, 40.4139149701998], 
            [-80.5270666707902, 40.4017651293573]
          ], 
          [
            [-79.7843705522591, 40.3567450677308], 
            [-79.7724275554872, 40.3908023936157], 
            [-79.8573685227391, 40.4350940043849], 
            [-79.9302315949121, 40.372267366246], 
            [-79.7843705522591, 40.3567450677308]
          ], 
          [
            [-76.2959273151934, 39.8391042912301], 
            [-76.2345845584306, 39.9383354857941], 
            [-76.195284185017, 40.0393653244503], 
            [-76.2466264806275, 40.1824654484218], 
            [-76.4031265030856, 40.1405480478542], 
            [-76.464091544589, 40.0415596702427], 
            [-76.4140982320477, 39.8549143728001], 
            [-76.2959273151934, 39.8391042912301]
          ], 
          [
            [-75.3956789674103, 39.6365499867925], 
            [-75.4054815777126, 39.7167695133025], 
            [-75.4818160329835, 39.8356149216914], 
            [-75.5405237761513, 39.8261360673257], 
            [-75.4899099313981, 39.6525579192127], 
            [-75.3956789674103, 39.6365499867925]
          ], 
          [
            [-75.8007875762855, 39.5915389183864], 
            [-75.7909849659833, 39.6042463388975], 
            [-75.6980670121828, 39.6238515595019], 
            [-75.6471833708159, 39.6545454209345], 
            [-75.6627506354334, 39.7599189850732], 
            [-75.8101585120057, 39.7813947955335], 
            [-75.837587834411, 39.619948501822], 
            [-75.8007875762855, 39.5915389183864]
          ], 
          [
            [-94.435828550647, 39.0063860358869], 
            [-94.4250007132123, 39.0180682292654], 
            [-94.3679387293888, 39.0709393723542], 
            [-94.6121496310006, 39.3401154539651], 
            [-94.7008317779641, 39.3773024205704], 
            [-94.8378344984633, 39.3292876165303], 
            [-94.9798554359795, 39.2315582897833], 
            [-95.009299239768, 39.1052664948529], 
            [-94.8586987699322, 39.0080138087903], 
            [-94.604505393609, 39.0180862157064], 
            [-94.435828550647, 39.0063860358869]
          ], 
          [
            [-76.228406215974, 38.6462884954178], 
            [-76.2697840233139, 38.6998880893639], 
            [-76.3057299254956, 38.6594185972905], 
            [-76.228406215974, 38.6462884954178]
          ], 
          [
            [-76.3698605806012, 38.4999957781827], 
            [-76.3220975867342, 38.6300557324861], 
            [-76.3863181740444, 38.6853910179812], 
            [-76.4272912864636, 38.7588206630432], 
            [-76.3962287029922, 38.8144976909158], 
            [-76.4084594828188, 38.9388649366676], 
            [-76.3859494520055, 38.9388649366676], 
            [-76.3859494520055, 38.9613749674808], 
            [-76.3712725162136, 39.1105904813657], 
            [-76.4277409474867, 39.3591181287987], 
            [-76.4818351685581, 39.4219087940557], 
            [-76.6733727779313, 39.3678055797638], 
            [-76.7334205109478, 39.3160765756735], 
            [-76.7360735109837, 39.2829995108189], 
            [-76.6456017131485, 39.120842752691], 
            [-76.7136624055955, 39.0634839925922], 
            [-76.8201691155122, 39.0882783014026], 
            [-76.948655256235, 39.1354657291602], 
            [-77.0006720433801, 39.0189045987683], 
            [-77.1165586822373, 38.9463203164295], 
            [-77.0887786242341, 38.8902475868567], 
            [-76.9831982160248, 38.8817669799623], 
            [-76.9711113277255, 38.8713438374482], 
            [-76.932044778044, 38.8225646096691], 
            [-76.733249639759, 38.7138275810781], 
            [-76.6235323501378, 38.6812901094511], 
            [-76.498481619631, 38.7813217006361], 
            [-76.4756208532198, 38.507828873204], 
            [-76.3934497978698, 38.437034241737], 
            [-76.3409383835995, 38.421224160167], 
            [-76.3698605806012, 38.4999957781827]
          ], 
          [
            [-76.5061798163454, 38.1098159152724], 
            [-76.526099799666, 38.0917575285871], 
            [-76.498481619631, 38.0836366505111], 
            [-76.5061798163454, 38.1098159152724]
          ], 
          [
            [-75.9225108152219, 38.0028055850098], 
            [-75.9041286726001, 38.0741128300431], 
            [-75.9900319144413, 38.075632684301], 
            [-75.9358297747243, 37.9936055204785], 
            [-75.9225108152219, 38.0028055850098]
          ], 
          [
            [-75.752098280711, 37.933791611194], 
            [-75.7701656606167, 37.9537115945146], 
            [-75.7782865386927, 37.9260934144796], 
            [-75.752098280711, 37.933791611194]
          ], 
          [
            [-75.7782865386927, 37.9035833836663], 
            [-75.7782865386927, 37.9260934144796], 
            [-75.8007875762855, 37.9260934144796], 
            [-75.8007875762855, 37.9035833836663], 
            [-75.7782865386927, 37.9035833836663]
          ], 
          [
            [-76.3465771328284, 37.3472807524048], 
            [-76.3714074145205, 37.3073148806773], 
            [-76.3184283527862, 37.2959204703535], 
            [-76.3465771328284, 37.3472807524048]
          ], 
          [
            [-84.2405742431068, 35.4504216996019], 
            [-84.183467293181, 35.5733680165208], 
            [-84.1422333773684, 35.7103257709177], 
            [-84.2108246698226, 35.8971059666671], 
            [-84.327610630726, 35.8877260377266], 
            [-84.4570590460381, 35.795941229704], 
            [-84.5435648336501, 35.66899292968], 
            [-84.3710119126696, 35.4674908320363], 
            [-84.2405742431068, 35.4504216996019]
          ], 
          [
            [-76.498481619631, 35.3378895319764], 
            [-76.5061798163454, 35.3640777899581], 
            [-76.526099799666, 35.3460104100525], 
            [-76.498481619631, 35.3378895319764]
          ], 
          [
            [-79.6718383846337, 34.8202487554757], 
            [-79.6616220861903, 34.8325424878456], 
            [-79.5116511417867, 34.859270339055], 
            [-79.4589328834458, 34.922744489067], 
            [-79.3784075874402, 35.1377184309609], 
            [-79.3465356141272, 35.4102669702445], 
            [-79.4265482965666, 35.5499586636615], 
            [-79.4916052533797, 35.6039989254102], 
            [-79.6856969373637, 35.6609529905881], 
            [-79.9124250183998, 35.6378494072245], 
            [-80.064653261139, 35.5506601348574], 
            [-80.125042736533, 35.5302365311911], 
            [-80.334728664796, 35.6652697364093], 
            [-80.4156856353837, 35.7003792690881], 
            [-80.570180169679, 35.6846321400613], 
            [-80.6047950752325, 35.582505128509], 
            [-80.5493788507533, 35.4350163129525], 
            [-80.4322151745906, 35.3376916811263], 
            [-80.2787458674278, 35.2711328564962], 
            [-80.224273931097, 35.1455515259822], 
            [-80.1836605474962, 35.0746399826491], 
            [-80.0640956814705, 34.9896990153973], 
            [-79.877998970476, 34.8834441156535], 
            [-79.7045557206699, 34.8325424878456], 
            [-79.6718383846337, 34.8202487554757]
          ], 
          [
            [-81.8774346958545, 34.3701290781945], 
            [-81.8670205465609, 34.3822249597142], 
            [-81.7978267083359, 34.4030532583013], 
            [-81.6380351671892, 34.4739827880753], 
            [-81.4718854191767, 34.6668334076357], 
            [-81.4288168863901, 34.8564374746098], 
            [-81.4437366391345, 35.0421294906835], 
            [-81.4933432431961, 35.22338784907], 
            [-81.7018240799173, 35.4030004481123], 
            [-81.8809240653932, 35.4383348113026], 
            [-82.0735768341036, 35.3856075597412], 
            [-82.1680865879256, 35.3185990740881], 
            [-82.2479463856171, 35.1903737367586], 
            [-82.1687610794602, 34.8496385999415], 
            [-82.1145859194046, 34.5380864635196], 
            [-82.0881728309113, 34.4415802147552], 
            [-82.0223964164614, 34.3849139326319], 
            [-81.8774346958545, 34.3701290781945]
          ], 
          [
            [-79.5593062170083, 32.9522489471313], 
            [-79.5670044137227, 32.9784282118925], 
            [-79.5869243970432, 32.9603698252074], 
            [-79.5593062170083, 32.9522489471313]
          ]
        ]
      }, 
      "properties" : {
        "OBJECTID" : 191, 
        "Id" : 191, 
        "gridcode" : 1, 
        "Timestamp" : 1786053600000, 
        "Unixtime" : 1786053600, 
        "Shape__Area" : 3974445189565.1211, 
        "Shape__Length" : 32448408.060883529
      }
    }, 
    {
      "type" : "Feature", 
      "id" : 192, 
      "geometry" : 
      {
        "type" : "Polygon", 
        "coordinates" : 
        [
          [
            [-80.9996963788847, 25.0976241560301], 
            [-81.0548967660728, 25.2923363722259], 
            [-81.0267839589125, 25.5681404573163], 
            [-80.9215722727421, 25.7518449716682], 
            [-80.8112074712477, 25.8435218610451], 
            [-80.639059245188, 25.9080032517488], 
            [-80.4959411347755, 25.8934162481614], 
            [-80.3662139296291, 25.8446729932641], 
            [-80.27137142665, 25.6909159030466], 
            [-80.2344902295404, 25.6602760009368], 
            [-80.2430697618599, 25.6238444648503], 
            [-80.2709217656269, 25.5841753693979], 
            [-80.3018584440119, 25.493379815626], 
            [-80.2769202436742, 25.4133221670844], 
            [-80.2243458768607, 25.4502393370758], 
            [-80.2010264562059, 25.5492726807896], 
            [-80.166969130321, 25.5702538641246], 
            [-80.166969130321, 25.5477438333114], 
            [-80.1444680927282, 25.5477438333114], 
            [-80.1615731980446, 25.4225492112771], 
            [-80.3768349229932, 25.0891975084583], 
            [-80.4037156589504, 25.0642952810025], 
            [-80.4253623405994, 25.0409308942454], 
            [-80.4487267273565, 25.0192842125964], 
            [-80.5110947112519, 24.9519699574477], 
            [-80.6058382888059, 24.9482107912951], 
            [-80.6958604256181, 24.951781099818], 
            [-80.7621854265162, 24.9491550794434], 
            [-80.7854598810686, 24.9742731441903], 
            [-80.8538353362317, 24.9959198258394], 
            [-80.8754820178808, 25.0192842125964], 
            [-80.9242882253213, 25.0423158501964], 
            [-80.965504154693, 25.0867963185953], 
            [-80.9996963788847, 25.0976241560301]
          ]
        ]
      }, 
      "properties" : {
        "OBJECTID" : 192, 
        "Id" : 192, 
        "gridcode" : 2, 
        "Timestamp" : 1786053600000, 
        "Unixtime" : 1786053600, 
        "Shape__Area" : 8610583442.9023438, 
        "Shape__Length" : 389751.47311755887
      }
    }, 
    {
      "type" : "Feature", 
      "id" : 193, 
      "geometry" : 
      {
        "type" : "Polygon", 
        "coordinates" : 
        [
          [
            [-101.57025826081, 21.0240190432443], 
            [-101.669471468933, 21.0353055349226], 
            [-101.647599956773, 21.118052156382], 
            [-101.588775301739, 21.1312362175775], 
            [-101.55621085045, 21.0812249185952], 
            [-101.57025826081, 21.0240190432443]
          ]
        ]
      }, 
      "properties" : {
        "OBJECTID" : 193, 
        "Id" : 193, 
        "gridcode" : 1, 
        "Timestamp" : 1786053600000, 
        "Unixtime" : 1786053600, 
        "Shape__Area" : 116688017.97265625, 
        "Shape__Length" : 42011.148781216521
      }
    }, 
    {
      "type" : "Feature", 
      "id" : 194, 
      "geometry" : 
      {
        "type" : "Polygon", 
        "coordinates" : 
        [
          [
            [-101.097628552715, 20.84397476962], 
            [-101.279462477211, 20.8571138647131], 
            [-101.378324949737, 21.0948046814909], 
            [-101.296522616426, 21.279255633141], 
            [-101.124797071727, 21.3408771797381], 
            [-100.99915278867, 21.2286148087266], 
            [-100.989179307179, 21.0611970166291], 
            [-101.025781714455, 20.942639391295], 
            [-101.097628552715, 20.84397476962]
          ]
        ]
      }, 
      "properties" : {
        "OBJECTID" : 194, 
        "Id" : 194, 
        "gridcode" : 1, 
        "Timestamp" : 1786053600000, 
        "Unixtime" : 1786053600, 
        "Shape__Area" : 1898113516.3535156, 
        "Shape__Length" : 163339.43780607983
      }
    }, 
    {
      "type" : "Feature", 
      "id" : 195, 
      "geometry" : 
      {
        "type" : "Polygon", 
        "coordinates" : 
        [
          [
            [-101.412715024778, 20.5063872599641], 
            [-101.512746615964, 20.5349857010294], 
            [-101.487655530878, 20.6276428514365], 
            [-101.377704417525, 20.6514299195552], 
            [-101.260603693905, 20.6964409879613], 
            [-101.281701789106, 20.5925872780805], 
            [-101.355203379932, 20.5388977519298], 
            [-101.402705570406, 20.5188788431842], 
            [-101.412715024778, 20.5063872599641]
          ]
        ]
      }, 
      "properties" : {
        "OBJECTID" : 195, 
        "Id" : 195, 
        "gridcode" : 1, 
        "Timestamp" : 1786053600000, 
        "Unixtime" : 1786053600, 
        "Shape__Area" : 348178079.62890625, 
        "Shape__Length" : 80272.610698107659
      }
    }, 
    {
      "type" : "Feature", 
      "id" : 196, 
      "geometry" : 
      {
        "type" : "Polygon", 
        "coordinates" : 
        [
          [
            [-98.329380396588, 19.9887464834635], 
            [-103.910887777249, 19.9887464834635], 
            [-103.910887777249, 20.0337575518696], 
            [-103.955898845655, 20.0337575518696], 
            [-103.955898845655, 20.0787686202757], 
            [-104.000909914061, 20.0787686202757], 
            [-104.000909914061, 20.1687907570878], 
            [-104.045920982467, 20.1687907570878], 
            [-104.045920982467, 20.2588128939], 
            [-104.090941044094, 20.2588128939], 
            [-104.090941044094, 20.7989637012139], 
            [-104.045920982467, 20.7989637012139], 
            [-104.045920982467, 20.8889858380261], 
            [-104.000909914061, 20.8889858380261], 
            [-104.000909914061, 20.9790079748382], 
            [-103.955898845655, 20.9790079748382], 
            [-103.955898845655, 21.0240190432443], 
            [-103.910887777249, 21.0240190432443], 
            [-103.910887777249, 21.114050173277], 
            [-103.865876708843, 21.114050173277], 
            [-103.865876708843, 21.159061241683], 
            [-103.775854572031, 21.159061241683], 
            [-103.775854572031, 21.2040723100891], 
            [-103.730843503625, 21.2040723100891], 
            [-103.730843503625, 21.2490833784952], 
            [-103.685823441998, 21.2490833784952], 
            [-103.685823441998, 21.2940944469013], 
            [-103.595801305186, 21.2940944469013], 
            [-103.595801305186, 21.3391055153074], 
            [-103.460768099968, 21.3391055153074], 
            [-103.460768099968, 21.3841165837134], 
            [-103.280714833123, 21.3841165837134], 
            [-103.280714833123, 21.42913664534], 
            [-103.010648422687, 21.42913664534], 
            [-103.010648422687, 21.474147713746], 
            [-102.785584087436, 21.474147713746], 
            [-102.785584087436, 21.5191587821521], 
            [-102.650550882217, 21.5191587821521], 
            [-102.650550882217, 21.5641698505582], 
            [-102.560519752185, 21.5641698505582], 
            [-102.560519752185, 21.6091809189643], 
            [-102.515508683779, 21.6091809189643], 
            [-102.515508683779, 21.6541919873704], 
            [-102.425486546967, 21.6541919873704], 
            [-102.425486546967, 21.6992030557765], 
            [-102.335464410154, 21.6992030557765], 
            [-102.335464410154, 21.7442141241826], 
            [-102.290453341748, 21.7442141241826], 
            [-102.290453341748, 21.7892341858091], 
            [-102.200422211716, 21.7892341858091], 
            [-102.200422211716, 21.8342452542152], 
            [-102.110400074903, 21.8342452542152], 
            [-102.110400074903, 21.8792563226212], 
            [-102.020377938091, 21.8792563226212], 
            [-102.020377938091, 21.9242673910273], 
            [-101.885344732873, 21.9242673910273], 
            [-101.885344732873, 21.9692784594334], 
            [-101.750302534434, 21.9692784594334], 
            [-101.750302534434, 22.0142895278395], 
            [-101.525247192404, 22.0142895278395], 
            [-101.525247192404, 22.0593005962456], 
            [-101.210160720341, 22.0593005962456], 
            [-101.210160720341, 22.1043116646517], 
            [-100.805052111466, 22.1043116646517], 
            [-100.805052111466, 22.1493317262782], 
            [-100.579987776215, 22.1493317262782], 
            [-100.579987776215, 22.1043116646517], 
            [-100.354923440964, 22.1043116646517], 
            [-100.354923440964, 22.0593005962456], 
            [-100.219890235746, 22.0593005962456], 
            [-100.219890235746, 22.0142895278395], 
            [-100.129868098934, 22.0142895278395], 
            [-100.129868098934, 21.9692784594334], 
            [-100.039845962121, 21.9692784594334], 
            [-100.039845962121, 21.9242673910273], 
            [-99.9948259004948, 21.9242673910273], 
            [-99.9948259004948, 21.8792563226212], 
            [-99.9498148320887, 21.8792563226212], 
            [-99.9498148320887, 21.8342452542152], 
            [-99.9048037636827, 21.8342452542152], 
            [-99.9048037636827, 21.7892341858091], 
            [-99.8597926952766, 21.7892341858091], 
            [-99.8597926952766, 21.7442141241826], 
            [-99.8147816268705, 21.7442141241826], 
            [-99.8147816268705, 21.6541919873704], 
            [-99.7697705584645, 21.6541919873704], 
            [-99.7697705584645, 21.6091809189643], 
            [-99.7247594900584, 21.6091809189643], 
            [-99.7247594900584, 21.5191587821521], 
            [-99.6797484216523, 21.5191587821521], 
            [-99.6797484216523, 21.3841165837134], 
            [-99.6347283600257, 21.3841165837134], 
            [-99.6347283600257, 21.2490833784952], 
            [-99.5897172916197, 21.2490833784952], 
            [-99.5897172916197, 21.0690391048709], 
            [-99.5447062232136, 21.0690391048709], 
            [-99.5447062232136, 20.9339969064322], 
            [-99.4996951548075, 20.9339969064322], 
            [-99.4996951548075, 20.84397476962], 
            [-99.4546840864014, 20.84397476962], 
            [-99.4546840864014, 20.7539526328079], 
            [-99.4096730179953, 20.7539526328079], 
            [-99.4096730179953, 20.7089415644018], 
            [-99.3646619495892, 20.7089415644018], 
            [-99.3646619495892, 20.6639304959957], 
            [-99.3196508811832, 20.6639304959957], 
            [-99.3196508811832, 20.6189104343691], 
            [-99.2296197511506, 20.6189104343691], 
            [-99.2296197511506, 20.573899365963], 
            [-99.1395976143384, 20.573899365963], 
            [-99.1395976143384, 20.528888297557], 
            [-99.0495754775262, 20.528888297557], 
            [-99.0495754775262, 20.4838772291509], 
            [-98.959553340714, 20.4838772291509], 
            [-98.959553340714, 20.4388661607448], 
            [-98.8695222106814, 20.4388661607448], 
            [-98.8695222106814, 20.3938550923387], 
            [-98.7795000738693, 20.3938550923387], 
            [-98.7795000738693, 20.3488440239326], 
            [-98.6894779370571, 20.3488440239326], 
            [-98.6894779370571, 20.3038329555266], 
            [-98.5994558002449, 20.3038329555266], 
            [-98.5994558002449, 20.2588128939], 
            [-98.5544447318388, 20.2588128939], 
            [-98.5544447318388, 20.2138018254939], 
            [-98.5094246702123, 20.2138018254939], 
            [-98.5094246702123, 20.1687907570878], 
            [-98.4644136018062, 20.1687907570878], 
            [-98.4644136018062, 20.1237796886818], 
            [-98.4194025334002, 20.1237796886818], 
            [-98.4194025334002, 20.0787686202757], 
            [-98.3743914649941, 20.0787686202757], 
            [-98.3743914649941, 20.0337575518696], 
            [-98.329380396588, 20.0337575518696], 
            [-98.329380396588, 19.9887464834635]
          ], 
          [
            [-101.57025826081, 21.0240190432443], 
            [-101.55621085045, 21.0812249185952], 
            [-101.588775301739, 21.1312362175775], 
            [-101.647599956773, 21.118052156382], 
            [-101.669471468933, 21.0353055349226], 
            [-101.57025826081, 21.0240190432443]
          ], 
          [
            [-101.097628552715, 20.84397476962], 
            [-101.025781714455, 20.942639391295], 
            [-100.989179307179, 21.0611970166291], 
            [-100.99915278867, 21.2286148087266], 
            [-101.124797071727, 21.3408771797381], 
            [-101.296522616426, 21.279255633141], 
            [-101.378324949737, 21.0948046814909], 
            [-101.279462477211, 20.8571138647131], 
            [-101.097628552715, 20.84397476962]
          ], 
          [
            [-101.412715024778, 20.5063872599641], 
            [-101.402705570406, 20.5188788431842], 
            [-101.355203379932, 20.5388977519298], 
            [-101.281701789106, 20.5925872780805], 
            [-101.260603693905, 20.6964409879613], 
            [-101.377704417525, 20.6514299195552], 
            [-101.487655530878, 20.6276428514365], 
            [-101.512746615964, 20.5349857010294], 
            [-101.412715024778, 20.5063872599641]
          ]
        ]
      }, 
      "properties" : {
        "OBJECTID" : 196, 
        "Id" : 196, 
        "gridcode" : 2, 
        "Timestamp" : 1786053600000, 
        "Unixtime" : 1786053600, 
        "Shape__Area" : 109628562430.56836, 
        "Shape__Length" : 2083903.0263732052
      }
    }
  ]
}